customer_id,acquired_date,city,segment
C00001,2026-06-13,Bengaluru,Occasional
C00002,2026-03-04,Delhi NCR,Occasional
C00003,2026-06-23,Pune,Occasional
C00004,2026-06-01,Mumbai,New
C00005,2026-02-25,Delhi NCR,Occasional
C00006,2026-05-24,Delhi NCR,Occasional
C00007,2026-05-20,Mumbai,Occasional
C00008,2026-03-13,Jaipur,New
C00009,2026-02-10,Pune,New
C00010,2026-02-09,Delhi NCR,Occasional
C00011,2026-01-27,Bengaluru,New
C00012,2026-03-30,Hyderabad,Loyal
C00013,2026-04-28,Hyderabad,High Value
C00014,2026-04-07,Bengaluru,New
C00015,2026-06-10,Hyderabad,Loyal
C00016,2026-05-28,Delhi NCR,New
C00017,2026-06-19,Delhi NCR,New
C00018,2026-01-21,Lucknow,Loyal
C00019,2026-04-08,Delhi NCR,Occasional
C00020,2026-04-04,Bengaluru,New
C00021,2026-06-21,Delhi NCR,Loyal
C00022,2026-06-15,Bengaluru,Occasional
C00023,2026-05-17,Pune,New
C00024,2026-04-08,Delhi NCR,Loyal
C00025,2026-06-26,Hyderabad,Occasional
C00026,2026-01-15,Delhi NCR,New
C00027,2026-03-22,Mumbai,New
C00028,2026-05-26,Lucknow,New
C00029,2026-06-17,Mumbai,Loyal
C00030,2026-06-14,Mumbai,New
C00031,2026-03-05,Pune,Occasional
C00032,2026-05-30,Mumbai,Occasional
C00033,2026-04-03,Delhi NCR,High Value
C00034,2026-05-11,Mumbai,Occasional
C00035,2026-01-29,Bengaluru,New
C00036,2026-06-24,Mumbai,New
C00037,2026-04-08,Hyderabad,Occasional
C00038,2026-03-06,Indore,Loyal
C00039,2026-01-03,Pune,New
C00040,2026-05-18,Pune,Occasional
C00041,2026-03-29,Bengaluru,Occasional
C00042,2026-04-27,Bengaluru,Occasional
C00043,2026-03-09,Indore,Occasional
C00044,2026-05-10,Lucknow,Loyal
C00045,2026-03-18,Lucknow,Occasional
C00046,2026-02-20,Bengaluru,Occasional
C00047,2026-05-19,Indore,Loyal
C00048,2026-01-01,Hyderabad,Occasional
C00049,2026-01-29,Indore,Loyal
C00050,2026-03-20,Delhi NCR,New
C00051,2026-05-26,Indore,New
C00052,2026-05-05,Jaipur,High Value
C00053,2026-05-17,Jaipur,New
C00054,2026-05-02,Indore,New
C00055,2026-05-16,Lucknow,Occasional
C00056,2026-02-24,Indore,Occasional
C00057,2026-06-26,Delhi NCR,New
C00058,2026-06-21,Hyderabad,Occasional
C00059,2026-05-13,Mumbai,New
C00060,2026-01-17,Delhi NCR,Occasional
C00061,2026-02-28,Hyderabad,New
C00062,2026-06-11,Bengaluru,New
C00063,2026-01-09,Lucknow,New
C00064,2026-03-02,Delhi NCR,Occasional
C00065,2026-05-19,Bengaluru,Loyal
C00066,2026-05-27,Hyderabad,New
C00067,2026-05-02,Jaipur,New
C00068,2026-01-25,Hyderabad,New
C00069,2026-04-16,Mumbai,Occasional
C00070,2026-06-22,Hyderabad,Occasional
C00071,2026-01-16,Mumbai,New
C00072,2026-01-28,Delhi NCR,New
C00073,2026-04-25,Bengaluru,New
C00074,2026-04-29,Delhi NCR,Loyal
C00075,2026-04-24,Jaipur,Loyal
C00076,2026-01-26,Bengaluru,High Value
C00077,2026-01-04,Indore,Loyal
C00078,2026-03-02,Bengaluru,Occasional
C00079,2026-02-24,Lucknow,Loyal
C00080,2026-02-12,Mumbai,High Value
C00081,2026-03-09,Indore,Loyal
C00082,2026-03-15,Mumbai,High Value
C00083,2026-05-23,Pune,Occasional
C00084,2026-02-18,Delhi NCR,High Value
C00085,2026-05-29,Pune,New
C00086,2026-03-22,Bengaluru,Occasional
C00087,2026-05-09,Lucknow,Occasional
C00088,2026-01-15,Indore,New
C00089,2026-02-17,Bengaluru,New
C00090,2026-03-02,Mumbai,Loyal
C00091,2026-05-26,Delhi NCR,Occasional
C00092,2026-06-08,Bengaluru,Occasional
C00093,2026-05-25,Mumbai,Loyal
C00094,2026-02-22,Pune,New
C00095,2026-03-09,Mumbai,Occasional
C00096,2026-03-18,Mumbai,Loyal
C00097,2026-01-19,Bengaluru,Occasional
C00098,2026-05-25,Indore,New
C00099,2026-02-24,Mumbai,New
C00100,2026-03-31,Lucknow,Loyal
C00101,2026-04-05,Delhi NCR,Occasional
C00102,2026-05-20,Pune,Occasional
C00103,2026-06-17,Mumbai,Occasional
C00104,2026-05-22,Delhi NCR,Occasional
C00105,2026-02-04,Delhi NCR,Loyal
C00106,2026-05-22,Bengaluru,New
C00107,2026-02-23,Pune,New
C00108,2026-06-12,Lucknow,Occasional
C00109,2026-03-06,Lucknow,Loyal
C00110,2026-01-24,Hyderabad,Loyal
C00111,2026-01-12,Bengaluru,Loyal
C00112,2026-06-13,Indore,New
C00113,2026-04-24,Hyderabad,Occasional
C00114,2026-01-03,Bengaluru,Loyal
C00115,2026-06-26,Lucknow,Occasional
C00116,2026-04-05,Hyderabad,New
C00117,2026-02-02,Bengaluru,New
C00118,2026-01-11,Lucknow,New
C00119,2026-03-05,Pune,New
C00120,2026-05-24,Lucknow,New
C00121,2026-06-08,Pune,Loyal
C00122,2026-03-02,Lucknow,High Value
C00123,2026-02-15,Lucknow,New
C00124,2026-03-27,Jaipur,New
C00125,2026-06-21,Lucknow,Loyal
C00126,2026-03-10,Bengaluru,Occasional
C00127,2026-04-08,Lucknow,Loyal
C00128,2026-02-26,Delhi NCR,Loyal
C00129,2026-03-31,Delhi NCR,Loyal
C00130,2026-02-28,Delhi NCR,Occasional
C00131,2026-04-13,Delhi NCR,Loyal
C00132,2026-03-13,Delhi NCR,Occasional
C00133,2026-06-23,Indore,Occasional
C00134,2026-01-08,Bengaluru,High Value
C00135,2026-02-15,Hyderabad,High Value
C00136,2026-01-10,Bengaluru,Occasional
C00137,2026-03-22,Mumbai,High Value
C00138,2026-01-30,Mumbai,Occasional
C00139,2026-03-07,Bengaluru,Occasional
C00140,2026-05-14,Indore,Occasional
C00141,2026-06-21,Delhi NCR,Occasional
C00142,2026-06-20,Indore,Occasional
C00143,2026-06-19,Lucknow,Occasional
C00144,2026-03-18,Mumbai,Occasional
C00145,2026-03-25,Mumbai,New
C00146,2026-02-02,Delhi NCR,Occasional
C00147,2026-04-08,Pune,Loyal
C00148,2026-06-07,Hyderabad,New
C00149,2026-01-01,Delhi NCR,New
C00150,2026-05-29,Hyderabad,New
C00151,2026-04-24,Mumbai,New
C00152,2026-05-02,Jaipur,High Value
C00153,2026-02-13,Hyderabad,New
C00154,2026-06-19,Hyderabad,New
C00155,2026-03-02,Pune,New
C00156,2026-02-20,Bengaluru,New
C00157,2026-05-02,Hyderabad,Occasional
C00158,2026-04-27,Mumbai,Occasional
C00159,2026-02-19,Pune,New
C00160,2026-04-13,Delhi NCR,Occasional
C00161,2026-01-02,Lucknow,Loyal
C00162,2026-01-28,Jaipur,New
C00163,2026-06-28,Mumbai,New
C00164,2026-03-05,Lucknow,New
C00165,2026-02-04,Jaipur,Occasional
C00166,2026-05-24,Hyderabad,High Value
C00167,2026-04-24,Hyderabad,Occasional
C00168,2026-05-10,Mumbai,Loyal
C00169,2026-04-25,Lucknow,Occasional
C00170,2026-05-02,Mumbai,Occasional
C00171,2026-06-13,Delhi NCR,Loyal
C00172,2026-05-05,Hyderabad,New
C00173,2026-01-20,Pune,New
C00174,2026-03-27,Delhi NCR,Occasional
C00175,2026-02-05,Bengaluru,New
C00176,2026-02-09,Pune,New
C00177,2026-04-15,Delhi NCR,Occasional
C00178,2026-01-16,Delhi NCR,Occasional
C00179,2026-05-30,Indore,New
C00180,2026-05-28,Mumbai,New
C00181,2026-04-01,Delhi NCR,New
C00182,2026-04-18,Hyderabad,Occasional
C00183,2026-06-04,Lucknow,Occasional
C00184,2026-03-11,Mumbai,New
C00185,2026-03-28,Pune,Loyal
C00186,2026-02-12,Lucknow,Loyal
C00187,2026-06-09,Hyderabad,Loyal
C00188,2026-06-01,Hyderabad,New
C00189,2026-06-14,Mumbai,Loyal
C00190,2026-02-16,Bengaluru,New
C00191,2026-02-24,Mumbai,New
C00192,2026-04-08,Delhi NCR,High Value
C00193,2026-04-18,Delhi NCR,New
C00194,2026-01-05,Pune,New
C00195,2026-03-31,Delhi NCR,New
C00196,2026-06-16,Bengaluru,New
C00197,2026-03-05,Delhi NCR,New
C00198,2026-02-09,Delhi NCR,Occasional
C00199,2026-01-30,Hyderabad,New
C00200,2026-06-29,Delhi NCR,New
C00201,2026-06-05,Hyderabad,Occasional
C00202,2026-01-30,Jaipur,New
C00203,2026-03-21,Bengaluru,New
C00204,2026-03-21,Hyderabad,Loyal
C00205,2026-04-07,Mumbai,Occasional
C00206,2026-01-20,Hyderabad,Loyal
C00207,2026-03-04,Bengaluru,Loyal
C00208,2026-06-25,Hyderabad,New
C00209,2026-05-25,Jaipur,New
C00210,2026-04-20,Pune,New
C00211,2026-06-15,Delhi NCR,Loyal
C00212,2026-05-06,Bengaluru,High Value
C00213,2026-06-12,Lucknow,Occasional
C00214,2026-02-09,Mumbai,Occasional
C00215,2026-06-16,Delhi NCR,Loyal
C00216,2026-05-18,Jaipur,Occasional
C00217,2026-06-01,Delhi NCR,Loyal
C00218,2026-01-23,Delhi NCR,Occasional
C00219,2026-04-29,Hyderabad,Occasional
C00220,2026-03-28,Bengaluru,Loyal
C00221,2026-02-16,Mumbai,New
C00222,2026-03-08,Delhi NCR,Loyal
C00223,2026-06-29,Lucknow,Occasional
C00224,2026-05-13,Indore,New
C00225,2026-04-15,Mumbai,Occasional
C00226,2026-06-26,Mumbai,Occasional
C00227,2026-04-25,Jaipur,New
C00228,2026-02-26,Mumbai,New
C00229,2026-06-19,Hyderabad,Occasional
C00230,2026-05-16,Delhi NCR,High Value
C00231,2026-05-21,Delhi NCR,Occasional
C00232,2026-03-11,Delhi NCR,New
C00233,2026-02-19,Delhi NCR,Occasional
C00234,2026-06-26,Bengaluru,New
C00235,2026-05-04,Delhi NCR,Occasional
C00236,2026-05-15,Hyderabad,High Value
C00237,2026-02-19,Delhi NCR,New
C00238,2026-03-19,Bengaluru,Occasional
C00239,2026-03-12,Bengaluru,New
C00240,2026-03-16,Pune,New
C00241,2026-05-06,Bengaluru,New
C00242,2026-03-14,Mumbai,Occasional
C00243,2026-02-17,Indore,New
C00244,2026-05-03,Bengaluru,New
C00245,2026-05-06,Bengaluru,Occasional
C00246,2026-01-14,Bengaluru,Loyal
C00247,2026-03-19,Bengaluru,New
C00248,2026-05-23,Jaipur,Occasional
C00249,2026-06-08,Delhi NCR,Occasional
C00250,2026-04-26,Lucknow,New
C00251,2026-05-31,Indore,New
C00252,2026-06-08,Bengaluru,High Value
C00253,2026-01-26,Indore,New
C00254,2026-02-24,Delhi NCR,New
C00255,2026-03-03,Bengaluru,New
C00256,2026-01-01,Mumbai,Occasional
C00257,2026-05-01,Delhi NCR,New
C00258,2026-03-14,Pune,Occasional
C00259,2026-06-25,Delhi NCR,New
C00260,2026-06-10,Hyderabad,Loyal
C00261,2026-02-20,Mumbai,Occasional
C00262,2026-06-15,Bengaluru,New
C00263,2026-02-06,Bengaluru,New
C00264,2026-03-20,Hyderabad,Loyal
C00265,2026-03-15,Mumbai,Occasional
C00266,2026-03-19,Pune,Loyal
C00267,2026-05-09,Hyderabad,Occasional
C00268,2026-06-03,Bengaluru,Occasional
C00269,2026-03-24,Hyderabad,New
C00270,2026-02-28,Indore,Loyal
C00271,2026-05-28,Hyderabad,New
C00272,2026-06-22,Jaipur,Occasional
C00273,2026-02-14,Mumbai,Occasional
C00274,2026-03-13,Bengaluru,Occasional
C00275,2026-06-12,Jaipur,High Value
C00276,2026-05-01,Delhi NCR,New
C00277,2026-06-21,Bengaluru,New
C00278,2026-04-16,Pune,New
C00279,2026-04-13,Jaipur,Occasional
C00280,2026-04-27,Bengaluru,New
C00281,2026-01-30,Indore,New
C00282,2026-05-12,Jaipur,New
C00283,2026-05-19,Mumbai,New
C00284,2026-05-13,Delhi NCR,Occasional
C00285,2026-06-10,Mumbai,New
C00286,2026-03-10,Hyderabad,Loyal
C00287,2026-04-23,Lucknow,Occasional
C00288,2026-01-08,Indore,Occasional
C00289,2026-03-03,Pune,New
C00290,2026-01-04,Hyderabad,New
C00291,2026-01-30,Mumbai,New
C00292,2026-02-09,Mumbai,Occasional
C00293,2026-05-11,Pune,New
C00294,2026-05-04,Indore,New
C00295,2026-05-22,Bengaluru,New
C00296,2026-06-03,Mumbai,Loyal
C00297,2026-01-18,Delhi NCR,Loyal
C00298,2026-04-17,Delhi NCR,Loyal
C00299,2026-03-10,Jaipur,New
C00300,2026-03-18,Jaipur,Occasional
C00301,2026-06-18,Mumbai,New
C00302,2026-05-18,Mumbai,New
C00303,2026-05-20,Mumbai,Loyal
C00304,2026-02-18,Indore,New
C00305,2026-04-09,Delhi NCR,Loyal
C00306,2026-01-12,Delhi NCR,Occasional
C00307,2026-04-08,Mumbai,Occasional
C00308,2026-06-16,Indore,Occasional
C00309,2026-01-10,Bengaluru,High Value
C00310,2026-03-26,Lucknow,Loyal
C00311,2026-04-23,Bengaluru,Loyal
C00312,2026-01-04,Pune,New
C00313,2026-06-17,Indore,New
C00314,2026-03-09,Delhi NCR,Occasional
C00315,2026-06-16,Bengaluru,New
C00316,2026-06-22,Lucknow,New
C00317,2026-03-23,Hyderabad,Loyal
C00318,2026-05-05,Lucknow,New
C00319,2026-01-18,Delhi NCR,Occasional
C00320,2026-03-15,Indore,Occasional
C00321,2026-04-22,Indore,Occasional
C00322,2026-01-26,Mumbai,Occasional
C00323,2026-01-08,Bengaluru,Loyal
C00324,2026-03-17,Delhi NCR,Occasional
C00325,2026-03-04,Hyderabad,Occasional
C00326,2026-02-16,Bengaluru,New
C00327,2026-04-08,Hyderabad,New
C00328,2026-05-30,Bengaluru,Occasional
C00329,2026-03-07,Mumbai,Occasional
C00330,2026-04-30,Lucknow,Occasional
C00331,2026-02-10,Bengaluru,Loyal
C00332,2026-05-31,Delhi NCR,High Value
C00333,2026-06-26,Delhi NCR,Loyal
C00334,2026-02-20,Indore,Loyal
C00335,2026-01-28,Delhi NCR,Occasional
C00336,2026-05-28,Delhi NCR,Occasional
C00337,2026-01-06,Indore,Occasional
C00338,2026-03-12,Bengaluru,Loyal
C00339,2026-01-13,Lucknow,Occasional
C00340,2026-03-15,Jaipur,New
C00341,2026-04-01,Delhi NCR,New
C00342,2026-03-06,Pune,Occasional
C00343,2026-06-18,Pune,New
C00344,2026-01-25,Lucknow,Occasional
C00345,2026-03-21,Jaipur,New
C00346,2026-04-04,Pune,New
C00347,2026-03-17,Delhi NCR,New
C00348,2026-02-21,Bengaluru,Occasional
C00349,2026-04-04,Hyderabad,Loyal
C00350,2026-02-12,Delhi NCR,Loyal
C00351,2026-05-04,Indore,New
C00352,2026-03-28,Jaipur,Occasional
C00353,2026-01-20,Bengaluru,High Value
C00354,2026-06-23,Pune,High Value
C00355,2026-05-23,Delhi NCR,Loyal
C00356,2026-01-04,Delhi NCR,New
C00357,2026-04-05,Pune,Occasional
C00358,2026-05-30,Mumbai,Occasional
C00359,2026-04-06,Bengaluru,New
C00360,2026-01-07,Hyderabad,Loyal
C00361,2026-03-25,Lucknow,New
C00362,2026-01-17,Hyderabad,Occasional
C00363,2026-06-29,Delhi NCR,New
C00364,2026-02-05,Bengaluru,New
C00365,2026-05-07,Bengaluru,New
C00366,2026-05-18,Bengaluru,Occasional
C00367,2026-06-21,Indore,Occasional
C00368,2026-05-19,Mumbai,Occasional
C00369,2026-02-09,Lucknow,Occasional
C00370,2026-05-06,Hyderabad,Loyal
C00371,2026-03-13,Bengaluru,New
C00372,2026-04-24,Mumbai,New
C00373,2026-04-03,Bengaluru,Occasional
C00374,2026-05-20,Lucknow,Occasional
C00375,2026-01-16,Mumbai,New
C00376,2026-02-01,Indore,Loyal
C00377,2026-01-24,Pune,Occasional
C00378,2026-06-02,Indore,New
C00379,2026-03-27,Delhi NCR,New
C00380,2026-05-25,Delhi NCR,Loyal
C00381,2026-05-22,Delhi NCR,New
C00382,2026-03-01,Delhi NCR,New
C00383,2026-06-02,Bengaluru,Loyal
C00384,2026-02-07,Indore,Occasional
C00385,2026-02-14,Bengaluru,Loyal
C00386,2026-02-03,Bengaluru,Loyal
C00387,2026-03-02,Hyderabad,New
C00388,2026-03-09,Bengaluru,Occasional
C00389,2026-05-15,Bengaluru,New
C00390,2026-04-25,Jaipur,Occasional
C00391,2026-01-28,Mumbai,New
C00392,2026-06-07,Bengaluru,Loyal
C00393,2026-06-18,Mumbai,Occasional
C00394,2026-01-08,Bengaluru,Occasional
C00395,2026-04-13,Mumbai,New
C00396,2026-04-24,Bengaluru,New
C00397,2026-06-05,Bengaluru,New
C00398,2026-06-09,Hyderabad,Occasional
C00399,2026-03-25,Mumbai,Occasional
C00400,2026-03-17,Mumbai,Occasional
C00401,2026-01-26,Jaipur,New
C00402,2026-06-17,Hyderabad,Occasional
C00403,2026-02-25,Mumbai,Loyal
C00404,2026-04-16,Delhi NCR,Occasional
C00405,2026-04-17,Pune,New
C00406,2026-03-22,Pune,New
C00407,2026-02-09,Pune,Occasional
C00408,2026-01-24,Jaipur,New
C00409,2026-01-25,Pune,New
C00410,2026-02-03,Hyderabad,Occasional
C00411,2026-05-24,Hyderabad,Occasional
C00412,2026-04-16,Delhi NCR,Occasional
C00413,2026-04-19,Lucknow,Occasional
C00414,2026-03-15,Hyderabad,New
C00415,2026-05-28,Mumbai,New
C00416,2026-05-04,Delhi NCR,New
C00417,2026-05-23,Delhi NCR,Occasional
C00418,2026-05-27,Delhi NCR,Occasional
C00419,2026-05-24,Indore,Loyal
C00420,2026-06-07,Pune,Occasional
C00421,2026-06-05,Indore,Loyal
C00422,2026-03-10,Bengaluru,New
C00423,2026-03-21,Indore,New
C00424,2026-02-16,Lucknow,Occasional
C00425,2026-04-13,Bengaluru,Occasional
C00426,2026-01-08,Bengaluru,Occasional
C00427,2026-04-07,Mumbai,New
C00428,2026-04-05,Delhi NCR,New
C00429,2026-05-26,Hyderabad,Loyal
C00430,2026-02-09,Bengaluru,Occasional
C00431,2026-06-22,Bengaluru,Occasional
C00432,2026-04-19,Mumbai,Occasional
C00433,2026-03-11,Delhi NCR,Occasional
C00434,2026-03-30,Mumbai,New
C00435,2026-06-23,Hyderabad,Occasional
C00436,2026-03-20,Bengaluru,New
C00437,2026-06-03,Bengaluru,New
C00438,2026-02-24,Jaipur,Occasional
C00439,2026-03-16,Delhi NCR,New
C00440,2026-04-21,Bengaluru,New
C00441,2026-02-28,Mumbai,Loyal
C00442,2026-04-01,Bengaluru,Loyal
C00443,2026-01-11,Mumbai,Occasional
C00444,2026-01-20,Lucknow,Occasional
C00445,2026-05-27,Mumbai,Occasional
C00446,2026-03-16,Bengaluru,New
C00447,2026-03-25,Bengaluru,Loyal
C00448,2026-04-28,Jaipur,Loyal
C00449,2026-01-23,Mumbai,New
C00450,2026-04-22,Hyderabad,Occasional
C00451,2026-04-12,Lucknow,Occasional
C00452,2026-02-26,Delhi NCR,New
C00453,2026-05-11,Hyderabad,Occasional
C00454,2026-02-19,Lucknow,New
C00455,2026-06-15,Jaipur,New
C00456,2026-02-07,Delhi NCR,New
C00457,2026-02-09,Jaipur,Occasional
C00458,2026-02-15,Indore,Occasional
C00459,2026-04-29,Pune,Occasional
C00460,2026-04-25,Pune,Loyal
C00461,2026-06-14,Hyderabad,Occasional
C00462,2026-06-10,Delhi NCR,Occasional
C00463,2026-05-01,Mumbai,New
C00464,2026-03-12,Hyderabad,New
C00465,2026-01-19,Delhi NCR,Occasional
C00466,2026-01-15,Delhi NCR,New
C00467,2026-06-15,Lucknow,Loyal
C00468,2026-06-07,Hyderabad,New
C00469,2026-05-29,Hyderabad,Loyal
C00470,2026-01-11,Mumbai,Loyal
C00471,2026-06-16,Bengaluru,Occasional
C00472,2026-05-09,Bengaluru,New
C00473,2026-01-27,Jaipur,Loyal
C00474,2026-01-22,Mumbai,New
C00475,2026-03-05,Pune,High Value
C00476,2026-05-15,Mumbai,New
C00477,2026-04-06,Lucknow,New
C00478,2026-03-28,Pune,New
C00479,2026-06-11,Hyderabad,New
C00480,2026-01-25,Hyderabad,New
C00481,2026-03-06,Pune,Occasional
C00482,2026-06-04,Lucknow,New
C00483,2026-05-30,Pune,Loyal
C00484,2026-03-21,Indore,Occasional
C00485,2026-04-11,Bengaluru,Occasional
C00486,2026-01-22,Delhi NCR,New
C00487,2026-03-26,Jaipur,Occasional
C00488,2026-06-25,Lucknow,New
C00489,2026-06-21,Mumbai,New
C00490,2026-04-03,Delhi NCR,High Value
C00491,2026-03-29,Indore,Occasional
C00492,2026-02-27,Indore,New
C00493,2026-03-17,Lucknow,New
C00494,2026-05-19,Jaipur,Loyal
C00495,2026-01-10,Pune,Loyal
C00496,2026-06-08,Bengaluru,New
C00497,2026-02-11,Bengaluru,Occasional
C00498,2026-06-09,Jaipur,New
C00499,2026-04-23,Bengaluru,New
C00500,2026-03-02,Indore,Occasional
C00501,2026-04-25,Delhi NCR,New
C00502,2026-05-01,Lucknow,New
C00503,2026-06-23,Indore,High Value
C00504,2026-04-29,Jaipur,Loyal
C00505,2026-05-09,Mumbai,High Value
C00506,2026-02-21,Jaipur,New
C00507,2026-03-06,Bengaluru,Occasional
C00508,2026-04-06,Hyderabad,New
C00509,2026-05-13,Lucknow,New
C00510,2026-02-11,Delhi NCR,Loyal
C00511,2026-02-07,Jaipur,New
C00512,2026-02-26,Jaipur,Loyal
C00513,2026-01-07,Mumbai,New
C00514,2026-04-06,Delhi NCR,High Value
C00515,2026-04-06,Delhi NCR,New
C00516,2026-01-26,Jaipur,Occasional
C00517,2026-02-07,Bengaluru,New
C00518,2026-05-01,Pune,New
C00519,2026-05-01,Mumbai,New
C00520,2026-01-21,Bengaluru,New
C00521,2026-02-08,Hyderabad,Occasional
C00522,2026-05-16,Mumbai,Loyal
C00523,2026-03-02,Delhi NCR,New
C00524,2026-04-18,Hyderabad,Occasional
C00525,2026-01-17,Bengaluru,Loyal
C00526,2026-06-02,Hyderabad,Occasional
C00527,2026-05-28,Delhi NCR,New
C00528,2026-04-20,Bengaluru,New
C00529,2026-05-27,Mumbai,Occasional
C00530,2026-01-22,Mumbai,New
C00531,2026-05-15,Hyderabad,Loyal
C00532,2026-05-10,Hyderabad,New
C00533,2026-05-01,Bengaluru,New
C00534,2026-04-06,Delhi NCR,New
C00535,2026-01-18,Delhi NCR,Occasional
C00536,2026-06-10,Bengaluru,Occasional
C00537,2026-03-27,Bengaluru,New
C00538,2026-03-28,Jaipur,New
C00539,2026-06-25,Mumbai,Occasional
C00540,2026-06-11,Bengaluru,New
C00541,2026-04-28,Bengaluru,New
C00542,2026-02-21,Lucknow,New
C00543,2026-03-21,Mumbai,High Value
C00544,2026-05-20,Mumbai,New
C00545,2026-06-15,Delhi NCR,New
C00546,2026-01-13,Lucknow,New
C00547,2026-02-01,Jaipur,Occasional
C00548,2026-04-13,Pune,Loyal
C00549,2026-04-09,Delhi NCR,New
C00550,2026-06-27,Mumbai,Loyal
C00551,2026-05-13,Delhi NCR,New
C00552,2026-04-19,Bengaluru,Occasional
C00553,2026-02-16,Hyderabad,New
C00554,2026-01-21,Delhi NCR,New
C00555,2026-04-25,Hyderabad,Occasional
C00556,2026-06-26,Mumbai,Occasional
C00557,2026-04-01,Hyderabad,Occasional
C00558,2026-06-13,Indore,Loyal
C00559,2026-01-20,Pune,New
C00560,2026-05-12,Jaipur,Occasional
C00561,2026-01-08,Bengaluru,Occasional
C00562,2026-04-23,Bengaluru,New
C00563,2026-06-15,Delhi NCR,New
C00564,2026-05-26,Bengaluru,New
C00565,2026-04-26,Indore,New
C00566,2026-01-20,Hyderabad,Occasional
C00567,2026-04-12,Delhi NCR,New
C00568,2026-01-30,Bengaluru,New
C00569,2026-05-13,Mumbai,Occasional
C00570,2026-03-09,Jaipur,Occasional
C00571,2026-02-24,Indore,New
C00572,2026-05-06,Delhi NCR,New
C00573,2026-01-19,Mumbai,Loyal
C00574,2026-04-24,Indore,Loyal
C00575,2026-03-23,Pune,Occasional
C00576,2026-05-21,Hyderabad,Loyal
C00577,2026-02-10,Pune,Loyal
C00578,2026-06-13,Bengaluru,New
C00579,2026-02-27,Bengaluru,New
C00580,2026-02-05,Delhi NCR,Occasional
C00581,2026-04-03,Hyderabad,New
C00582,2026-05-22,Bengaluru,Loyal
C00583,2026-01-17,Delhi NCR,High Value
C00584,2026-05-03,Mumbai,Occasional
C00585,2026-05-28,Bengaluru,High Value
C00586,2026-06-14,Bengaluru,Occasional
C00587,2026-05-13,Delhi NCR,Loyal
C00588,2026-05-22,Hyderabad,New
C00589,2026-02-03,Mumbai,Loyal
C00590,2026-01-15,Jaipur,Occasional
C00591,2026-03-19,Bengaluru,New
C00592,2026-02-27,Delhi NCR,Loyal
C00593,2026-03-14,Lucknow,New
C00594,2026-06-12,Indore,New
C00595,2026-06-10,Delhi NCR,Occasional
C00596,2026-05-09,Hyderabad,Occasional
C00597,2026-05-29,Bengaluru,Occasional
C00598,2026-06-04,Delhi NCR,Loyal
C00599,2026-01-11,Jaipur,New
C00600,2026-01-12,Indore,Loyal
C00601,2026-03-09,Hyderabad,Occasional
C00602,2026-04-17,Hyderabad,New
C00603,2026-06-10,Hyderabad,Occasional
C00604,2026-03-19,Mumbai,Loyal
C00605,2026-06-25,Mumbai,Occasional
C00606,2026-06-26,Bengaluru,Occasional
C00607,2026-05-04,Mumbai,New
C00608,2026-02-06,Delhi NCR,Occasional
C00609,2026-03-30,Indore,New
C00610,2026-04-05,Mumbai,New
C00611,2026-03-03,Mumbai,New
C00612,2026-03-05,Bengaluru,New
C00613,2026-04-09,Lucknow,New
C00614,2026-02-10,Jaipur,Loyal
C00615,2026-03-22,Bengaluru,New
C00616,2026-05-12,Mumbai,Loyal
C00617,2026-05-08,Bengaluru,Loyal
C00618,2026-05-10,Mumbai,New
C00619,2026-05-30,Delhi NCR,New
C00620,2026-05-07,Hyderabad,Loyal
C00621,2026-06-22,Mumbai,Occasional
C00622,2026-01-28,Mumbai,Loyal
C00623,2026-04-04,Jaipur,New
C00624,2026-04-13,Bengaluru,Occasional
C00625,2026-04-03,Hyderabad,New
C00626,2026-05-10,Mumbai,Occasional
C00627,2026-06-09,Pune,New
C00628,2026-01-25,Mumbai,Loyal
C00629,2026-03-28,Hyderabad,New
C00630,2026-02-06,Delhi NCR,Occasional
C00631,2026-05-09,Bengaluru,New
C00632,2026-03-27,Jaipur,Occasional
C00633,2026-02-08,Hyderabad,Occasional
C00634,2026-03-25,Indore,New
C00635,2026-04-11,Indore,Occasional
C00636,2026-03-18,Hyderabad,Occasional
C00637,2026-05-11,Hyderabad,Occasional
C00638,2026-03-18,Mumbai,New
C00639,2026-03-26,Pune,High Value
C00640,2026-05-30,Delhi NCR,Loyal
C00641,2026-06-26,Hyderabad,Occasional
C00642,2026-03-09,Indore,Loyal
C00643,2026-05-29,Hyderabad,Occasional
C00644,2026-05-30,Mumbai,Occasional
C00645,2026-06-08,Jaipur,New
C00646,2026-06-24,Delhi NCR,Occasional
C00647,2026-06-29,Bengaluru,New
C00648,2026-03-22,Mumbai,New
C00649,2026-02-22,Mumbai,Loyal
C00650,2026-05-01,Lucknow,Occasional
C00651,2026-01-16,Pune,Occasional
C00652,2026-05-24,Delhi NCR,Occasional
C00653,2026-05-15,Mumbai,High Value
C00654,2026-04-28,Lucknow,New
C00655,2026-04-01,Pune,Loyal
C00656,2026-06-24,Hyderabad,Occasional
C00657,2026-06-06,Mumbai,High Value
C00658,2026-03-13,Hyderabad,New
C00659,2026-03-18,Jaipur,Occasional
C00660,2026-06-26,Pune,New
C00661,2026-03-31,Hyderabad,Loyal
C00662,2026-03-12,Delhi NCR,Occasional
C00663,2026-05-20,Mumbai,High Value
C00664,2026-03-30,Indore,Loyal
C00665,2026-03-16,Bengaluru,High Value
C00666,2026-01-21,Delhi NCR,Occasional
C00667,2026-03-07,Pune,New
C00668,2026-05-18,Delhi NCR,Occasional
C00669,2026-03-11,Bengaluru,Occasional
C00670,2026-05-31,Delhi NCR,New
C00671,2026-05-16,Delhi NCR,New
C00672,2026-01-26,Mumbai,Occasional
C00673,2026-01-26,Pune,New
C00674,2026-05-21,Indore,New
C00675,2026-06-17,Indore,Loyal
C00676,2026-05-03,Hyderabad,Occasional
C00677,2026-03-15,Delhi NCR,Occasional
C00678,2026-01-23,Hyderabad,New
C00679,2026-01-10,Lucknow,New
C00680,2026-02-15,Indore,New
C00681,2026-04-12,Jaipur,New
C00682,2026-03-16,Lucknow,New
C00683,2026-05-26,Hyderabad,Loyal
C00684,2026-03-27,Delhi NCR,High Value
C00685,2026-05-20,Mumbai,Loyal
C00686,2026-02-04,Lucknow,Occasional
C00687,2026-02-19,Jaipur,New
C00688,2026-04-28,Hyderabad,Occasional
C00689,2026-01-04,Pune,Loyal
C00690,2026-05-26,Pune,New
C00691,2026-06-06,Lucknow,Loyal
C00692,2026-04-20,Mumbai,New
C00693,2026-06-21,Bengaluru,High Value
C00694,2026-05-03,Delhi NCR,New
C00695,2026-03-08,Mumbai,Occasional
C00696,2026-03-10,Indore,New
C00697,2026-05-27,Bengaluru,Occasional
C00698,2026-06-27,Delhi NCR,Occasional
C00699,2026-04-30,Delhi NCR,New
C00700,2026-05-09,Indore,Loyal
C00701,2026-03-21,Pune,Occasional
C00702,2026-03-17,Delhi NCR,New
C00703,2026-02-04,Mumbai,Occasional
C00704,2026-06-05,Mumbai,Occasional
C00705,2026-05-01,Pune,Loyal
C00706,2026-02-25,Jaipur,Occasional
C00707,2026-06-02,Lucknow,New
C00708,2026-04-25,Mumbai,New
C00709,2026-05-25,Bengaluru,Loyal
C00710,2026-05-10,Delhi NCR,Occasional
C00711,2026-02-12,Delhi NCR,Occasional
C00712,2026-01-30,Pune,Occasional
C00713,2026-05-06,Bengaluru,Occasional
C00714,2026-01-15,Mumbai,Occasional
C00715,2026-04-27,Hyderabad,Occasional
C00716,2026-06-22,Jaipur,Occasional
C00717,2026-04-12,Delhi NCR,New
C00718,2026-02-25,Hyderabad,New
C00719,2026-03-30,Pune,Occasional
C00720,2026-01-16,Indore,New
C00721,2026-05-01,Bengaluru,New
C00722,2026-02-04,Jaipur,High Value
C00723,2026-06-15,Indore,New
C00724,2026-04-08,Mumbai,Loyal
C00725,2026-04-07,Mumbai,Occasional
C00726,2026-06-19,Lucknow,New
C00727,2026-03-31,Bengaluru,High Value
C00728,2026-04-11,Mumbai,Occasional
C00729,2026-02-27,Jaipur,Occasional
C00730,2026-03-18,Mumbai,Occasional
C00731,2026-04-19,Hyderabad,Loyal
C00732,2026-03-05,Mumbai,New
C00733,2026-02-18,Indore,Occasional
C00734,2026-01-29,Bengaluru,Occasional
C00735,2026-06-07,Jaipur,Loyal
C00736,2026-01-05,Delhi NCR,New
C00737,2026-06-02,Bengaluru,Occasional
C00738,2026-01-13,Delhi NCR,New
C00739,2026-04-23,Delhi NCR,New
C00740,2026-01-15,Bengaluru,High Value
C00741,2026-03-01,Jaipur,Occasional
C00742,2026-03-23,Hyderabad,Loyal
C00743,2026-03-24,Delhi NCR,Loyal
C00744,2026-06-19,Mumbai,New
C00745,2026-03-12,Bengaluru,Loyal
C00746,2026-02-14,Hyderabad,Occasional
C00747,2026-05-07,Bengaluru,New
C00748,2026-06-14,Pune,Loyal
C00749,2026-03-23,Pune,New
C00750,2026-03-18,Mumbai,Occasional
C00751,2026-05-02,Delhi NCR,New
C00752,2026-02-06,Jaipur,Loyal
C00753,2026-05-24,Mumbai,New
C00754,2026-05-16,Bengaluru,New
C00755,2026-02-22,Delhi NCR,New
C00756,2026-04-26,Lucknow,New
C00757,2026-02-18,Bengaluru,New
C00758,2026-06-04,Hyderabad,Loyal
C00759,2026-02-18,Jaipur,Occasional
C00760,2026-06-21,Hyderabad,Occasional
C00761,2026-03-27,Delhi NCR,Loyal
C00762,2026-02-24,Indore,High Value
C00763,2026-01-31,Pune,Occasional
C00764,2026-03-04,Pune,Occasional
C00765,2026-04-12,Lucknow,Occasional
C00766,2026-03-14,Mumbai,Occasional
C00767,2026-04-02,Delhi NCR,New
C00768,2026-05-08,Mumbai,Loyal
C00769,2026-05-01,Jaipur,New
C00770,2026-02-22,Mumbai,New
C00771,2026-05-25,Lucknow,Occasional
C00772,2026-01-05,Delhi NCR,Loyal
C00773,2026-05-29,Pune,New
C00774,2026-02-20,Delhi NCR,New
C00775,2026-03-04,Mumbai,Occasional
C00776,2026-06-25,Delhi NCR,Occasional
C00777,2026-05-06,Indore,Occasional
C00778,2026-05-06,Mumbai,Occasional
C00779,2026-04-01,Bengaluru,Occasional
C00780,2026-05-06,Bengaluru,Loyal
C00781,2026-06-14,Indore,Occasional
C00782,2026-01-20,Indore,Occasional
C00783,2026-01-02,Mumbai,Loyal
C00784,2026-03-01,Bengaluru,New
C00785,2026-02-25,Mumbai,New
C00786,2026-06-08,Hyderabad,Loyal
C00787,2026-05-04,Hyderabad,New
C00788,2026-05-17,Hyderabad,New
C00789,2026-05-16,Pune,Occasional
C00790,2026-03-15,Bengaluru,Loyal
C00791,2026-06-22,Mumbai,Loyal
C00792,2026-02-15,Bengaluru,New
C00793,2026-02-08,Delhi NCR,Occasional
C00794,2026-03-06,Jaipur,New
C00795,2026-04-12,Bengaluru,High Value
C00796,2026-04-28,Hyderabad,High Value
C00797,2026-02-27,Delhi NCR,Loyal
C00798,2026-01-21,Hyderabad,Loyal
C00799,2026-01-09,Bengaluru,New
C00800,2026-05-22,Mumbai,Occasional
C00801,2026-06-29,Bengaluru,Occasional
C00802,2026-04-22,Hyderabad,New
C00803,2026-01-25,Lucknow,Loyal
C00804,2026-02-28,Delhi NCR,Loyal
C00805,2026-05-26,Mumbai,New
C00806,2026-01-20,Pune,New
C00807,2026-05-20,Hyderabad,New
C00808,2026-03-22,Bengaluru,New
C00809,2026-02-06,Pune,Occasional
C00810,2026-04-12,Indore,New
C00811,2026-05-25,Delhi NCR,Loyal
C00812,2026-04-10,Pune,Occasional
C00813,2026-04-09,Pune,New
C00814,2026-06-26,Pune,Occasional
C00815,2026-03-30,Bengaluru,Occasional
C00816,2026-01-20,Delhi NCR,Occasional
C00817,2026-06-02,Mumbai,Loyal
C00818,2026-01-08,Hyderabad,Loyal
C00819,2026-04-26,Mumbai,New
C00820,2026-04-07,Mumbai,Occasional
C00821,2026-06-19,Mumbai,Loyal
C00822,2026-03-17,Jaipur,Occasional
C00823,2026-01-22,Delhi NCR,New
C00824,2026-06-12,Bengaluru,New
C00825,2026-04-03,Bengaluru,New
C00826,2026-03-20,Mumbai,Occasional
C00827,2026-01-27,Bengaluru,New
C00828,2026-04-25,Hyderabad,Occasional
C00829,2026-01-27,Bengaluru,New
C00830,2026-01-24,Hyderabad,Loyal
C00831,2026-04-09,Bengaluru,New
C00832,2026-01-22,Pune,Occasional
C00833,2026-03-04,Hyderabad,New
C00834,2026-04-08,Bengaluru,New
C00835,2026-03-10,Mumbai,New
C00836,2026-04-22,Delhi NCR,New
C00837,2026-01-20,Delhi NCR,Loyal
C00838,2026-06-10,Mumbai,Occasional
C00839,2026-04-28,Bengaluru,New
C00840,2026-04-12,Delhi NCR,Occasional
C00841,2026-03-26,Mumbai,Occasional
C00842,2026-06-16,Indore,New
C00843,2026-03-24,Hyderabad,Occasional
C00844,2026-05-03,Delhi NCR,High Value
C00845,2026-03-23,Delhi NCR,Occasional
C00846,2026-05-06,Indore,Loyal
C00847,2026-03-25,Mumbai,Loyal
C00848,2026-04-11,Delhi NCR,Loyal
C00849,2026-02-21,Hyderabad,Occasional
C00850,2026-06-24,Jaipur,New
C00851,2026-04-29,Indore,New
C00852,2026-03-16,Jaipur,New
C00853,2026-04-15,Pune,New
C00854,2026-03-19,Delhi NCR,Occasional
C00855,2026-04-19,Jaipur,New
C00856,2026-06-03,Mumbai,New
C00857,2026-05-10,Indore,Loyal
C00858,2026-04-18,Hyderabad,Loyal
C00859,2026-04-03,Pune,Loyal
C00860,2026-06-02,Hyderabad,New
C00861,2026-03-05,Hyderabad,New
C00862,2026-06-15,Hyderabad,Occasional
C00863,2026-06-15,Pune,New
C00864,2026-03-26,Indore,Occasional
C00865,2026-01-03,Bengaluru,New
C00866,2026-05-13,Hyderabad,Occasional
C00867,2026-02-26,Mumbai,New
C00868,2026-06-23,Hyderabad,Occasional
C00869,2026-03-30,Indore,Occasional
C00870,2026-03-17,Mumbai,High Value
C00871,2026-01-30,Jaipur,Occasional
C00872,2026-03-31,Delhi NCR,Occasional
C00873,2026-02-22,Mumbai,New
C00874,2026-01-25,Mumbai,Occasional
C00875,2026-03-23,Bengaluru,New
C00876,2026-01-30,Bengaluru,New
C00877,2026-01-28,Pune,New
C00878,2026-03-04,Mumbai,Occasional
C00879,2026-03-26,Hyderabad,High Value
C00880,2026-03-01,Jaipur,Occasional
C00881,2026-02-17,Hyderabad,Occasional
C00882,2026-01-08,Pune,Loyal
C00883,2026-04-26,Hyderabad,New
C00884,2026-02-24,Delhi NCR,Occasional
C00885,2026-01-17,Hyderabad,Loyal
C00886,2026-05-18,Bengaluru,New
C00887,2026-04-28,Bengaluru,Occasional
C00888,2026-05-06,Mumbai,Occasional
C00889,2026-06-02,Mumbai,New
C00890,2026-01-30,Delhi NCR,Loyal
C00891,2026-06-08,Bengaluru,Occasional
C00892,2026-03-18,Lucknow,Occasional
C00893,2026-06-22,Bengaluru,New
C00894,2026-03-20,Bengaluru,New
C00895,2026-02-06,Mumbai,New
C00896,2026-02-05,Hyderabad,Occasional
C00897,2026-05-05,Hyderabad,Occasional
C00898,2026-06-15,Indore,New
C00899,2026-02-12,Mumbai,New
C00900,2026-03-22,Lucknow,Occasional
C00901,2026-04-02,Indore,Occasional
C00902,2026-02-19,Jaipur,High Value
C00903,2026-05-10,Hyderabad,New
C00904,2026-05-06,Mumbai,Loyal
C00905,2026-05-06,Bengaluru,Occasional
C00906,2026-02-26,Delhi NCR,New
C00907,2026-05-18,Delhi NCR,Loyal
C00908,2026-05-25,Pune,Occasional
C00909,2026-05-21,Mumbai,Occasional
C00910,2026-03-10,Jaipur,Loyal
C00911,2026-04-04,Hyderabad,Occasional
C00912,2026-04-23,Hyderabad,High Value
C00913,2026-01-27,Pune,Occasional
C00914,2026-03-05,Delhi NCR,High Value
C00915,2026-04-26,Delhi NCR,Loyal
C00916,2026-01-23,Mumbai,High Value
C00917,2026-03-02,Delhi NCR,Occasional
C00918,2026-06-26,Delhi NCR,Occasional
C00919,2026-06-11,Mumbai,Occasional
C00920,2026-02-22,Jaipur,Loyal
C00921,2026-05-26,Delhi NCR,New
C00922,2026-05-18,Bengaluru,High Value
C00923,2026-03-16,Delhi NCR,New
C00924,2026-05-12,Indore,Occasional
C00925,2026-01-25,Bengaluru,Occasional
C00926,2026-04-16,Lucknow,High Value
C00927,2026-06-17,Bengaluru,Loyal
C00928,2026-03-05,Bengaluru,New
C00929,2026-03-05,Jaipur,Occasional
C00930,2026-05-06,Bengaluru,Occasional
C00931,2026-06-10,Mumbai,Occasional
C00932,2026-06-12,Jaipur,Occasional
C00933,2026-04-14,Mumbai,New
C00934,2026-04-05,Mumbai,Occasional
C00935,2026-05-29,Bengaluru,Loyal
C00936,2026-01-24,Pune,Occasional
C00937,2026-06-20,Pune,Loyal
C00938,2026-05-17,Mumbai,High Value
C00939,2026-02-24,Mumbai,New
C00940,2026-03-14,Delhi NCR,Occasional
C00941,2026-05-25,Lucknow,Loyal
C00942,2026-06-24,Jaipur,New
C00943,2026-06-10,Jaipur,Occasional
C00944,2026-02-01,Indore,New
C00945,2026-04-27,Bengaluru,High Value
C00946,2026-02-21,Indore,Loyal
C00947,2026-06-16,Delhi NCR,Loyal
C00948,2026-03-12,Bengaluru,New
C00949,2026-01-22,Mumbai,Loyal
C00950,2026-02-12,Bengaluru,Occasional
C00951,2026-06-29,Pune,Occasional
C00952,2026-01-24,Pune,New
C00953,2026-05-03,Bengaluru,Occasional
C00954,2026-05-13,Pune,New
C00955,2026-06-28,Delhi NCR,New
C00956,2026-04-19,Pune,Occasional
C00957,2026-02-28,Mumbai,Occasional
C00958,2026-01-27,Bengaluru,New
C00959,2026-03-18,Bengaluru,Loyal
C00960,2026-02-04,Hyderabad,Occasional
C00961,2026-01-18,Hyderabad,New
C00962,2026-06-16,Bengaluru,New
C00963,2026-02-24,Hyderabad,New
C00964,2026-04-16,Hyderabad,Occasional
C00965,2026-02-25,Bengaluru,New
C00966,2026-02-01,Hyderabad,New
C00967,2026-04-20,Delhi NCR,New
C00968,2026-03-12,Hyderabad,New
C00969,2026-06-03,Hyderabad,Occasional
C00970,2026-06-26,Bengaluru,Loyal
C00971,2026-03-19,Delhi NCR,Occasional
C00972,2026-02-18,Pune,New
C00973,2026-01-14,Jaipur,Loyal
C00974,2026-03-03,Mumbai,New
C00975,2026-05-08,Hyderabad,New
C00976,2026-01-04,Indore,Loyal
C00977,2026-02-03,Mumbai,Loyal
C00978,2026-04-18,Delhi NCR,Occasional
C00979,2026-05-01,Indore,Loyal
C00980,2026-01-05,Hyderabad,New
C00981,2026-02-25,Bengaluru,New
C00982,2026-04-12,Mumbai,Occasional
C00983,2026-05-09,Jaipur,Occasional
C00984,2026-04-13,Bengaluru,Occasional
C00985,2026-06-07,Bengaluru,New
C00986,2026-01-21,Mumbai,New
C00987,2026-02-09,Hyderabad,New
C00988,2026-06-12,Jaipur,Occasional
C00989,2026-06-14,Bengaluru,Occasional
C00990,2026-03-03,Bengaluru,New
C00991,2026-04-22,Bengaluru,Occasional
C00992,2026-01-15,Delhi NCR,Occasional
C00993,2026-02-14,Bengaluru,Occasional
C00994,2026-06-29,Bengaluru,Occasional
C00995,2026-03-30,Mumbai,Loyal
C00996,2026-03-08,Bengaluru,New
C00997,2026-03-10,Pune,New
C00998,2026-01-08,Delhi NCR,Occasional
C00999,2026-05-15,Bengaluru,Occasional
C01000,2026-05-28,Hyderabad,Occasional
C01001,2026-05-11,Delhi NCR,Occasional
C01002,2026-05-26,Bengaluru,New
C01003,2026-01-27,Lucknow,Occasional
C01004,2026-01-30,Delhi NCR,Occasional
C01005,2026-01-12,Lucknow,New
C01006,2026-01-12,Mumbai,New
C01007,2026-02-08,Bengaluru,High Value
C01008,2026-01-10,Hyderabad,Loyal
C01009,2026-06-17,Mumbai,New
C01010,2026-04-17,Lucknow,New
C01011,2026-01-20,Hyderabad,New
C01012,2026-06-22,Lucknow,New
C01013,2026-05-13,Indore,High Value
C01014,2026-01-18,Lucknow,Loyal
C01015,2026-03-21,Delhi NCR,Occasional
C01016,2026-01-03,Delhi NCR,New
C01017,2026-03-19,Pune,New
C01018,2026-04-05,Hyderabad,Occasional
C01019,2026-02-20,Pune,Occasional
C01020,2026-03-04,Bengaluru,Loyal
C01021,2026-01-07,Delhi NCR,New
C01022,2026-06-27,Lucknow,High Value
C01023,2026-01-01,Pune,New
C01024,2026-03-20,Bengaluru,Occasional
C01025,2026-03-02,Mumbai,High Value
C01026,2026-02-06,Pune,New
C01027,2026-03-01,Lucknow,Occasional
C01028,2026-06-29,Lucknow,Occasional
C01029,2026-01-22,Hyderabad,Occasional
C01030,2026-06-13,Jaipur,New
C01031,2026-05-26,Bengaluru,Occasional
C01032,2026-02-03,Delhi NCR,New
C01033,2026-03-22,Indore,New
C01034,2026-03-25,Delhi NCR,New
C01035,2026-01-20,Indore,New
C01036,2026-05-30,Bengaluru,New
C01037,2026-04-26,Mumbai,New
C01038,2026-05-18,Delhi NCR,Loyal
C01039,2026-04-26,Delhi NCR,New
C01040,2026-01-31,Bengaluru,Loyal
C01041,2026-03-19,Jaipur,Occasional
C01042,2026-01-11,Delhi NCR,Loyal
C01043,2026-02-07,Bengaluru,New
C01044,2026-04-02,Mumbai,New
C01045,2026-03-18,Delhi NCR,High Value
C01046,2026-01-08,Indore,Loyal
C01047,2026-05-23,Pune,New
C01048,2026-04-29,Bengaluru,Loyal
C01049,2026-02-01,Bengaluru,Loyal
C01050,2026-02-26,Bengaluru,Loyal
C01051,2026-04-06,Pune,Loyal
C01052,2026-01-22,Hyderabad,New
C01053,2026-01-20,Bengaluru,New
C01054,2026-06-15,Mumbai,New
C01055,2026-03-26,Bengaluru,Loyal
C01056,2026-01-13,Bengaluru,Occasional
C01057,2026-04-12,Mumbai,New
C01058,2026-04-20,Bengaluru,New
C01059,2026-02-17,Delhi NCR,Occasional
C01060,2026-02-08,Bengaluru,Occasional
C01061,2026-03-04,Hyderabad,Occasional
C01062,2026-05-21,Mumbai,New
C01063,2026-04-09,Bengaluru,New
C01064,2026-05-15,Delhi NCR,High Value
C01065,2026-05-20,Jaipur,High Value
C01066,2026-04-02,Mumbai,Loyal
C01067,2026-03-30,Lucknow,Occasional
C01068,2026-04-10,Delhi NCR,New
C01069,2026-06-02,Delhi NCR,Loyal
C01070,2026-03-13,Bengaluru,High Value
C01071,2026-05-16,Delhi NCR,Occasional
C01072,2026-03-01,Indore,New
C01073,2026-06-18,Delhi NCR,Occasional
C01074,2026-01-15,Jaipur,Loyal
C01075,2026-05-28,Lucknow,Loyal
C01076,2026-04-01,Indore,High Value
C01077,2026-02-14,Bengaluru,Occasional
C01078,2026-06-28,Delhi NCR,Occasional
C01079,2026-06-29,Delhi NCR,Occasional
C01080,2026-02-06,Hyderabad,New
C01081,2026-05-07,Hyderabad,New
C01082,2026-01-10,Bengaluru,New
C01083,2026-02-26,Bengaluru,Occasional
C01084,2026-03-26,Lucknow,New
C01085,2026-02-03,Delhi NCR,New
C01086,2026-03-24,Bengaluru,New
C01087,2026-02-06,Jaipur,Loyal
C01088,2026-04-04,Indore,New
C01089,2026-06-19,Mumbai,New
C01090,2026-03-19,Delhi NCR,High Value
C01091,2026-04-22,Jaipur,High Value
C01092,2026-06-16,Delhi NCR,Occasional
C01093,2026-05-24,Pune,Loyal
C01094,2026-04-02,Delhi NCR,Occasional
C01095,2026-02-14,Mumbai,Occasional
C01096,2026-03-17,Bengaluru,Occasional
C01097,2026-06-29,Indore,New
C01098,2026-05-26,Bengaluru,Occasional
C01099,2026-06-06,Delhi NCR,Occasional
C01100,2026-05-08,Bengaluru,Occasional
C01101,2026-03-02,Delhi NCR,New
C01102,2026-06-12,Lucknow,New
C01103,2026-06-21,Hyderabad,Loyal
C01104,2026-04-25,Bengaluru,New
C01105,2026-06-27,Bengaluru,New
C01106,2026-01-28,Pune,New
C01107,2026-04-23,Pune,High Value
C01108,2026-04-16,Mumbai,New
C01109,2026-05-20,Mumbai,Loyal
C01110,2026-05-28,Hyderabad,Occasional
C01111,2026-02-11,Mumbai,Loyal
C01112,2026-01-09,Delhi NCR,New
C01113,2026-01-27,Bengaluru,New
C01114,2026-04-07,Bengaluru,New
C01115,2026-01-24,Delhi NCR,High Value
C01116,2026-05-04,Pune,Occasional
C01117,2026-06-17,Bengaluru,Loyal
C01118,2026-02-10,Bengaluru,New
C01119,2026-02-18,Mumbai,Occasional
C01120,2026-05-19,Delhi NCR,New
C01121,2026-03-02,Bengaluru,New
C01122,2026-05-21,Jaipur,New
C01123,2026-04-03,Bengaluru,New
C01124,2026-06-19,Hyderabad,Occasional
C01125,2026-01-25,Bengaluru,New
C01126,2026-03-16,Indore,Occasional
C01127,2026-01-30,Delhi NCR,New
C01128,2026-05-06,Lucknow,New
C01129,2026-06-14,Hyderabad,New
C01130,2026-04-08,Delhi NCR,Occasional
C01131,2026-03-09,Mumbai,New
C01132,2026-03-10,Hyderabad,New
C01133,2026-06-28,Pune,New
C01134,2026-03-30,Jaipur,New
C01135,2026-05-31,Delhi NCR,New
C01136,2026-04-10,Jaipur,New
C01137,2026-05-18,Pune,Loyal
C01138,2026-05-27,Lucknow,Occasional
C01139,2026-01-21,Mumbai,Loyal
C01140,2026-01-09,Mumbai,Loyal
C01141,2026-05-27,Pune,Occasional
C01142,2026-01-31,Indore,Occasional
C01143,2026-02-12,Indore,Loyal
C01144,2026-02-02,Bengaluru,New
C01145,2026-06-24,Mumbai,High Value
C01146,2026-06-10,Bengaluru,Occasional
C01147,2026-03-23,Lucknow,Loyal
C01148,2026-01-18,Bengaluru,Occasional
C01149,2026-05-22,Delhi NCR,New
C01150,2026-04-28,Lucknow,New
C01151,2026-06-29,Hyderabad,Occasional
C01152,2026-04-18,Bengaluru,New
C01153,2026-05-26,Hyderabad,Occasional
C01154,2026-01-26,Indore,Occasional
C01155,2026-01-26,Jaipur,Loyal
C01156,2026-03-30,Lucknow,New
C01157,2026-06-17,Mumbai,Occasional
C01158,2026-01-10,Bengaluru,New
C01159,2026-06-08,Hyderabad,Occasional
C01160,2026-01-10,Mumbai,Loyal
C01161,2026-06-26,Delhi NCR,Occasional
C01162,2026-03-10,Lucknow,New
C01163,2026-03-19,Delhi NCR,Loyal
C01164,2026-06-28,Pune,High Value
C01165,2026-02-28,Bengaluru,High Value
C01166,2026-04-24,Jaipur,New
C01167,2026-04-17,Hyderabad,New
C01168,2026-04-24,Delhi NCR,Loyal
C01169,2026-05-05,Pune,Loyal
C01170,2026-01-15,Mumbai,New
C01171,2026-03-21,Pune,New
C01172,2026-05-15,Lucknow,New
C01173,2026-02-19,Lucknow,New
C01174,2026-01-15,Delhi NCR,Occasional
C01175,2026-04-03,Pune,New
C01176,2026-04-29,Mumbai,Occasional
C01177,2026-02-01,Pune,New
C01178,2026-05-06,Hyderabad,New
C01179,2026-05-02,Hyderabad,New
C01180,2026-02-11,Jaipur,New
C01181,2026-06-26,Bengaluru,New
C01182,2026-01-13,Bengaluru,Occasional
C01183,2026-02-24,Lucknow,Occasional
C01184,2026-06-23,Delhi NCR,Occasional
C01185,2026-05-12,Bengaluru,Loyal
C01186,2026-06-24,Bengaluru,Loyal
C01187,2026-06-15,Bengaluru,Loyal
C01188,2026-02-27,Delhi NCR,Loyal
C01189,2026-03-20,Pune,Occasional
C01190,2026-03-12,Mumbai,New
C01191,2026-03-31,Mumbai,New
C01192,2026-03-19,Pune,Loyal
C01193,2026-04-12,Hyderabad,New
C01194,2026-06-19,Indore,Loyal
C01195,2026-05-24,Hyderabad,Occasional
C01196,2026-03-18,Pune,Occasional
C01197,2026-03-28,Indore,Occasional
C01198,2026-03-12,Delhi NCR,Occasional
C01199,2026-06-16,Delhi NCR,New
C01200,2026-03-03,Lucknow,Loyal
C01201,2026-06-03,Mumbai,New
C01202,2026-02-05,Pune,Occasional
C01203,2026-03-17,Delhi NCR,New
C01204,2026-04-10,Pune,Occasional
C01205,2026-05-27,Jaipur,New
C01206,2026-02-26,Pune,Occasional
C01207,2026-05-02,Lucknow,Occasional
C01208,2026-05-10,Delhi NCR,New
C01209,2026-06-18,Lucknow,New
C01210,2026-01-25,Mumbai,Occasional
C01211,2026-05-24,Jaipur,New
C01212,2026-06-24,Lucknow,Occasional
C01213,2026-02-26,Delhi NCR,Occasional
C01214,2026-03-20,Mumbai,Loyal
C01215,2026-04-06,Delhi NCR,New
C01216,2026-01-31,Mumbai,Loyal
C01217,2026-05-30,Hyderabad,Occasional
C01218,2026-05-01,Lucknow,Occasional
C01219,2026-06-24,Mumbai,New
C01220,2026-01-14,Lucknow,New
C01221,2026-02-21,Delhi NCR,High Value
C01222,2026-04-28,Bengaluru,Loyal
C01223,2026-02-16,Jaipur,Occasional
C01224,2026-06-11,Indore,New
C01225,2026-01-15,Bengaluru,New
C01226,2026-02-13,Hyderabad,New
C01227,2026-01-23,Bengaluru,Occasional
C01228,2026-04-20,Mumbai,High Value
C01229,2026-04-09,Bengaluru,Occasional
C01230,2026-04-06,Indore,Loyal
C01231,2026-05-16,Delhi NCR,Occasional
C01232,2026-06-10,Pune,New
C01233,2026-03-30,Delhi NCR,New
C01234,2026-05-09,Hyderabad,New
C01235,2026-01-12,Delhi NCR,New
C01236,2026-05-14,Hyderabad,New
C01237,2026-06-25,Indore,New
C01238,2026-05-06,Delhi NCR,New
C01239,2026-04-14,Bengaluru,New
C01240,2026-02-03,Delhi NCR,New
C01241,2026-05-10,Bengaluru,New
C01242,2026-06-16,Jaipur,New
C01243,2026-06-13,Delhi NCR,Occasional
C01244,2026-01-13,Hyderabad,New
C01245,2026-01-28,Hyderabad,New
C01246,2026-06-26,Bengaluru,Occasional
C01247,2026-02-01,Hyderabad,Occasional
C01248,2026-02-09,Delhi NCR,Occasional
C01249,2026-01-03,Delhi NCR,Occasional
C01250,2026-06-19,Mumbai,Occasional
C01251,2026-06-29,Bengaluru,Loyal
C01252,2026-01-27,Mumbai,Occasional
C01253,2026-03-14,Bengaluru,New
C01254,2026-02-20,Hyderabad,Loyal
C01255,2026-05-14,Indore,New
C01256,2026-04-15,Delhi NCR,New
C01257,2026-05-08,Lucknow,Occasional
C01258,2026-05-04,Delhi NCR,New
C01259,2026-06-21,Bengaluru,New
C01260,2026-05-27,Pune,New
C01261,2026-01-24,Jaipur,New
C01262,2026-01-26,Lucknow,Occasional
C01263,2026-04-27,Indore,New
C01264,2026-04-29,Bengaluru,Loyal
C01265,2026-01-11,Lucknow,New
C01266,2026-06-23,Delhi NCR,Occasional
C01267,2026-01-25,Lucknow,Loyal
C01268,2026-01-03,Lucknow,Occasional
C01269,2026-02-13,Delhi NCR,Loyal
C01270,2026-06-09,Delhi NCR,Occasional
C01271,2026-04-06,Jaipur,New
C01272,2026-04-13,Mumbai,Occasional
C01273,2026-04-09,Pune,Occasional
C01274,2026-04-18,Hyderabad,Loyal
C01275,2026-01-29,Bengaluru,Occasional
C01276,2026-02-10,Bengaluru,Loyal
C01277,2026-05-04,Jaipur,Occasional
C01278,2026-02-16,Hyderabad,Loyal
C01279,2026-06-06,Bengaluru,Occasional
C01280,2026-02-03,Mumbai,Occasional
C01281,2026-04-16,Mumbai,New
C01282,2026-06-17,Delhi NCR,Occasional
C01283,2026-06-23,Mumbai,Occasional
C01284,2026-05-25,Delhi NCR,High Value
C01285,2026-03-28,Mumbai,Occasional
C01286,2026-06-08,Bengaluru,Occasional
C01287,2026-03-05,Mumbai,Occasional
C01288,2026-06-14,Mumbai,Loyal
C01289,2026-05-23,Lucknow,Occasional
C01290,2026-01-03,Hyderabad,New
C01291,2026-05-01,Lucknow,Loyal
C01292,2026-01-20,Pune,New
C01293,2026-03-26,Indore,New
C01294,2026-02-27,Hyderabad,New
C01295,2026-03-02,Bengaluru,Occasional
C01296,2026-05-27,Mumbai,Loyal
C01297,2026-04-25,Delhi NCR,High Value
C01298,2026-06-17,Bengaluru,New
C01299,2026-01-10,Hyderabad,New
C01300,2026-01-24,Jaipur,High Value
C01301,2026-06-13,Delhi NCR,Occasional
C01302,2026-02-22,Hyderabad,Occasional
C01303,2026-03-29,Delhi NCR,New
C01304,2026-02-27,Lucknow,New
C01305,2026-06-08,Hyderabad,Occasional
C01306,2026-04-04,Pune,New
C01307,2026-06-18,Delhi NCR,New
C01308,2026-06-12,Indore,New
C01309,2026-05-14,Mumbai,New
C01310,2026-02-12,Mumbai,Loyal
C01311,2026-04-15,Bengaluru,Occasional
C01312,2026-02-18,Bengaluru,Loyal
C01313,2026-02-25,Mumbai,Loyal
C01314,2026-03-28,Bengaluru,New
C01315,2026-06-12,Jaipur,Occasional
C01316,2026-04-26,Mumbai,Occasional
C01317,2026-05-10,Bengaluru,Occasional
C01318,2026-05-16,Pune,Occasional
C01319,2026-04-21,Jaipur,Occasional
C01320,2026-05-11,Jaipur,Loyal
C01321,2026-06-27,Hyderabad,Occasional
C01322,2026-02-02,Bengaluru,Occasional
C01323,2026-06-05,Lucknow,Occasional
C01324,2026-04-09,Mumbai,Occasional
C01325,2026-06-27,Jaipur,New
C01326,2026-03-29,Indore,Occasional
C01327,2026-02-04,Bengaluru,Occasional
C01328,2026-05-12,Delhi NCR,Occasional
C01329,2026-03-22,Pune,Loyal
C01330,2026-06-11,Delhi NCR,New
C01331,2026-03-16,Pune,Loyal
C01332,2026-02-03,Indore,Occasional
C01333,2026-02-15,Mumbai,Occasional
C01334,2026-03-24,Pune,Occasional
C01335,2026-05-24,Mumbai,Occasional
C01336,2026-06-20,Pune,Occasional
C01337,2026-05-17,Delhi NCR,Loyal
C01338,2026-01-04,Mumbai,New
C01339,2026-02-07,Bengaluru,New
C01340,2026-03-10,Pune,New
C01341,2026-03-15,Pune,New
C01342,2026-01-16,Pune,New
C01343,2026-05-19,Bengaluru,Loyal
C01344,2026-01-27,Hyderabad,Occasional
C01345,2026-05-24,Lucknow,Occasional
C01346,2026-05-24,Mumbai,Occasional
C01347,2026-06-28,Delhi NCR,Occasional
C01348,2026-04-08,Mumbai,High Value
C01349,2026-06-25,Delhi NCR,Occasional
C01350,2026-01-04,Pune,New
C01351,2026-04-24,Jaipur,Loyal
C01352,2026-06-15,Delhi NCR,Occasional
C01353,2026-06-04,Delhi NCR,Occasional
C01354,2026-02-19,Delhi NCR,New
C01355,2026-06-24,Bengaluru,High Value
C01356,2026-05-12,Bengaluru,New
C01357,2026-03-13,Hyderabad,New
C01358,2026-05-30,Lucknow,New
C01359,2026-04-30,Pune,New
C01360,2026-02-09,Indore,Occasional
C01361,2026-06-10,Hyderabad,Occasional
C01362,2026-05-06,Jaipur,Occasional
C01363,2026-01-19,Jaipur,New
C01364,2026-02-26,Indore,Occasional
C01365,2026-05-10,Bengaluru,Occasional
C01366,2026-04-14,Bengaluru,New
C01367,2026-02-24,Pune,New
C01368,2026-03-17,Delhi NCR,Occasional
C01369,2026-05-16,Mumbai,Occasional
C01370,2026-06-16,Bengaluru,Occasional
C01371,2026-04-25,Delhi NCR,Occasional
C01372,2026-06-09,Delhi NCR,New
C01373,2026-03-24,Mumbai,Loyal
C01374,2026-01-30,Mumbai,Occasional
C01375,2026-03-14,Bengaluru,Occasional
C01376,2026-04-06,Mumbai,Occasional
C01377,2026-05-05,Bengaluru,Loyal
C01378,2026-02-19,Delhi NCR,New
C01379,2026-01-25,Bengaluru,High Value
C01380,2026-05-18,Hyderabad,Occasional
C01381,2026-02-23,Pune,Loyal
C01382,2026-06-25,Mumbai,New
C01383,2026-05-18,Jaipur,Loyal
C01384,2026-04-22,Hyderabad,Loyal
C01385,2026-06-25,Bengaluru,Occasional
C01386,2026-03-26,Bengaluru,New
C01387,2026-02-15,Jaipur,Occasional
C01388,2026-05-28,Jaipur,Loyal
C01389,2026-04-15,Mumbai,Occasional
C01390,2026-04-21,Delhi NCR,New
C01391,2026-01-31,Hyderabad,Occasional
C01392,2026-06-08,Bengaluru,Occasional
C01393,2026-01-12,Pune,New
C01394,2026-05-09,Bengaluru,Loyal
C01395,2026-03-19,Hyderabad,New
C01396,2026-04-23,Mumbai,Loyal
C01397,2026-01-08,Mumbai,Occasional
C01398,2026-02-04,Pune,Loyal
C01399,2026-05-20,Delhi NCR,Occasional
C01400,2026-03-18,Pune,Loyal
C01401,2026-06-15,Mumbai,Loyal
C01402,2026-05-22,Lucknow,New
C01403,2026-01-11,Bengaluru,Occasional
C01404,2026-05-18,Hyderabad,New
C01405,2026-02-23,Pune,Loyal
C01406,2026-03-30,Delhi NCR,Loyal
C01407,2026-05-12,Bengaluru,New
C01408,2026-06-07,Jaipur,New
C01409,2026-02-16,Pune,Occasional
C01410,2026-01-14,Lucknow,Loyal
C01411,2026-05-21,Mumbai,Occasional
C01412,2026-03-16,Pune,New
C01413,2026-02-20,Pune,Occasional
C01414,2026-03-26,Delhi NCR,Occasional
C01415,2026-03-02,Bengaluru,Occasional
C01416,2026-02-19,Delhi NCR,Occasional
C01417,2026-06-07,Hyderabad,Occasional
C01418,2026-02-09,Hyderabad,New
C01419,2026-03-22,Indore,New
C01420,2026-03-22,Delhi NCR,New
C01421,2026-06-14,Mumbai,Loyal
C01422,2026-02-04,Pune,New
C01423,2026-05-03,Mumbai,New
C01424,2026-03-20,Mumbai,New
C01425,2026-06-15,Hyderabad,Loyal
C01426,2026-02-05,Lucknow,New
C01427,2026-06-10,Bengaluru,New
C01428,2026-01-05,Lucknow,Occasional
C01429,2026-05-29,Hyderabad,Occasional
C01430,2026-02-24,Lucknow,Occasional
C01431,2026-05-20,Lucknow,Occasional
C01432,2026-06-17,Jaipur,New
C01433,2026-02-27,Lucknow,Occasional
C01434,2026-03-16,Bengaluru,Occasional
C01435,2026-01-24,Mumbai,Occasional
C01436,2026-06-19,Delhi NCR,High Value
C01437,2026-06-07,Pune,Occasional
C01438,2026-02-05,Mumbai,New
C01439,2026-05-25,Hyderabad,High Value
C01440,2026-05-04,Indore,New
C01441,2026-05-05,Delhi NCR,New
C01442,2026-03-01,Bengaluru,New
C01443,2026-04-03,Mumbai,Loyal
C01444,2026-01-12,Bengaluru,Occasional
C01445,2026-01-27,Pune,Occasional
C01446,2026-03-12,Jaipur,New
C01447,2026-05-20,Hyderabad,New
C01448,2026-04-07,Delhi NCR,Occasional
C01449,2026-01-20,Mumbai,New
C01450,2026-02-27,Mumbai,New
C01451,2026-03-30,Mumbai,Occasional
C01452,2026-06-04,Bengaluru,Loyal
C01453,2026-04-23,Bengaluru,New
C01454,2026-06-14,Delhi NCR,New
C01455,2026-02-10,Delhi NCR,Occasional
C01456,2026-01-31,Pune,New
C01457,2026-03-26,Pune,Occasional
C01458,2026-05-03,Mumbai,Occasional
C01459,2026-06-15,Jaipur,New
C01460,2026-01-12,Bengaluru,Occasional
C01461,2026-02-04,Hyderabad,New
C01462,2026-05-27,Bengaluru,New
C01463,2026-02-16,Mumbai,New
C01464,2026-05-25,Hyderabad,Loyal
C01465,2026-06-19,Jaipur,Loyal
C01466,2026-02-25,Mumbai,High Value
C01467,2026-05-04,Bengaluru,Loyal
C01468,2026-06-03,Bengaluru,Occasional
C01469,2026-02-16,Hyderabad,Occasional
C01470,2026-02-12,Pune,New
C01471,2026-04-27,Hyderabad,New
C01472,2026-04-07,Mumbai,New
C01473,2026-02-21,Mumbai,Loyal
C01474,2026-06-25,Mumbai,New
C01475,2026-01-25,Bengaluru,Loyal
C01476,2026-06-03,Bengaluru,Loyal
C01477,2026-05-09,Pune,New
C01478,2026-06-18,Bengaluru,Occasional
C01479,2026-01-01,Lucknow,Loyal
C01480,2026-06-16,Mumbai,Occasional
C01481,2026-01-12,Pune,Occasional
C01482,2026-05-04,Jaipur,New
C01483,2026-05-31,Jaipur,Loyal
C01484,2026-06-28,Hyderabad,Occasional
C01485,2026-03-07,Mumbai,New
C01486,2026-01-22,Delhi NCR,Loyal
C01487,2026-04-15,Delhi NCR,New
C01488,2026-01-02,Hyderabad,New
C01489,2026-01-02,Mumbai,New
C01490,2026-03-22,Mumbai,New
C01491,2026-04-20,Hyderabad,New
C01492,2026-05-18,Mumbai,New
C01493,2026-03-12,Indore,New
C01494,2026-02-22,Mumbai,Loyal
C01495,2026-05-04,Bengaluru,Occasional
C01496,2026-05-04,Delhi NCR,New
C01497,2026-03-30,Jaipur,New
C01498,2026-02-05,Lucknow,Occasional
C01499,2026-02-28,Mumbai,Occasional
C01500,2026-02-11,Bengaluru,Occasional
C01501,2026-03-28,Jaipur,Occasional
C01502,2026-06-25,Pune,New
C01503,2026-06-12,Bengaluru,New
C01504,2026-02-07,Mumbai,Occasional
C01505,2026-01-23,Bengaluru,New
C01506,2026-01-21,Hyderabad,Occasional
C01507,2026-04-13,Hyderabad,Occasional
C01508,2026-06-02,Bengaluru,Loyal
C01509,2026-02-14,Hyderabad,Occasional
C01510,2026-02-21,Lucknow,Loyal
C01511,2026-05-13,Delhi NCR,New
C01512,2026-06-03,Mumbai,Occasional
C01513,2026-06-07,Bengaluru,New
C01514,2026-03-03,Hyderabad,High Value
C01515,2026-01-23,Indore,Loyal
C01516,2026-04-01,Pune,New
C01517,2026-02-21,Mumbai,Occasional
C01518,2026-01-18,Lucknow,Occasional
C01519,2026-05-24,Lucknow,New
C01520,2026-03-12,Delhi NCR,High Value
C01521,2026-04-27,Indore,Occasional
C01522,2026-03-08,Bengaluru,Occasional
C01523,2026-05-24,Bengaluru,New
C01524,2026-01-30,Jaipur,High Value
C01525,2026-05-18,Jaipur,Occasional
C01526,2026-06-27,Mumbai,New
C01527,2026-05-04,Jaipur,Occasional
C01528,2026-04-28,Pune,Loyal
C01529,2026-01-08,Mumbai,New
C01530,2026-04-08,Hyderabad,High Value
C01531,2026-06-23,Pune,Loyal
C01532,2026-04-16,Indore,Occasional
C01533,2026-01-03,Pune,New
C01534,2026-03-15,Bengaluru,Occasional
C01535,2026-03-29,Bengaluru,Loyal
C01536,2026-05-02,Delhi NCR,New
C01537,2026-05-27,Delhi NCR,Loyal
C01538,2026-06-24,Indore,New
C01539,2026-02-21,Delhi NCR,New
C01540,2026-03-09,Delhi NCR,New
C01541,2026-03-05,Jaipur,New
C01542,2026-01-28,Bengaluru,New
C01543,2026-06-19,Mumbai,New
C01544,2026-05-19,Indore,Loyal
C01545,2026-04-06,Hyderabad,Occasional
C01546,2026-05-28,Lucknow,Occasional
C01547,2026-05-11,Delhi NCR,New
C01548,2026-05-28,Bengaluru,Occasional
C01549,2026-04-19,Mumbai,Occasional
C01550,2026-05-09,Delhi NCR,Loyal
C01551,2026-02-14,Mumbai,New
C01552,2026-05-13,Mumbai,Occasional
C01553,2026-01-04,Pune,New
C01554,2026-01-26,Delhi NCR,Occasional
C01555,2026-03-08,Bengaluru,New
C01556,2026-03-10,Mumbai,Occasional
C01557,2026-04-04,Bengaluru,Occasional
C01558,2026-04-18,Pune,New
C01559,2026-04-13,Delhi NCR,New
C01560,2026-02-03,Indore,Occasional
C01561,2026-01-26,Pune,Loyal
C01562,2026-05-23,Mumbai,New
C01563,2026-02-07,Jaipur,Occasional
C01564,2026-05-02,Jaipur,New
C01565,2026-05-08,Bengaluru,Loyal
C01566,2026-06-11,Mumbai,Occasional
C01567,2026-05-05,Delhi NCR,Occasional
C01568,2026-05-26,Bengaluru,New
C01569,2026-02-11,Bengaluru,Loyal
C01570,2026-05-02,Jaipur,New
C01571,2026-03-27,Delhi NCR,New
C01572,2026-05-23,Indore,New
C01573,2026-01-06,Mumbai,New
C01574,2026-06-23,Indore,New
C01575,2026-05-28,Hyderabad,Occasional
C01576,2026-03-14,Delhi NCR,Occasional
C01577,2026-05-05,Jaipur,Occasional
C01578,2026-01-21,Mumbai,New
C01579,2026-06-11,Indore,Loyal
C01580,2026-06-13,Jaipur,New
C01581,2026-06-11,Hyderabad,New
C01582,2026-01-19,Bengaluru,New
C01583,2026-03-22,Delhi NCR,New
C01584,2026-03-10,Hyderabad,New
C01585,2026-04-24,Jaipur,Loyal
C01586,2026-05-31,Mumbai,Occasional
C01587,2026-02-12,Bengaluru,New
C01588,2026-03-02,Pune,Loyal
C01589,2026-06-29,Pune,New
C01590,2026-04-12,Bengaluru,New
C01591,2026-05-02,Hyderabad,New
C01592,2026-04-12,Mumbai,High Value
C01593,2026-01-27,Delhi NCR,New
C01594,2026-06-17,Indore,New
C01595,2026-02-28,Delhi NCR,New
C01596,2026-06-10,Bengaluru,Occasional
C01597,2026-02-13,Bengaluru,Occasional
C01598,2026-03-25,Lucknow,Occasional
C01599,2026-05-19,Indore,Occasional
C01600,2026-02-04,Indore,Occasional
C01601,2026-02-15,Hyderabad,Occasional
C01602,2026-06-12,Lucknow,Occasional
C01603,2026-06-13,Hyderabad,New
C01604,2026-03-30,Mumbai,New
C01605,2026-01-23,Mumbai,New
C01606,2026-03-08,Bengaluru,New
C01607,2026-05-14,Jaipur,Loyal
C01608,2026-03-30,Delhi NCR,Occasional
C01609,2026-06-26,Indore,Loyal
C01610,2026-05-03,Delhi NCR,Occasional
C01611,2026-03-16,Hyderabad,Loyal
C01612,2026-05-21,Mumbai,New
C01613,2026-05-24,Mumbai,New
C01614,2026-06-15,Mumbai,New
C01615,2026-03-09,Bengaluru,Occasional
C01616,2026-05-13,Jaipur,Loyal
C01617,2026-06-27,Pune,New
C01618,2026-05-17,Jaipur,New
C01619,2026-01-18,Bengaluru,New
C01620,2026-06-13,Mumbai,Occasional
C01621,2026-06-29,Hyderabad,New
C01622,2026-01-05,Bengaluru,High Value
C01623,2026-01-06,Bengaluru,New
C01624,2026-03-10,Bengaluru,Occasional
C01625,2026-01-03,Delhi NCR,New
C01626,2026-05-07,Delhi NCR,Occasional
C01627,2026-05-08,Indore,Occasional
C01628,2026-01-09,Delhi NCR,Loyal
C01629,2026-02-07,Bengaluru,Loyal
C01630,2026-01-19,Hyderabad,New
C01631,2026-03-06,Jaipur,Loyal
C01632,2026-02-01,Indore,Occasional
C01633,2026-04-09,Jaipur,Occasional
C01634,2026-01-09,Delhi NCR,Occasional
C01635,2026-01-25,Mumbai,High Value
C01636,2026-05-02,Mumbai,High Value
C01637,2026-03-24,Bengaluru,Occasional
C01638,2026-05-21,Mumbai,New
C01639,2026-06-13,Delhi NCR,New
C01640,2026-01-14,Lucknow,New
C01641,2026-01-29,Delhi NCR,Occasional
C01642,2026-01-04,Bengaluru,New
C01643,2026-01-31,Mumbai,New
C01644,2026-01-11,Hyderabad,Occasional
C01645,2026-06-26,Hyderabad,New
C01646,2026-01-23,Delhi NCR,Occasional
C01647,2026-06-25,Hyderabad,Loyal
C01648,2026-06-10,Bengaluru,New
C01649,2026-02-09,Pune,Loyal
C01650,2026-02-02,Mumbai,New
C01651,2026-05-23,Jaipur,Occasional
C01652,2026-04-23,Pune,New
C01653,2026-04-07,Delhi NCR,New
C01654,2026-01-11,Mumbai,Occasional
C01655,2026-03-17,Hyderabad,Occasional
C01656,2026-05-26,Bengaluru,New
C01657,2026-04-30,Delhi NCR,Loyal
C01658,2026-05-22,Bengaluru,Occasional
C01659,2026-04-26,Delhi NCR,New
C01660,2026-04-04,Mumbai,Loyal
C01661,2026-05-10,Mumbai,New
C01662,2026-01-05,Hyderabad,New
C01663,2026-06-08,Delhi NCR,Occasional
C01664,2026-06-18,Indore,Loyal
C01665,2026-02-18,Mumbai,Occasional
C01666,2026-05-22,Bengaluru,New
C01667,2026-04-15,Hyderabad,New
C01668,2026-05-14,Hyderabad,New
C01669,2026-02-03,Bengaluru,New
C01670,2026-01-28,Mumbai,New
C01671,2026-05-27,Hyderabad,New
C01672,2026-05-06,Mumbai,Occasional
C01673,2026-03-07,Bengaluru,New
C01674,2026-01-19,Bengaluru,Loyal
C01675,2026-06-17,Mumbai,Loyal
C01676,2026-01-21,Mumbai,Occasional
C01677,2026-04-03,Hyderabad,Loyal
C01678,2026-04-17,Jaipur,Loyal
C01679,2026-01-15,Jaipur,New
C01680,2026-01-11,Pune,Loyal
C01681,2026-01-20,Indore,High Value
C01682,2026-01-25,Bengaluru,New
C01683,2026-04-09,Bengaluru,Occasional
C01684,2026-03-05,Hyderabad,Loyal
C01685,2026-05-23,Pune,New
C01686,2026-01-28,Jaipur,Occasional
C01687,2026-06-22,Mumbai,Occasional
C01688,2026-01-27,Bengaluru,New
C01689,2026-04-13,Mumbai,Occasional
C01690,2026-05-17,Indore,Occasional
C01691,2026-04-01,Lucknow,Occasional
C01692,2026-03-25,Lucknow,New
C01693,2026-06-12,Mumbai,Occasional
C01694,2026-06-05,Delhi NCR,Occasional
C01695,2026-04-07,Jaipur,Loyal
C01696,2026-03-07,Delhi NCR,Occasional
C01697,2026-04-12,Bengaluru,New
C01698,2026-03-14,Hyderabad,Occasional
C01699,2026-03-19,Bengaluru,High Value
C01700,2026-02-24,Lucknow,New
C01701,2026-06-26,Jaipur,Loyal
C01702,2026-05-11,Hyderabad,Loyal
C01703,2026-02-09,Bengaluru,Occasional
C01704,2026-02-09,Bengaluru,New
C01705,2026-05-30,Delhi NCR,New
C01706,2026-03-18,Bengaluru,New
C01707,2026-02-25,Pune,Occasional
C01708,2026-05-04,Bengaluru,Loyal
C01709,2026-06-26,Pune,Loyal
C01710,2026-01-25,Hyderabad,New
C01711,2026-05-28,Mumbai,Loyal
C01712,2026-03-27,Delhi NCR,Loyal
C01713,2026-04-17,Indore,New
C01714,2026-02-28,Pune,Loyal
C01715,2026-01-03,Hyderabad,Occasional
C01716,2026-01-14,Delhi NCR,New
C01717,2026-05-19,Hyderabad,New
C01718,2026-06-28,Delhi NCR,New
C01719,2026-04-11,Indore,Occasional
C01720,2026-05-28,Mumbai,New
C01721,2026-03-16,Jaipur,New
C01722,2026-03-28,Bengaluru,Occasional
C01723,2026-01-13,Hyderabad,New
C01724,2026-04-13,Mumbai,Loyal
C01725,2026-02-03,Jaipur,Occasional
C01726,2026-02-20,Mumbai,Occasional
C01727,2026-02-20,Hyderabad,High Value
C01728,2026-05-15,Delhi NCR,New
C01729,2026-04-21,Delhi NCR,Loyal
C01730,2026-01-23,Bengaluru,New
C01731,2026-04-04,Delhi NCR,New
C01732,2026-06-02,Hyderabad,Occasional
C01733,2026-02-13,Indore,Occasional
C01734,2026-04-24,Hyderabad,Occasional
C01735,2026-03-01,Delhi NCR,New
C01736,2026-01-22,Bengaluru,New
C01737,2026-06-08,Indore,Loyal
C01738,2026-03-15,Bengaluru,Occasional
C01739,2026-01-29,Delhi NCR,Occasional
C01740,2026-03-26,Delhi NCR,Occasional
C01741,2026-02-22,Hyderabad,Occasional
C01742,2026-05-21,Mumbai,Occasional
C01743,2026-02-06,Pune,Occasional
C01744,2026-04-07,Hyderabad,Occasional
C01745,2026-01-12,Delhi NCR,New
C01746,2026-02-21,Jaipur,Occasional
C01747,2026-01-14,Mumbai,Loyal
C01748,2026-01-18,Mumbai,New
C01749,2026-06-18,Delhi NCR,New
C01750,2026-03-16,Lucknow,Occasional
C01751,2026-03-01,Indore,Occasional
C01752,2026-01-26,Lucknow,Occasional
C01753,2026-06-02,Hyderabad,New
C01754,2026-05-09,Indore,Occasional
C01755,2026-01-06,Bengaluru,Loyal
C01756,2026-03-20,Delhi NCR,New
C01757,2026-02-10,Bengaluru,Occasional
C01758,2026-04-01,Hyderabad,New
C01759,2026-05-09,Delhi NCR,New
C01760,2026-03-07,Lucknow,Loyal
C01761,2026-01-08,Indore,Loyal
C01762,2026-02-27,Bengaluru,Loyal
C01763,2026-06-18,Bengaluru,Occasional
C01764,2026-05-14,Indore,Occasional
C01765,2026-06-10,Pune,New
C01766,2026-05-27,Bengaluru,High Value
C01767,2026-06-04,Delhi NCR,Occasional
C01768,2026-02-22,Hyderabad,Occasional
C01769,2026-06-25,Jaipur,Loyal
C01770,2026-03-21,Pune,Loyal
C01771,2026-02-04,Mumbai,Loyal
C01772,2026-02-07,Hyderabad,Occasional
C01773,2026-02-10,Delhi NCR,Occasional
C01774,2026-01-31,Bengaluru,Loyal
C01775,2026-02-07,Pune,Occasional
C01776,2026-04-16,Indore,New
C01777,2026-06-13,Indore,New
C01778,2026-02-18,Bengaluru,New
C01779,2026-06-06,Hyderabad,Occasional
C01780,2026-06-06,Delhi NCR,New
C01781,2026-06-25,Bengaluru,New
C01782,2026-05-03,Bengaluru,Loyal
C01783,2026-05-01,Pune,New
C01784,2026-04-10,Mumbai,New
C01785,2026-02-19,Delhi NCR,New
C01786,2026-01-04,Indore,High Value
C01787,2026-02-26,Pune,High Value
C01788,2026-02-22,Bengaluru,Loyal
C01789,2026-04-23,Lucknow,Occasional
C01790,2026-03-25,Lucknow,Loyal
C01791,2026-04-20,Mumbai,New
C01792,2026-04-08,Pune,New
C01793,2026-05-27,Hyderabad,Occasional
C01794,2026-01-10,Mumbai,Occasional
C01795,2026-01-11,Lucknow,New
C01796,2026-05-18,Mumbai,Occasional
C01797,2026-05-23,Mumbai,Occasional
C01798,2026-01-13,Bengaluru,Occasional
C01799,2026-03-19,Jaipur,New
C01800,2026-02-12,Mumbai,Occasional
C01801,2026-01-14,Pune,Loyal
C01802,2026-04-29,Jaipur,Occasional
C01803,2026-05-09,Bengaluru,Loyal
C01804,2026-06-28,Hyderabad,New
C01805,2026-03-24,Mumbai,New
C01806,2026-06-01,Lucknow,Loyal
C01807,2026-04-27,Bengaluru,New
C01808,2026-06-16,Lucknow,Loyal
C01809,2026-02-01,Bengaluru,Occasional
C01810,2026-06-12,Delhi NCR,Occasional
C01811,2026-04-09,Pune,High Value
C01812,2026-06-06,Indore,New
C01813,2026-04-08,Bengaluru,New
C01814,2026-03-27,Hyderabad,Occasional
C01815,2026-02-08,Bengaluru,New
C01816,2026-01-14,Mumbai,New
C01817,2026-04-25,Delhi NCR,New
C01818,2026-02-03,Indore,New
C01819,2026-03-06,Bengaluru,Occasional
C01820,2026-05-08,Hyderabad,New
C01821,2026-05-07,Delhi NCR,Occasional
C01822,2026-05-02,Mumbai,Occasional
C01823,2026-06-03,Hyderabad,New
C01824,2026-05-21,Delhi NCR,Occasional
C01825,2026-02-23,Bengaluru,New
C01826,2026-06-17,Delhi NCR,New
C01827,2026-01-09,Pune,Loyal
C01828,2026-03-18,Delhi NCR,New
C01829,2026-01-28,Mumbai,New
C01830,2026-06-22,Delhi NCR,Occasional
C01831,2026-06-29,Hyderabad,Loyal
C01832,2026-02-15,Indore,Occasional
C01833,2026-04-03,Indore,New
C01834,2026-03-18,Delhi NCR,Loyal
C01835,2026-01-18,Pune,Loyal
C01836,2026-01-17,Delhi NCR,New
C01837,2026-06-27,Lucknow,New
C01838,2026-04-16,Mumbai,Occasional
C01839,2026-06-06,Bengaluru,Occasional
C01840,2026-06-11,Mumbai,New
C01841,2026-06-26,Hyderabad,Loyal
C01842,2026-03-15,Mumbai,Loyal
C01843,2026-03-08,Mumbai,High Value
C01844,2026-04-01,Indore,Occasional
C01845,2026-05-08,Mumbai,Occasional
C01846,2026-05-07,Jaipur,Loyal
C01847,2026-03-01,Pune,High Value
C01848,2026-01-01,Bengaluru,Occasional
C01849,2026-01-31,Pune,New
C01850,2026-06-07,Indore,New
C01851,2026-03-27,Delhi NCR,Loyal
C01852,2026-02-24,Bengaluru,New
C01853,2026-03-14,Delhi NCR,New
C01854,2026-03-18,Mumbai,New
C01855,2026-01-02,Bengaluru,New
C01856,2026-04-12,Pune,Occasional
C01857,2026-01-08,Jaipur,New
C01858,2026-03-28,Indore,Occasional
C01859,2026-05-02,Jaipur,Occasional
C01860,2026-05-04,Bengaluru,Occasional
C01861,2026-05-18,Lucknow,Occasional
C01862,2026-04-16,Indore,New
C01863,2026-05-14,Delhi NCR,Occasional
C01864,2026-03-22,Hyderabad,New
C01865,2026-05-28,Pune,Loyal
C01866,2026-04-01,Bengaluru,New
C01867,2026-01-08,Delhi NCR,New
C01868,2026-05-17,Lucknow,Occasional
C01869,2026-04-10,Bengaluru,New
C01870,2026-03-20,Pune,New
C01871,2026-01-09,Delhi NCR,New
C01872,2026-03-02,Mumbai,Loyal
C01873,2026-03-19,Delhi NCR,New
C01874,2026-01-29,Mumbai,New
C01875,2026-02-21,Lucknow,Occasional
C01876,2026-01-07,Jaipur,Loyal
C01877,2026-02-09,Delhi NCR,Loyal
C01878,2026-05-15,Delhi NCR,New
C01879,2026-01-26,Jaipur,Loyal
C01880,2026-06-23,Indore,New
C01881,2026-01-10,Mumbai,Occasional
C01882,2026-05-14,Bengaluru,New
C01883,2026-01-12,Pune,Occasional
C01884,2026-01-23,Delhi NCR,Loyal
C01885,2026-01-27,Mumbai,Occasional
C01886,2026-03-21,Bengaluru,Occasional
C01887,2026-06-13,Lucknow,New
C01888,2026-02-19,Delhi NCR,Occasional
C01889,2026-04-23,Pune,New
C01890,2026-02-10,Delhi NCR,New
C01891,2026-06-09,Hyderabad,New
C01892,2026-05-19,Delhi NCR,New
C01893,2026-02-06,Indore,Loyal
C01894,2026-05-27,Delhi NCR,New
C01895,2026-06-06,Lucknow,Occasional
C01896,2026-01-13,Bengaluru,Occasional
C01897,2026-06-22,Bengaluru,New
C01898,2026-01-23,Mumbai,New
C01899,2026-06-02,Lucknow,Occasional
C01900,2026-06-26,Pune,Occasional
C01901,2026-03-21,Delhi NCR,New
C01902,2026-06-21,Jaipur,New
C01903,2026-04-30,Hyderabad,New
C01904,2026-06-28,Mumbai,Occasional
C01905,2026-06-25,Hyderabad,Occasional
C01906,2026-05-01,Delhi NCR,New
C01907,2026-06-07,Delhi NCR,New
C01908,2026-02-16,Pune,Occasional
C01909,2026-03-25,Mumbai,New
C01910,2026-05-02,Bengaluru,Occasional
C01911,2026-02-13,Delhi NCR,New
C01912,2026-05-28,Bengaluru,New
C01913,2026-01-28,Delhi NCR,Occasional
C01914,2026-03-19,Hyderabad,New
C01915,2026-04-16,Delhi NCR,New
C01916,2026-02-10,Indore,New
C01917,2026-03-29,Delhi NCR,Occasional
C01918,2026-04-21,Jaipur,Occasional
C01919,2026-03-29,Hyderabad,New
C01920,2026-06-19,Pune,Occasional
C01921,2026-05-27,Jaipur,New
C01922,2026-06-02,Mumbai,Occasional
C01923,2026-04-24,Bengaluru,High Value
C01924,2026-01-18,Hyderabad,Occasional
C01925,2026-06-02,Jaipur,New
C01926,2026-05-07,Hyderabad,New
C01927,2026-02-25,Jaipur,Loyal
C01928,2026-06-12,Jaipur,Occasional
C01929,2026-06-19,Bengaluru,Occasional
C01930,2026-04-10,Hyderabad,Occasional
C01931,2026-02-22,Pune,New
C01932,2026-05-26,Jaipur,Occasional
C01933,2026-04-22,Pune,Loyal
C01934,2026-01-23,Hyderabad,Occasional
C01935,2026-05-11,Mumbai,New
C01936,2026-03-17,Bengaluru,Loyal
C01937,2026-01-14,Bengaluru,Occasional
C01938,2026-04-02,Bengaluru,New
C01939,2026-01-08,Delhi NCR,Occasional
C01940,2026-04-11,Hyderabad,Occasional
C01941,2026-04-14,Mumbai,Occasional
C01942,2026-06-19,Bengaluru,New
C01943,2026-05-23,Mumbai,Loyal
C01944,2026-04-17,Bengaluru,High Value
C01945,2026-06-21,Bengaluru,New
C01946,2026-06-15,Bengaluru,Occasional
C01947,2026-05-05,Hyderabad,High Value
C01948,2026-02-04,Bengaluru,Occasional
C01949,2026-04-17,Lucknow,Loyal
C01950,2026-06-28,Hyderabad,Occasional
C01951,2026-02-16,Mumbai,Occasional
C01952,2026-04-26,Mumbai,New
C01953,2026-04-19,Hyderabad,Occasional
C01954,2026-03-02,Pune,New
C01955,2026-05-20,Hyderabad,New
C01956,2026-01-10,Hyderabad,Occasional
C01957,2026-01-29,Hyderabad,High Value
C01958,2026-01-21,Bengaluru,Occasional
C01959,2026-03-13,Mumbai,New
C01960,2026-06-06,Bengaluru,Occasional
C01961,2026-06-19,Indore,New
C01962,2026-06-12,Hyderabad,Occasional
C01963,2026-06-06,Bengaluru,New
C01964,2026-01-03,Mumbai,Occasional
C01965,2026-05-01,Hyderabad,New
C01966,2026-04-01,Indore,Loyal
C01967,2026-03-16,Bengaluru,Occasional
C01968,2026-06-02,Pune,Occasional
C01969,2026-05-25,Delhi NCR,Occasional
C01970,2026-05-29,Bengaluru,New
C01971,2026-03-16,Jaipur,Occasional
C01972,2026-03-15,Mumbai,New
C01973,2026-01-20,Lucknow,New
C01974,2026-02-03,Hyderabad,New
C01975,2026-03-07,Bengaluru,New
C01976,2026-02-14,Lucknow,Occasional
C01977,2026-06-18,Mumbai,Loyal
C01978,2026-03-08,Jaipur,New
C01979,2026-02-16,Jaipur,Loyal
C01980,2026-03-29,Indore,High Value
C01981,2026-06-02,Indore,New
C01982,2026-05-07,Pune,New
C01983,2026-04-09,Delhi NCR,Occasional
C01984,2026-06-13,Bengaluru,Occasional
C01985,2026-03-30,Bengaluru,New
C01986,2026-01-30,Bengaluru,Occasional
C01987,2026-05-02,Delhi NCR,Occasional
C01988,2026-05-17,Delhi NCR,Occasional
C01989,2026-04-10,Mumbai,New
C01990,2026-04-22,Bengaluru,Loyal
C01991,2026-04-25,Mumbai,New
C01992,2026-05-16,Pune,New
C01993,2026-05-17,Hyderabad,High Value
C01994,2026-04-21,Hyderabad,Occasional
C01995,2026-03-11,Delhi NCR,New
C01996,2026-01-26,Delhi NCR,Occasional
C01997,2026-04-29,Jaipur,Occasional
C01998,2026-06-22,Hyderabad,New
C01999,2026-03-28,Pune,High Value
C02000,2026-03-22,Hyderabad,Occasional
C02001,2026-01-18,Bengaluru,New
C02002,2026-01-27,Pune,New
C02003,2026-03-14,Delhi NCR,New
C02004,2026-06-08,Bengaluru,Loyal
C02005,2026-06-18,Lucknow,New
C02006,2026-06-03,Hyderabad,Occasional
C02007,2026-01-31,Bengaluru,Occasional
C02008,2026-04-07,Hyderabad,Loyal
C02009,2026-05-25,Jaipur,New
C02010,2026-01-29,Pune,New
C02011,2026-04-30,Pune,New
C02012,2026-04-27,Indore,New
C02013,2026-04-20,Pune,Occasional
C02014,2026-03-24,Delhi NCR,Loyal
C02015,2026-03-12,Jaipur,New
C02016,2026-03-27,Indore,New
C02017,2026-03-09,Bengaluru,New
C02018,2026-02-21,Hyderabad,New
C02019,2026-05-06,Bengaluru,Occasional
C02020,2026-04-21,Delhi NCR,Occasional
C02021,2026-04-24,Pune,New
C02022,2026-01-19,Bengaluru,Occasional
C02023,2026-04-25,Bengaluru,Occasional
C02024,2026-06-17,Hyderabad,Loyal
C02025,2026-06-20,Mumbai,New
C02026,2026-03-26,Lucknow,Occasional
C02027,2026-05-12,Pune,Loyal
C02028,2026-05-03,Mumbai,Loyal
C02029,2026-01-18,Hyderabad,New
C02030,2026-06-26,Jaipur,Occasional
C02031,2026-05-26,Hyderabad,High Value
C02032,2026-03-27,Pune,New
C02033,2026-06-11,Indore,Occasional
C02034,2026-04-04,Hyderabad,High Value
C02035,2026-01-21,Lucknow,Occasional
C02036,2026-03-16,Hyderabad,New
C02037,2026-01-11,Indore,Occasional
C02038,2026-03-18,Pune,Loyal
C02039,2026-06-11,Pune,Occasional
C02040,2026-06-11,Mumbai,New
C02041,2026-01-10,Delhi NCR,Occasional
C02042,2026-06-01,Delhi NCR,New
C02043,2026-05-19,Hyderabad,Occasional
C02044,2026-04-26,Indore,New
C02045,2026-03-28,Bengaluru,Loyal
C02046,2026-01-11,Mumbai,New
C02047,2026-06-17,Pune,Occasional
C02048,2026-06-23,Lucknow,Occasional
C02049,2026-05-29,Delhi NCR,New
C02050,2026-02-06,Mumbai,New
C02051,2026-06-08,Bengaluru,Occasional
C02052,2026-02-03,Bengaluru,Occasional
C02053,2026-03-20,Jaipur,New
C02054,2026-06-06,Bengaluru,Occasional
C02055,2026-01-28,Bengaluru,Occasional
C02056,2026-06-07,Delhi NCR,Loyal
C02057,2026-04-20,Delhi NCR,Loyal
C02058,2026-06-23,Mumbai,New
C02059,2026-06-25,Hyderabad,New
C02060,2026-02-24,Jaipur,Occasional
C02061,2026-03-27,Bengaluru,New
C02062,2026-04-17,Bengaluru,New
C02063,2026-02-12,Mumbai,Loyal
C02064,2026-01-11,Bengaluru,Loyal
C02065,2026-06-11,Hyderabad,Loyal
C02066,2026-01-05,Lucknow,New
C02067,2026-01-02,Bengaluru,New
C02068,2026-06-16,Hyderabad,New
C02069,2026-06-27,Jaipur,Loyal
C02070,2026-06-27,Bengaluru,New
C02071,2026-03-11,Mumbai,New
C02072,2026-02-14,Hyderabad,New
C02073,2026-02-16,Pune,Occasional
C02074,2026-01-23,Hyderabad,Loyal
C02075,2026-03-31,Mumbai,Occasional
C02076,2026-02-19,Bengaluru,Occasional
C02077,2026-01-25,Hyderabad,Loyal
C02078,2026-05-19,Mumbai,Occasional
C02079,2026-06-10,Hyderabad,New
C02080,2026-02-19,Bengaluru,New
C02081,2026-05-02,Mumbai,New
C02082,2026-01-12,Bengaluru,New
C02083,2026-02-23,Mumbai,New
C02084,2026-04-27,Bengaluru,Occasional
C02085,2026-05-18,Bengaluru,Loyal
C02086,2026-05-05,Mumbai,New
C02087,2026-03-02,Pune,Occasional
C02088,2026-03-25,Mumbai,Occasional
C02089,2026-03-25,Delhi NCR,New
C02090,2026-02-28,Bengaluru,Occasional
C02091,2026-02-21,Mumbai,New
C02092,2026-05-01,Hyderabad,New
C02093,2026-04-22,Bengaluru,Loyal
C02094,2026-04-27,Bengaluru,New
C02095,2026-04-28,Pune,Occasional
C02096,2026-03-11,Delhi NCR,New
C02097,2026-06-27,Hyderabad,New
C02098,2026-01-29,Lucknow,Occasional
C02099,2026-02-13,Jaipur,New
C02100,2026-03-17,Hyderabad,Loyal
C02101,2026-06-13,Indore,Loyal
C02102,2026-05-28,Indore,Loyal
C02103,2026-01-23,Mumbai,Occasional
C02104,2026-02-25,Hyderabad,Loyal
C02105,2026-03-13,Bengaluru,Occasional
C02106,2026-03-05,Delhi NCR,Occasional
C02107,2026-02-26,Lucknow,Occasional
C02108,2026-02-08,Lucknow,Loyal
C02109,2026-04-17,Indore,New
C02110,2026-05-01,Pune,Occasional
C02111,2026-04-19,Hyderabad,Occasional
C02112,2026-06-28,Jaipur,Occasional
C02113,2026-03-03,Bengaluru,Occasional
C02114,2026-06-27,Pune,Loyal
C02115,2026-02-03,Delhi NCR,New
C02116,2026-01-24,Bengaluru,Occasional
C02117,2026-02-11,Pune,Loyal
C02118,2026-05-30,Bengaluru,Occasional
C02119,2026-02-05,Lucknow,New
C02120,2026-04-05,Hyderabad,Occasional
C02121,2026-01-01,Lucknow,New
C02122,2026-06-26,Delhi NCR,New
C02123,2026-04-20,Pune,Occasional
C02124,2026-06-06,Hyderabad,Loyal
C02125,2026-06-25,Bengaluru,Loyal
C02126,2026-01-15,Mumbai,Loyal
C02127,2026-04-04,Lucknow,New
C02128,2026-04-04,Mumbai,New
C02129,2026-04-04,Bengaluru,Occasional
C02130,2026-01-18,Hyderabad,Loyal
C02131,2026-02-05,Indore,New
C02132,2026-01-30,Hyderabad,Occasional
C02133,2026-05-29,Lucknow,Occasional
C02134,2026-02-27,Delhi NCR,Loyal
C02135,2026-05-09,Pune,New
C02136,2026-01-17,Mumbai,Occasional
C02137,2026-05-09,Mumbai,New
C02138,2026-05-17,Pune,Occasional
C02139,2026-03-16,Mumbai,New
C02140,2026-06-22,Indore,Loyal
C02141,2026-01-17,Bengaluru,Loyal
C02142,2026-01-23,Bengaluru,Loyal
C02143,2026-03-15,Indore,New
C02144,2026-02-12,Delhi NCR,Occasional
C02145,2026-05-08,Bengaluru,New
C02146,2026-06-10,Bengaluru,New
C02147,2026-06-24,Hyderabad,New
C02148,2026-03-30,Mumbai,Occasional
C02149,2026-01-06,Delhi NCR,New
C02150,2026-03-01,Jaipur,Occasional
C02151,2026-03-27,Mumbai,New
C02152,2026-06-15,Jaipur,Occasional
C02153,2026-06-20,Pune,Loyal
C02154,2026-04-24,Mumbai,Occasional
C02155,2026-03-20,Bengaluru,New
C02156,2026-05-04,Mumbai,New
C02157,2026-01-13,Bengaluru,New
C02158,2026-02-12,Hyderabad,New
C02159,2026-05-18,Delhi NCR,High Value
C02160,2026-06-27,Lucknow,Loyal
C02161,2026-02-11,Delhi NCR,New
C02162,2026-03-23,Hyderabad,Occasional
C02163,2026-04-05,Bengaluru,Occasional
C02164,2026-01-09,Pune,High Value
C02165,2026-02-07,Mumbai,Occasional
C02166,2026-02-11,Hyderabad,New
C02167,2026-01-07,Mumbai,Occasional
C02168,2026-02-07,Indore,Loyal
C02169,2026-02-09,Bengaluru,Occasional
C02170,2026-05-10,Delhi NCR,Occasional
C02171,2026-05-02,Lucknow,High Value
C02172,2026-05-27,Pune,Loyal
C02173,2026-04-24,Delhi NCR,New
C02174,2026-05-03,Lucknow,New
C02175,2026-05-22,Bengaluru,New
C02176,2026-06-08,Lucknow,Occasional
C02177,2026-01-24,Delhi NCR,Occasional
C02178,2026-02-19,Hyderabad,New
C02179,2026-03-13,Delhi NCR,New
C02180,2026-04-25,Pune,High Value
C02181,2026-05-12,Mumbai,Occasional
C02182,2026-06-04,Hyderabad,Loyal
C02183,2026-06-20,Delhi NCR,New
C02184,2026-04-20,Delhi NCR,New
C02185,2026-03-14,Delhi NCR,New
C02186,2026-04-25,Lucknow,New
C02187,2026-04-24,Pune,New
C02188,2026-04-24,Delhi NCR,Loyal
C02189,2026-04-19,Pune,New
C02190,2026-05-31,Hyderabad,New
C02191,2026-03-19,Mumbai,Loyal
C02192,2026-03-27,Bengaluru,High Value
C02193,2026-04-07,Bengaluru,New
C02194,2026-03-11,Mumbai,Occasional
C02195,2026-05-26,Pune,New
C02196,2026-02-17,Jaipur,New
C02197,2026-05-06,Bengaluru,Loyal
C02198,2026-05-30,Delhi NCR,Occasional
C02199,2026-04-29,Delhi NCR,Loyal
C02200,2026-02-09,Delhi NCR,High Value
C02201,2026-06-12,Mumbai,Occasional
C02202,2026-03-15,Mumbai,Occasional
C02203,2026-06-26,Hyderabad,New
C02204,2026-03-12,Mumbai,High Value
C02205,2026-06-03,Pune,Occasional
C02206,2026-05-25,Mumbai,New
C02207,2026-06-25,Mumbai,Occasional
C02208,2026-01-31,Mumbai,Occasional
C02209,2026-01-05,Lucknow,New
C02210,2026-01-15,Bengaluru,Occasional
C02211,2026-06-27,Bengaluru,New
C02212,2026-03-11,Delhi NCR,Occasional
C02213,2026-04-02,Bengaluru,New
C02214,2026-06-13,Indore,Occasional
C02215,2026-06-10,Bengaluru,New
C02216,2026-02-12,Hyderabad,Loyal
C02217,2026-06-25,Jaipur,New
C02218,2026-06-28,Pune,New
C02219,2026-05-29,Delhi NCR,New
C02220,2026-02-05,Mumbai,New
C02221,2026-05-05,Mumbai,Loyal
C02222,2026-02-11,Bengaluru,New
C02223,2026-02-26,Jaipur,Loyal
C02224,2026-05-24,Hyderabad,Loyal
C02225,2026-05-15,Lucknow,Occasional
C02226,2026-06-29,Pune,New
C02227,2026-04-28,Lucknow,New
C02228,2026-02-03,Indore,Occasional
C02229,2026-03-21,Pune,New
C02230,2026-04-24,Lucknow,Occasional
C02231,2026-03-29,Bengaluru,New
C02232,2026-01-31,Delhi NCR,Loyal
C02233,2026-02-06,Pune,New
C02234,2026-02-23,Bengaluru,New
C02235,2026-06-26,Jaipur,New
C02236,2026-01-05,Jaipur,Occasional
C02237,2026-01-11,Delhi NCR,New
C02238,2026-06-18,Mumbai,New
C02239,2026-01-31,Lucknow,New
C02240,2026-03-19,Pune,Occasional
C02241,2026-02-01,Indore,New
C02242,2026-02-21,Bengaluru,New
C02243,2026-01-24,Bengaluru,Occasional
C02244,2026-03-13,Indore,New
C02245,2026-02-11,Lucknow,Loyal
C02246,2026-06-06,Delhi NCR,Occasional
C02247,2026-01-26,Jaipur,Occasional
C02248,2026-05-16,Delhi NCR,New
C02249,2026-03-14,Bengaluru,Occasional
C02250,2026-01-02,Indore,New
C02251,2026-02-24,Indore,Loyal
C02252,2026-05-02,Delhi NCR,Occasional
C02253,2026-04-23,Pune,New
C02254,2026-04-01,Indore,Occasional
C02255,2026-05-12,Delhi NCR,New
C02256,2026-03-22,Bengaluru,New
C02257,2026-02-04,Mumbai,New
C02258,2026-03-15,Hyderabad,New
C02259,2026-03-25,Mumbai,New
C02260,2026-04-27,Hyderabad,New
C02261,2026-04-24,Delhi NCR,New
C02262,2026-04-20,Bengaluru,New
C02263,2026-05-02,Indore,New
C02264,2026-01-04,Indore,Occasional
C02265,2026-01-27,Mumbai,Occasional
C02266,2026-06-23,Bengaluru,New
C02267,2026-04-13,Pune,High Value
C02268,2026-02-13,Bengaluru,High Value
C02269,2026-03-28,Delhi NCR,Loyal
C02270,2026-04-14,Bengaluru,Loyal
C02271,2026-05-08,Delhi NCR,Occasional
C02272,2026-05-29,Hyderabad,Occasional
C02273,2026-06-14,Indore,New
C02274,2026-06-20,Hyderabad,New
C02275,2026-05-05,Mumbai,New
C02276,2026-04-27,Bengaluru,New
C02277,2026-05-08,Delhi NCR,Loyal
C02278,2026-01-08,Bengaluru,New
C02279,2026-01-18,Mumbai,New
C02280,2026-02-15,Mumbai,Occasional
C02281,2026-02-09,Delhi NCR,Occasional
C02282,2026-01-20,Pune,Occasional
C02283,2026-05-07,Jaipur,New
C02284,2026-06-19,Mumbai,Occasional
C02285,2026-05-19,Delhi NCR,Loyal
C02286,2026-05-20,Bengaluru,Occasional
C02287,2026-04-21,Lucknow,New
C02288,2026-04-26,Delhi NCR,New
C02289,2026-04-28,Bengaluru,New
C02290,2026-06-18,Lucknow,New
C02291,2026-02-12,Mumbai,New
C02292,2026-04-10,Mumbai,New
C02293,2026-06-22,Mumbai,Occasional
C02294,2026-05-19,Hyderabad,Occasional
C02295,2026-02-10,Mumbai,New
C02296,2026-05-07,Hyderabad,New
C02297,2026-06-23,Delhi NCR,High Value
C02298,2026-03-24,Bengaluru,Occasional
C02299,2026-02-02,Jaipur,New
C02300,2026-05-30,Bengaluru,Loyal
C02301,2026-03-29,Mumbai,Occasional
C02302,2026-04-02,Mumbai,New
C02303,2026-03-04,Delhi NCR,Occasional
C02304,2026-06-01,Bengaluru,Occasional
C02305,2026-03-20,Bengaluru,New
C02306,2026-05-18,Delhi NCR,Occasional
C02307,2026-04-19,Hyderabad,Loyal
C02308,2026-03-10,Bengaluru,Occasional
C02309,2026-01-06,Indore,New
C02310,2026-04-10,Delhi NCR,New
C02311,2026-05-06,Bengaluru,Occasional
C02312,2026-03-28,Mumbai,Loyal
C02313,2026-06-20,Delhi NCR,Occasional
C02314,2026-04-04,Indore,New
C02315,2026-06-12,Lucknow,Loyal
C02316,2026-05-18,Delhi NCR,New
C02317,2026-03-18,Indore,New
C02318,2026-02-27,Hyderabad,High Value
C02319,2026-05-29,Bengaluru,New
C02320,2026-01-18,Hyderabad,Occasional
C02321,2026-04-20,Delhi NCR,Loyal
C02322,2026-06-16,Jaipur,Occasional
C02323,2026-03-18,Mumbai,Occasional
C02324,2026-02-21,Mumbai,New
C02325,2026-05-12,Mumbai,Occasional
C02326,2026-02-16,Lucknow,Occasional
C02327,2026-05-13,Lucknow,Occasional
C02328,2026-02-24,Pune,Loyal
C02329,2026-04-30,Delhi NCR,Occasional
C02330,2026-06-07,Lucknow,Loyal
C02331,2026-05-25,Pune,New
C02332,2026-02-21,Delhi NCR,New
C02333,2026-02-08,Pune,Occasional
C02334,2026-04-22,Mumbai,Loyal
C02335,2026-01-17,Hyderabad,Loyal
C02336,2026-03-10,Jaipur,Occasional
C02337,2026-03-07,Pune,New
C02338,2026-03-03,Bengaluru,New
C02339,2026-03-04,Jaipur,New
C02340,2026-05-05,Hyderabad,Occasional
C02341,2026-06-15,Lucknow,New
C02342,2026-03-11,Bengaluru,New
C02343,2026-03-13,Hyderabad,New
C02344,2026-01-11,Indore,Occasional
C02345,2026-01-06,Bengaluru,Loyal
C02346,2026-03-22,Hyderabad,Loyal
C02347,2026-04-15,Lucknow,Occasional
C02348,2026-01-24,Mumbai,Loyal
C02349,2026-02-05,Delhi NCR,Occasional
C02350,2026-05-09,Indore,Occasional
C02351,2026-05-29,Indore,Loyal
C02352,2026-03-06,Mumbai,New
C02353,2026-06-03,Bengaluru,Loyal
C02354,2026-03-26,Jaipur,Occasional
C02355,2026-03-02,Indore,New
C02356,2026-01-28,Bengaluru,High Value
C02357,2026-04-23,Mumbai,Loyal
C02358,2026-01-15,Mumbai,New
C02359,2026-01-29,Delhi NCR,Occasional
C02360,2026-06-24,Delhi NCR,New
C02361,2026-02-07,Delhi NCR,Occasional
C02362,2026-03-20,Bengaluru,High Value
C02363,2026-06-05,Bengaluru,Occasional
C02364,2026-01-14,Pune,Loyal
C02365,2026-03-03,Delhi NCR,New
C02366,2026-06-13,Indore,New
C02367,2026-06-25,Bengaluru,Loyal
C02368,2026-04-24,Mumbai,Loyal
C02369,2026-04-11,Indore,Loyal
C02370,2026-03-19,Bengaluru,Loyal
C02371,2026-03-02,Delhi NCR,Loyal
C02372,2026-02-11,Lucknow,Occasional
C02373,2026-06-14,Mumbai,New
C02374,2026-01-21,Jaipur,Loyal
C02375,2026-05-01,Pune,Loyal
C02376,2026-03-27,Pune,Loyal
C02377,2026-01-26,Jaipur,Occasional
C02378,2026-05-10,Bengaluru,Occasional
C02379,2026-05-21,Pune,Occasional
C02380,2026-01-08,Jaipur,Occasional
C02381,2026-02-17,Hyderabad,Loyal
C02382,2026-02-04,Bengaluru,New
C02383,2026-03-20,Delhi NCR,New
C02384,2026-02-10,Delhi NCR,Occasional
C02385,2026-06-16,Jaipur,Loyal
C02386,2026-06-25,Mumbai,Loyal
C02387,2026-04-26,Mumbai,Occasional
C02388,2026-03-08,Bengaluru,Occasional
C02389,2026-03-25,Jaipur,New
C02390,2026-04-17,Delhi NCR,New
C02391,2026-04-07,Indore,Loyal
C02392,2026-02-27,Bengaluru,New
C02393,2026-05-23,Hyderabad,Occasional
C02394,2026-01-23,Indore,New
C02395,2026-06-29,Lucknow,New
C02396,2026-06-08,Mumbai,New
C02397,2026-01-23,Indore,New
C02398,2026-05-26,Bengaluru,Occasional
C02399,2026-04-22,Jaipur,Loyal
C02400,2026-06-22,Mumbai,New
C02401,2026-02-22,Delhi NCR,Loyal
C02402,2026-03-10,Delhi NCR,Occasional
C02403,2026-02-03,Mumbai,New
C02404,2026-02-25,Indore,New
C02405,2026-06-23,Bengaluru,New
C02406,2026-02-07,Bengaluru,High Value
C02407,2026-03-02,Hyderabad,Loyal
C02408,2026-04-05,Hyderabad,Occasional
C02409,2026-01-22,Bengaluru,New
C02410,2026-03-24,Indore,New
C02411,2026-02-24,Pune,Occasional
C02412,2026-06-02,Delhi NCR,New
C02413,2026-01-16,Bengaluru,Loyal
C02414,2026-05-01,Lucknow,High Value
C02415,2026-06-21,Indore,Occasional
C02416,2026-01-12,Bengaluru,Occasional
C02417,2026-04-08,Delhi NCR,New
C02418,2026-04-05,Bengaluru,Loyal
C02419,2026-01-11,Hyderabad,New
C02420,2026-05-09,Mumbai,New
C02421,2026-04-30,Bengaluru,New
C02422,2026-05-16,Mumbai,New
C02423,2026-03-22,Bengaluru,New
C02424,2026-03-13,Pune,Loyal
C02425,2026-03-14,Lucknow,New
C02426,2026-03-09,Mumbai,Occasional
C02427,2026-02-12,Delhi NCR,High Value
C02428,2026-02-08,Hyderabad,Loyal
C02429,2026-06-12,Jaipur,New
C02430,2026-02-08,Bengaluru,New
C02431,2026-05-01,Delhi NCR,Occasional
C02432,2026-04-22,Bengaluru,Loyal
C02433,2026-05-07,Bengaluru,New
C02434,2026-05-24,Mumbai,Occasional
C02435,2026-02-07,Bengaluru,New
C02436,2026-03-14,Bengaluru,New
C02437,2026-05-11,Jaipur,Occasional
C02438,2026-06-19,Hyderabad,Occasional
C02439,2026-01-02,Mumbai,Occasional
C02440,2026-04-17,Indore,New
C02441,2026-05-08,Pune,Loyal
C02442,2026-01-07,Delhi NCR,High Value
C02443,2026-02-01,Mumbai,Occasional
C02444,2026-01-28,Jaipur,New
C02445,2026-01-21,Mumbai,Occasional
C02446,2026-05-03,Mumbai,High Value
C02447,2026-06-02,Hyderabad,New
C02448,2026-01-12,Hyderabad,High Value
C02449,2026-03-25,Indore,High Value
C02450,2026-05-26,Bengaluru,Loyal
C02451,2026-06-14,Delhi NCR,Loyal
C02452,2026-01-19,Hyderabad,Occasional
C02453,2026-01-24,Mumbai,New
C02454,2026-04-13,Bengaluru,Loyal
C02455,2026-02-11,Mumbai,New
C02456,2026-06-15,Pune,Occasional
C02457,2026-01-31,Delhi NCR,Loyal
C02458,2026-03-21,Lucknow,Occasional
C02459,2026-04-02,Pune,Loyal
C02460,2026-05-12,Delhi NCR,Occasional
C02461,2026-04-10,Mumbai,Occasional
C02462,2026-04-19,Bengaluru,Occasional
C02463,2026-04-05,Hyderabad,Occasional
C02464,2026-04-20,Bengaluru,Occasional
C02465,2026-04-29,Pune,Occasional
C02466,2026-02-09,Indore,Occasional
C02467,2026-06-15,Mumbai,New
C02468,2026-04-22,Bengaluru,Loyal
C02469,2026-03-18,Bengaluru,New
C02470,2026-03-18,Lucknow,Occasional
C02471,2026-03-17,Hyderabad,Occasional
C02472,2026-01-12,Mumbai,Occasional
C02473,2026-04-16,Bengaluru,Occasional
C02474,2026-05-26,Jaipur,New
C02475,2026-05-30,Bengaluru,Occasional
C02476,2026-01-30,Pune,Occasional
C02477,2026-02-16,Lucknow,New
C02478,2026-04-17,Lucknow,New
C02479,2026-05-31,Pune,Occasional
C02480,2026-04-26,Hyderabad,New
C02481,2026-02-17,Delhi NCR,New
C02482,2026-06-04,Delhi NCR,Occasional
C02483,2026-04-22,Hyderabad,New
C02484,2026-01-30,Bengaluru,Occasional
C02485,2026-04-28,Pune,Loyal
C02486,2026-06-04,Pune,New
C02487,2026-06-07,Delhi NCR,Occasional
C02488,2026-06-26,Pune,Loyal
C02489,2026-01-23,Bengaluru,New
C02490,2026-01-29,Jaipur,Occasional
C02491,2026-02-18,Lucknow,New
C02492,2026-06-16,Bengaluru,New
C02493,2026-06-10,Lucknow,Occasional
C02494,2026-01-23,Delhi NCR,Occasional
C02495,2026-05-02,Mumbai,New
C02496,2026-02-09,Pune,Occasional
C02497,2026-05-05,Mumbai,Loyal
C02498,2026-05-30,Delhi NCR,New
C02499,2026-04-11,Bengaluru,New
C02500,2026-06-11,Lucknow,Occasional
C02501,2026-04-17,Lucknow,Occasional
C02502,2026-06-02,Pune,High Value
C02503,2026-01-10,Mumbai,Occasional
C02504,2026-06-01,Pune,Loyal
C02505,2026-05-05,Delhi NCR,New
C02506,2026-01-05,Mumbai,New
C02507,2026-01-17,Delhi NCR,Occasional
C02508,2026-05-02,Bengaluru,Occasional
C02509,2026-06-15,Delhi NCR,Occasional
C02510,2026-01-06,Bengaluru,Occasional
C02511,2026-05-01,Delhi NCR,New
C02512,2026-02-26,Hyderabad,Occasional
C02513,2026-06-04,Lucknow,Occasional
C02514,2026-04-30,Bengaluru,New
C02515,2026-04-10,Indore,Loyal
C02516,2026-06-22,Hyderabad,New
C02517,2026-05-01,Jaipur,Loyal
C02518,2026-06-09,Delhi NCR,Occasional
C02519,2026-01-23,Pune,New
C02520,2026-02-21,Bengaluru,Occasional
C02521,2026-04-17,Indore,Occasional
C02522,2026-03-02,Delhi NCR,New
C02523,2026-01-05,Delhi NCR,New
C02524,2026-06-23,Bengaluru,Loyal
C02525,2026-05-09,Bengaluru,New
C02526,2026-04-21,Bengaluru,New
C02527,2026-05-24,Delhi NCR,New
C02528,2026-03-29,Jaipur,Occasional
C02529,2026-05-23,Delhi NCR,New
C02530,2026-06-26,Lucknow,Occasional
C02531,2026-01-27,Pune,Loyal
C02532,2026-04-23,Jaipur,High Value
C02533,2026-01-29,Indore,Loyal
C02534,2026-06-06,Jaipur,Loyal
C02535,2026-05-24,Bengaluru,New
C02536,2026-06-11,Bengaluru,New
C02537,2026-04-03,Bengaluru,New
C02538,2026-04-24,Jaipur,Occasional
C02539,2026-01-26,Bengaluru,New
C02540,2026-02-05,Bengaluru,New
C02541,2026-04-17,Jaipur,New
C02542,2026-05-02,Delhi NCR,Occasional
C02543,2026-01-22,Delhi NCR,Occasional
C02544,2026-04-17,Delhi NCR,Occasional
C02545,2026-02-08,Pune,Occasional
C02546,2026-02-28,Bengaluru,Occasional
C02547,2026-04-15,Lucknow,High Value
C02548,2026-05-13,Jaipur,New
C02549,2026-01-08,Mumbai,Loyal
C02550,2026-05-13,Indore,New
C02551,2026-03-22,Mumbai,Loyal
C02552,2026-04-22,Bengaluru,Occasional
C02553,2026-06-19,Indore,New
C02554,2026-05-28,Bengaluru,Occasional
C02555,2026-06-19,Lucknow,High Value
C02556,2026-04-18,Mumbai,Occasional
C02557,2026-05-22,Lucknow,Occasional
C02558,2026-03-22,Lucknow,New
C02559,2026-03-13,Lucknow,Occasional
C02560,2026-02-07,Pune,Occasional
C02561,2026-02-22,Lucknow,Occasional
C02562,2026-06-08,Hyderabad,Occasional
C02563,2026-06-16,Mumbai,New
C02564,2026-03-19,Bengaluru,Occasional
C02565,2026-04-10,Pune,Occasional
C02566,2026-02-02,Mumbai,Occasional
C02567,2026-02-24,Bengaluru,Occasional
C02568,2026-05-14,Delhi NCR,Occasional
C02569,2026-01-06,Bengaluru,Loyal
C02570,2026-06-01,Delhi NCR,Loyal
C02571,2026-03-19,Pune,High Value
C02572,2026-01-29,Pune,Loyal
C02573,2026-03-08,Hyderabad,New
C02574,2026-01-13,Pune,Loyal
C02575,2026-04-25,Delhi NCR,Occasional
C02576,2026-04-27,Delhi NCR,New
C02577,2026-05-29,Hyderabad,Loyal
C02578,2026-06-10,Pune,Loyal
C02579,2026-03-01,Delhi NCR,New
C02580,2026-05-27,Pune,Occasional
C02581,2026-05-14,Pune,New
C02582,2026-05-13,Hyderabad,Loyal
C02583,2026-04-03,Mumbai,New
C02584,2026-04-19,Jaipur,New
C02585,2026-01-16,Mumbai,New
C02586,2026-02-24,Mumbai,New
C02587,2026-05-15,Mumbai,Occasional
C02588,2026-04-12,Lucknow,Occasional
C02589,2026-06-12,Mumbai,Occasional
C02590,2026-05-06,Pune,New
C02591,2026-02-11,Bengaluru,New
C02592,2026-04-28,Bengaluru,Occasional
C02593,2026-05-16,Bengaluru,New
C02594,2026-05-02,Bengaluru,New
C02595,2026-05-24,Delhi NCR,High Value
C02596,2026-06-04,Lucknow,New
C02597,2026-04-05,Hyderabad,New
C02598,2026-02-09,Bengaluru,New
C02599,2026-04-06,Delhi NCR,Occasional
C02600,2026-02-06,Bengaluru,Occasional
C02601,2026-01-13,Indore,New
C02602,2026-03-14,Delhi NCR,Loyal
C02603,2026-05-06,Bengaluru,Occasional
C02604,2026-01-18,Lucknow,New
C02605,2026-05-27,Delhi NCR,Occasional
C02606,2026-03-28,Jaipur,Occasional
C02607,2026-06-05,Bengaluru,New
C02608,2026-06-12,Mumbai,Occasional
C02609,2026-04-25,Bengaluru,Occasional
C02610,2026-01-23,Jaipur,Occasional
C02611,2026-04-15,Mumbai,Loyal
C02612,2026-03-28,Hyderabad,High Value
C02613,2026-04-24,Pune,Occasional
C02614,2026-02-12,Pune,Occasional
C02615,2026-03-21,Hyderabad,New
C02616,2026-05-24,Bengaluru,High Value
C02617,2026-05-19,Hyderabad,New
C02618,2026-05-26,Mumbai,Occasional
C02619,2026-05-09,Lucknow,New
C02620,2026-05-17,Bengaluru,New
C02621,2026-02-22,Delhi NCR,Occasional
C02622,2026-05-29,Mumbai,Loyal
C02623,2026-06-05,Delhi NCR,Occasional
C02624,2026-05-06,Lucknow,New
C02625,2026-04-22,Bengaluru,New
C02626,2026-05-16,Delhi NCR,New
C02627,2026-01-30,Indore,Occasional
C02628,2026-03-15,Bengaluru,New
C02629,2026-01-23,Bengaluru,High Value
C02630,2026-06-23,Bengaluru,Occasional
C02631,2026-03-25,Bengaluru,Occasional
C02632,2026-03-18,Mumbai,New
C02633,2026-04-16,Lucknow,New
C02634,2026-01-31,Bengaluru,New
C02635,2026-06-02,Hyderabad,Occasional
C02636,2026-05-10,Mumbai,New
C02637,2026-01-16,Delhi NCR,Occasional
C02638,2026-01-17,Mumbai,New
C02639,2026-03-01,Lucknow,New
C02640,2026-05-22,Indore,Occasional
C02641,2026-03-05,Jaipur,Occasional
C02642,2026-02-02,Delhi NCR,New
C02643,2026-01-22,Lucknow,Occasional
C02644,2026-02-06,Mumbai,High Value
C02645,2026-03-04,Hyderabad,Occasional
C02646,2026-05-23,Mumbai,New
C02647,2026-04-29,Indore,Occasional
C02648,2026-06-17,Indore,New
C02649,2026-05-04,Delhi NCR,New
C02650,2026-06-24,Mumbai,New
C02651,2026-06-11,Delhi NCR,Loyal
C02652,2026-03-14,Bengaluru,Occasional
C02653,2026-05-25,Bengaluru,New
C02654,2026-06-28,Bengaluru,New
C02655,2026-05-23,Indore,Loyal
C02656,2026-02-23,Hyderabad,High Value
C02657,2026-03-23,Lucknow,Loyal
C02658,2026-06-12,Delhi NCR,Occasional
C02659,2026-04-26,Delhi NCR,Occasional
C02660,2026-03-24,Delhi NCR,Occasional
C02661,2026-06-03,Delhi NCR,Loyal
C02662,2026-02-04,Hyderabad,New
C02663,2026-05-02,Bengaluru,New
C02664,2026-02-14,Mumbai,Loyal
C02665,2026-05-06,Jaipur,Occasional
C02666,2026-06-16,Hyderabad,Occasional
C02667,2026-06-21,Mumbai,New
C02668,2026-04-07,Jaipur,New
C02669,2026-02-15,Jaipur,Loyal
C02670,2026-01-03,Bengaluru,New
C02671,2026-02-19,Mumbai,New
C02672,2026-01-06,Pune,Occasional
C02673,2026-04-02,Delhi NCR,Loyal
C02674,2026-06-10,Delhi NCR,Occasional
C02675,2026-03-01,Indore,High Value
C02676,2026-01-10,Delhi NCR,Loyal
C02677,2026-06-05,Delhi NCR,New
C02678,2026-06-13,Mumbai,Loyal
C02679,2026-05-26,Mumbai,New
C02680,2026-02-19,Hyderabad,Occasional
C02681,2026-06-24,Hyderabad,New
C02682,2026-05-31,Bengaluru,New
C02683,2026-03-08,Indore,Loyal
C02684,2026-05-14,Pune,New
C02685,2026-06-23,Bengaluru,High Value
C02686,2026-06-23,Hyderabad,New
C02687,2026-05-24,Lucknow,New
C02688,2026-04-20,Hyderabad,Loyal
C02689,2026-01-14,Lucknow,New
C02690,2026-04-15,Delhi NCR,Occasional
C02691,2026-04-30,Mumbai,Occasional
C02692,2026-01-12,Lucknow,New
C02693,2026-03-13,Lucknow,Occasional
C02694,2026-03-22,Bengaluru,New
C02695,2026-01-21,Lucknow,Loyal
C02696,2026-02-27,Indore,Occasional
C02697,2026-01-20,Lucknow,New
C02698,2026-03-26,Delhi NCR,Occasional
C02699,2026-01-25,Bengaluru,Occasional
C02700,2026-01-07,Hyderabad,Occasional
C02701,2026-03-27,Lucknow,New
C02702,2026-05-02,Delhi NCR,New
C02703,2026-01-14,Jaipur,Occasional
C02704,2026-03-02,Indore,Loyal
C02705,2026-06-08,Mumbai,New
C02706,2026-04-25,Hyderabad,New
C02707,2026-01-16,Lucknow,New
C02708,2026-06-27,Bengaluru,New
C02709,2026-04-24,Bengaluru,Occasional
C02710,2026-04-21,Bengaluru,Occasional
C02711,2026-05-24,Bengaluru,Loyal
C02712,2026-04-13,Bengaluru,Occasional
C02713,2026-03-01,Lucknow,Loyal
C02714,2026-06-09,Bengaluru,New
C02715,2026-04-20,Lucknow,Occasional
C02716,2026-03-28,Hyderabad,Occasional
C02717,2026-01-07,Mumbai,New
C02718,2026-02-19,Bengaluru,New
C02719,2026-01-18,Hyderabad,Loyal
C02720,2026-05-27,Bengaluru,Occasional
C02721,2026-04-01,Mumbai,Occasional
C02722,2026-04-24,Bengaluru,New
C02723,2026-01-12,Bengaluru,New
C02724,2026-04-22,Mumbai,Occasional
C02725,2026-04-02,Delhi NCR,Loyal
C02726,2026-02-07,Bengaluru,New
C02727,2026-03-29,Delhi NCR,High Value
C02728,2026-05-13,Hyderabad,Occasional
C02729,2026-01-15,Delhi NCR,Loyal
C02730,2026-05-24,Lucknow,Occasional
C02731,2026-02-20,Indore,Occasional
C02732,2026-02-21,Jaipur,New
C02733,2026-06-20,Mumbai,Occasional
C02734,2026-04-30,Hyderabad,New
C02735,2026-05-29,Hyderabad,New
C02736,2026-03-18,Mumbai,New
C02737,2026-04-27,Lucknow,Loyal
C02738,2026-05-07,Delhi NCR,New
C02739,2026-02-27,Pune,Occasional
C02740,2026-02-24,Delhi NCR,Occasional
C02741,2026-03-26,Jaipur,New
C02742,2026-04-13,Bengaluru,High Value
C02743,2026-04-03,Bengaluru,New
C02744,2026-05-23,Bengaluru,New
C02745,2026-02-19,Hyderabad,Loyal
C02746,2026-04-03,Bengaluru,New
C02747,2026-02-20,Delhi NCR,New
C02748,2026-03-09,Pune,New
C02749,2026-05-22,Delhi NCR,New
C02750,2026-02-15,Lucknow,Loyal
C02751,2026-01-06,Jaipur,New
C02752,2026-06-17,Jaipur,New
C02753,2026-02-23,Delhi NCR,New
C02754,2026-04-06,Pune,Loyal
C02755,2026-06-09,Lucknow,Loyal
C02756,2026-01-17,Bengaluru,Loyal
C02757,2026-02-03,Jaipur,New
C02758,2026-04-07,Pune,New
C02759,2026-04-20,Indore,New
C02760,2026-01-12,Jaipur,Occasional
C02761,2026-05-18,Delhi NCR,New
C02762,2026-03-05,Bengaluru,Loyal
C02763,2026-02-02,Lucknow,High Value
C02764,2026-05-06,Delhi NCR,New
C02765,2026-05-01,Jaipur,Occasional
C02766,2026-02-12,Mumbai,Occasional
C02767,2026-06-15,Pune,New
C02768,2026-05-13,Mumbai,New
C02769,2026-04-06,Mumbai,Occasional
C02770,2026-05-07,Mumbai,Occasional
C02771,2026-06-13,Indore,Occasional
C02772,2026-01-10,Delhi NCR,Loyal
C02773,2026-04-26,Lucknow,New
C02774,2026-03-20,Mumbai,New
C02775,2026-02-10,Indore,New
C02776,2026-05-21,Bengaluru,Occasional
C02777,2026-03-17,Mumbai,New
C02778,2026-05-30,Bengaluru,Occasional
C02779,2026-03-28,Mumbai,Occasional
C02780,2026-04-15,Delhi NCR,Occasional
C02781,2026-03-11,Mumbai,New
C02782,2026-03-01,Delhi NCR,New
C02783,2026-01-22,Delhi NCR,Occasional
C02784,2026-05-20,Hyderabad,Loyal
C02785,2026-02-28,Bengaluru,New
C02786,2026-01-10,Hyderabad,New
C02787,2026-06-22,Delhi NCR,New
C02788,2026-06-24,Lucknow,New
C02789,2026-06-04,Indore,High Value
C02790,2026-05-20,Lucknow,New
C02791,2026-03-18,Delhi NCR,New
C02792,2026-04-14,Indore,Loyal
C02793,2026-06-17,Bengaluru,Occasional
C02794,2026-02-08,Lucknow,New
C02795,2026-02-23,Mumbai,Occasional
C02796,2026-05-22,Pune,Occasional
C02797,2026-04-29,Delhi NCR,New
C02798,2026-02-18,Mumbai,Loyal
C02799,2026-04-17,Delhi NCR,Occasional
C02800,2026-05-23,Bengaluru,New
C02801,2026-02-02,Delhi NCR,Occasional
C02802,2026-05-08,Jaipur,Loyal
C02803,2026-03-28,Delhi NCR,Occasional
C02804,2026-04-14,Jaipur,Occasional
C02805,2026-03-18,Delhi NCR,New
C02806,2026-01-09,Indore,New
C02807,2026-03-26,Hyderabad,Loyal
C02808,2026-06-05,Hyderabad,New
C02809,2026-04-08,Delhi NCR,New
C02810,2026-05-17,Mumbai,Occasional
C02811,2026-03-26,Hyderabad,Occasional
C02812,2026-03-19,Bengaluru,New
C02813,2026-05-22,Bengaluru,Loyal
C02814,2026-06-04,Mumbai,New
C02815,2026-01-18,Lucknow,New
C02816,2026-02-22,Delhi NCR,Occasional
C02817,2026-01-18,Mumbai,New
C02818,2026-01-03,Bengaluru,Loyal
C02819,2026-04-16,Mumbai,High Value
C02820,2026-02-03,Hyderabad,Occasional
C02821,2026-01-18,Mumbai,Loyal
C02822,2026-02-22,Bengaluru,New
C02823,2026-04-21,Jaipur,Occasional
C02824,2026-02-10,Hyderabad,Loyal
C02825,2026-05-31,Delhi NCR,Occasional
C02826,2026-04-28,Delhi NCR,New
C02827,2026-02-06,Mumbai,Loyal
C02828,2026-06-04,Jaipur,Occasional
C02829,2026-05-26,Lucknow,Occasional
C02830,2026-05-28,Bengaluru,New
C02831,2026-06-15,Lucknow,Occasional
C02832,2026-06-29,Lucknow,Loyal
C02833,2026-04-11,Hyderabad,Loyal
C02834,2026-02-14,Mumbai,New
C02835,2026-06-08,Pune,Occasional
C02836,2026-06-18,Bengaluru,Occasional
C02837,2026-04-11,Pune,New
C02838,2026-02-10,Delhi NCR,Occasional
C02839,2026-03-16,Pune,New
C02840,2026-02-25,Lucknow,New
C02841,2026-05-22,Bengaluru,New
C02842,2026-01-27,Mumbai,Loyal
C02843,2026-04-15,Mumbai,New
C02844,2026-05-10,Bengaluru,New
C02845,2026-06-13,Pune,Occasional
C02846,2026-04-08,Delhi NCR,New
C02847,2026-02-19,Mumbai,New
C02848,2026-01-30,Pune,New
C02849,2026-06-21,Pune,Occasional
C02850,2026-01-18,Bengaluru,Occasional
C02851,2026-04-23,Bengaluru,Loyal
C02852,2026-02-11,Bengaluru,New
C02853,2026-01-26,Bengaluru,New
C02854,2026-04-11,Bengaluru,Occasional
C02855,2026-01-03,Pune,New
C02856,2026-04-02,Bengaluru,Occasional
C02857,2026-06-22,Hyderabad,Occasional
C02858,2026-01-13,Jaipur,Loyal
C02859,2026-06-14,Pune,Occasional
C02860,2026-01-27,Mumbai,New
C02861,2026-01-14,Hyderabad,New
C02862,2026-04-07,Jaipur,Loyal
C02863,2026-04-06,Lucknow,New
C02864,2026-01-05,Mumbai,High Value
C02865,2026-03-28,Jaipur,Occasional
C02866,2026-01-17,Delhi NCR,Loyal
C02867,2026-06-20,Bengaluru,New
C02868,2026-04-17,Mumbai,Loyal
C02869,2026-03-24,Hyderabad,New
C02870,2026-02-23,Indore,New
C02871,2026-04-20,Bengaluru,New
C02872,2026-04-02,Delhi NCR,New
C02873,2026-06-17,Delhi NCR,New
C02874,2026-04-28,Delhi NCR,Occasional
C02875,2026-03-13,Hyderabad,New
C02876,2026-01-18,Lucknow,New
C02877,2026-06-03,Mumbai,High Value
C02878,2026-05-18,Jaipur,Loyal
C02879,2026-05-26,Bengaluru,High Value
C02880,2026-06-03,Delhi NCR,Occasional
C02881,2026-04-10,Pune,High Value
C02882,2026-06-27,Bengaluru,New
C02883,2026-06-26,Delhi NCR,Loyal
C02884,2026-05-04,Bengaluru,New
C02885,2026-05-30,Mumbai,Occasional
C02886,2026-03-01,Mumbai,Occasional
C02887,2026-01-04,Delhi NCR,Occasional
C02888,2026-02-01,Delhi NCR,Occasional
C02889,2026-03-04,Hyderabad,New
C02890,2026-04-06,Mumbai,New
C02891,2026-04-07,Delhi NCR,New
C02892,2026-06-03,Indore,Occasional
C02893,2026-03-26,Bengaluru,New
C02894,2026-01-11,Mumbai,High Value
C02895,2026-06-15,Jaipur,Occasional
C02896,2026-02-28,Lucknow,New
C02897,2026-03-04,Delhi NCR,New
C02898,2026-06-20,Indore,Loyal
C02899,2026-06-28,Pune,Occasional
C02900,2026-04-08,Mumbai,New
C02901,2026-06-11,Bengaluru,Loyal
C02902,2026-01-18,Indore,New
C02903,2026-02-06,Indore,New
C02904,2026-02-14,Hyderabad,Loyal
C02905,2026-02-22,Delhi NCR,New
C02906,2026-04-30,Delhi NCR,Occasional
C02907,2026-03-04,Mumbai,Occasional
C02908,2026-03-19,Delhi NCR,Occasional
C02909,2026-06-12,Delhi NCR,Loyal
C02910,2026-05-04,Bengaluru,High Value
C02911,2026-04-12,Mumbai,Occasional
C02912,2026-04-19,Mumbai,Occasional
C02913,2026-02-09,Jaipur,Loyal
C02914,2026-01-06,Jaipur,Occasional
C02915,2026-01-22,Pune,Loyal
C02916,2026-06-02,Hyderabad,Occasional
C02917,2026-02-14,Delhi NCR,Occasional
C02918,2026-04-27,Delhi NCR,Occasional
C02919,2026-05-04,Bengaluru,New
C02920,2026-05-01,Delhi NCR,Loyal
C02921,2026-01-02,Bengaluru,Occasional
C02922,2026-04-06,Mumbai,Loyal
C02923,2026-04-12,Indore,New
C02924,2026-05-06,Delhi NCR,High Value
C02925,2026-01-19,Mumbai,New
C02926,2026-02-01,Mumbai,Occasional
C02927,2026-02-19,Jaipur,High Value
C02928,2026-03-31,Mumbai,Occasional
C02929,2026-06-26,Delhi NCR,New
C02930,2026-04-09,Indore,Occasional
C02931,2026-03-04,Mumbai,Loyal
C02932,2026-04-03,Hyderabad,Occasional
C02933,2026-06-28,Pune,New
C02934,2026-06-04,Mumbai,Occasional
C02935,2026-03-07,Delhi NCR,Occasional
C02936,2026-06-19,Lucknow,New
C02937,2026-01-24,Hyderabad,Loyal
C02938,2026-04-12,Pune,High Value
C02939,2026-01-21,Mumbai,New
C02940,2026-04-19,Bengaluru,Occasional
C02941,2026-06-27,Delhi NCR,High Value
C02942,2026-06-18,Lucknow,Occasional
C02943,2026-04-16,Pune,Loyal
C02944,2026-01-23,Bengaluru,Occasional
C02945,2026-03-30,Jaipur,New
C02946,2026-02-23,Indore,New
C02947,2026-03-20,Bengaluru,New
C02948,2026-05-06,Bengaluru,New
C02949,2026-06-28,Mumbai,New
C02950,2026-03-15,Pune,New
C02951,2026-04-06,Bengaluru,New
C02952,2026-05-05,Bengaluru,Loyal
C02953,2026-04-26,Hyderabad,New
C02954,2026-02-21,Bengaluru,New
C02955,2026-02-19,Delhi NCR,Loyal
C02956,2026-04-15,Mumbai,Loyal
C02957,2026-01-28,Lucknow,New
C02958,2026-03-17,Bengaluru,New
C02959,2026-01-17,Delhi NCR,Occasional
C02960,2026-05-03,Mumbai,Occasional
C02961,2026-01-03,Bengaluru,Occasional
C02962,2026-01-02,Pune,Loyal
C02963,2026-01-11,Bengaluru,Occasional
C02964,2026-01-02,Mumbai,Occasional
C02965,2026-03-10,Indore,Occasional
C02966,2026-03-28,Hyderabad,New
C02967,2026-06-24,Lucknow,High Value
C02968,2026-03-03,Indore,Occasional
C02969,2026-04-07,Hyderabad,High Value
C02970,2026-03-26,Jaipur,New
C02971,2026-06-28,Mumbai,Loyal
C02972,2026-02-05,Bengaluru,New
C02973,2026-05-16,Delhi NCR,Occasional
C02974,2026-03-05,Delhi NCR,Occasional
C02975,2026-06-18,Lucknow,Occasional
C02976,2026-06-19,Bengaluru,High Value
C02977,2026-03-24,Bengaluru,New
C02978,2026-01-12,Indore,Occasional
C02979,2026-06-23,Mumbai,Occasional
C02980,2026-04-13,Pune,Loyal
C02981,2026-03-31,Mumbai,Loyal
C02982,2026-05-02,Indore,Loyal
C02983,2026-01-26,Pune,New
C02984,2026-02-19,Pune,Loyal
C02985,2026-05-27,Jaipur,Occasional
C02986,2026-01-09,Bengaluru,Loyal
C02987,2026-03-19,Jaipur,High Value
C02988,2026-04-30,Bengaluru,Occasional
C02989,2026-01-30,Mumbai,Occasional
C02990,2026-03-04,Delhi NCR,Occasional
C02991,2026-06-18,Pune,New
C02992,2026-01-08,Bengaluru,Loyal
C02993,2026-04-09,Jaipur,New
C02994,2026-03-07,Pune,High Value
C02995,2026-06-21,Bengaluru,New
C02996,2026-05-17,Hyderabad,Occasional
C02997,2026-06-27,Delhi NCR,New
C02998,2026-05-28,Jaipur,Occasional
C02999,2026-06-14,Delhi NCR,Loyal
C03000,2026-04-08,Hyderabad,Loyal
C03001,2026-04-22,Jaipur,New
C03002,2026-01-30,Delhi NCR,New
C03003,2026-03-29,Pune,Loyal
C03004,2026-01-30,Hyderabad,New
C03005,2026-03-22,Indore,Occasional
C03006,2026-01-01,Delhi NCR,Occasional
C03007,2026-02-18,Lucknow,High Value
C03008,2026-03-23,Jaipur,Loyal
C03009,2026-02-02,Mumbai,Occasional
C03010,2026-02-26,Bengaluru,New
C03011,2026-04-28,Delhi NCR,Loyal
C03012,2026-03-17,Jaipur,Occasional
C03013,2026-04-27,Bengaluru,New
C03014,2026-06-20,Lucknow,Loyal
C03015,2026-01-09,Hyderabad,New
C03016,2026-06-26,Bengaluru,High Value
C03017,2026-05-27,Mumbai,Loyal
C03018,2026-05-07,Delhi NCR,High Value
C03019,2026-01-16,Indore,New
C03020,2026-02-23,Lucknow,Loyal
C03021,2026-02-27,Pune,New
C03022,2026-02-15,Lucknow,Occasional
C03023,2026-03-18,Indore,Occasional
C03024,2026-02-10,Indore,Occasional
C03025,2026-03-28,Mumbai,Occasional
C03026,2026-03-31,Pune,New
C03027,2026-05-16,Pune,New
C03028,2026-02-19,Pune,Occasional
C03029,2026-01-25,Bengaluru,Occasional
C03030,2026-05-29,Lucknow,New
C03031,2026-03-19,Mumbai,New
C03032,2026-02-05,Mumbai,Occasional
C03033,2026-02-07,Delhi NCR,Loyal
C03034,2026-02-20,Pune,New
C03035,2026-05-28,Bengaluru,Loyal
C03036,2026-02-07,Mumbai,High Value
C03037,2026-06-23,Lucknow,Loyal
C03038,2026-01-25,Delhi NCR,Occasional
C03039,2026-01-14,Bengaluru,Occasional
C03040,2026-03-28,Hyderabad,High Value
C03041,2026-06-10,Pune,New
C03042,2026-01-31,Delhi NCR,Occasional
C03043,2026-06-26,Hyderabad,New
C03044,2026-04-07,Jaipur,High Value
C03045,2026-06-21,Hyderabad,Loyal
C03046,2026-06-16,Mumbai,Occasional
C03047,2026-04-24,Delhi NCR,New
C03048,2026-01-22,Bengaluru,Occasional
C03049,2026-05-11,Delhi NCR,Occasional
C03050,2026-05-27,Mumbai,Occasional
C03051,2026-01-25,Jaipur,New
C03052,2026-05-04,Indore,Occasional
C03053,2026-03-18,Hyderabad,New
C03054,2026-01-17,Pune,Loyal
C03055,2026-05-18,Bengaluru,Loyal
C03056,2026-01-06,Mumbai,Loyal
C03057,2026-05-16,Mumbai,Occasional
C03058,2026-05-30,Hyderabad,Loyal
C03059,2026-06-16,Bengaluru,Occasional
C03060,2026-06-18,Lucknow,New
C03061,2026-06-03,Pune,New
C03062,2026-04-25,Jaipur,New
C03063,2026-02-02,Hyderabad,Occasional
C03064,2026-01-23,Hyderabad,Loyal
C03065,2026-01-09,Bengaluru,New
C03066,2026-03-18,Delhi NCR,Occasional
C03067,2026-04-19,Indore,Occasional
C03068,2026-03-05,Delhi NCR,Loyal
C03069,2026-05-13,Lucknow,New
C03070,2026-05-17,Mumbai,Occasional
C03071,2026-06-27,Delhi NCR,Loyal
C03072,2026-04-01,Hyderabad,Occasional
C03073,2026-06-26,Bengaluru,Loyal
C03074,2026-03-02,Bengaluru,New
C03075,2026-02-25,Indore,Occasional
C03076,2026-02-25,Hyderabad,New
C03077,2026-06-09,Mumbai,Occasional
C03078,2026-03-08,Mumbai,Loyal
C03079,2026-04-13,Mumbai,Loyal
C03080,2026-06-23,Mumbai,Occasional
C03081,2026-05-18,Delhi NCR,Occasional
C03082,2026-03-10,Indore,Occasional
C03083,2026-02-19,Pune,Occasional
C03084,2026-06-15,Jaipur,Occasional
C03085,2026-04-18,Jaipur,New
C03086,2026-04-22,Mumbai,High Value
C03087,2026-03-05,Bengaluru,New
C03088,2026-01-29,Pune,New
C03089,2026-03-26,Hyderabad,New
C03090,2026-03-27,Jaipur,New
C03091,2026-02-27,Delhi NCR,New
C03092,2026-02-26,Mumbai,New
C03093,2026-02-01,Bengaluru,Occasional
C03094,2026-03-20,Hyderabad,Loyal
C03095,2026-01-25,Mumbai,Occasional
C03096,2026-03-14,Hyderabad,Occasional
C03097,2026-01-13,Bengaluru,Loyal
C03098,2026-04-10,Bengaluru,Loyal
C03099,2026-06-23,Indore,Occasional
C03100,2026-06-02,Lucknow,New
C03101,2026-06-01,Bengaluru,New
C03102,2026-05-12,Pune,Occasional
C03103,2026-02-06,Mumbai,Occasional
C03104,2026-01-14,Lucknow,Occasional
C03105,2026-04-05,Pune,New
C03106,2026-06-05,Mumbai,Occasional
C03107,2026-04-23,Indore,Loyal
C03108,2026-05-09,Delhi NCR,High Value
C03109,2026-05-14,Indore,Loyal
C03110,2026-02-28,Delhi NCR,Loyal
C03111,2026-03-20,Mumbai,New
C03112,2026-01-24,Hyderabad,New
C03113,2026-03-03,Indore,New
C03114,2026-01-15,Bengaluru,New
C03115,2026-05-07,Jaipur,New
C03116,2026-04-19,Pune,Loyal
C03117,2026-02-04,Mumbai,Occasional
C03118,2026-06-23,Lucknow,Occasional
C03119,2026-04-14,Bengaluru,New
C03120,2026-01-02,Pune,Occasional
C03121,2026-03-30,Delhi NCR,Occasional
C03122,2026-05-16,Pune,New
C03123,2026-04-25,Indore,Occasional
C03124,2026-05-15,Lucknow,New
C03125,2026-04-04,Jaipur,Occasional
C03126,2026-01-14,Mumbai,New
C03127,2026-04-06,Indore,New
C03128,2026-06-23,Delhi NCR,Occasional
C03129,2026-01-31,Delhi NCR,Occasional
C03130,2026-03-09,Delhi NCR,Occasional
C03131,2026-05-26,Mumbai,Loyal
C03132,2026-06-14,Mumbai,Loyal
C03133,2026-04-29,Lucknow,Loyal
C03134,2026-01-15,Delhi NCR,Occasional
C03135,2026-03-26,Delhi NCR,New
C03136,2026-03-31,Lucknow,New
C03137,2026-04-01,Bengaluru,Occasional
C03138,2026-02-20,Bengaluru,Occasional
C03139,2026-02-09,Mumbai,Loyal
C03140,2026-01-02,Bengaluru,Occasional
C03141,2026-02-27,Mumbai,New
C03142,2026-04-04,Mumbai,New
C03143,2026-03-10,Bengaluru,Occasional
C03144,2026-04-23,Bengaluru,New
C03145,2026-04-22,Bengaluru,Loyal
C03146,2026-02-20,Bengaluru,New
C03147,2026-02-04,Mumbai,Occasional
C03148,2026-01-09,Bengaluru,New
C03149,2026-05-03,Indore,High Value
C03150,2026-01-31,Mumbai,Occasional
C03151,2026-06-24,Pune,New
C03152,2026-04-13,Mumbai,Loyal
C03153,2026-04-10,Bengaluru,High Value
C03154,2026-01-06,Bengaluru,New
C03155,2026-01-04,Jaipur,New
C03156,2026-06-23,Jaipur,Occasional
C03157,2026-06-02,Pune,Occasional
C03158,2026-03-16,Delhi NCR,New
C03159,2026-04-20,Delhi NCR,New
C03160,2026-05-11,Bengaluru,New
C03161,2026-01-30,Lucknow,High Value
C03162,2026-03-05,Pune,Occasional
C03163,2026-05-02,Pune,Loyal
C03164,2026-06-29,Pune,Occasional
C03165,2026-02-18,Indore,Occasional
C03166,2026-06-12,Bengaluru,New
C03167,2026-04-13,Bengaluru,High Value
C03168,2026-02-07,Mumbai,Occasional
C03169,2026-01-24,Lucknow,New
C03170,2026-05-15,Delhi NCR,Occasional
C03171,2026-03-01,Delhi NCR,Occasional
C03172,2026-01-16,Mumbai,Occasional
C03173,2026-03-19,Bengaluru,New
C03174,2026-03-31,Pune,New
C03175,2026-01-13,Bengaluru,New
C03176,2026-06-19,Pune,New
C03177,2026-05-01,Delhi NCR,Occasional
C03178,2026-04-21,Bengaluru,Loyal
C03179,2026-04-04,Delhi NCR,New
C03180,2026-06-21,Bengaluru,Occasional
C03181,2026-02-03,Delhi NCR,Occasional
C03182,2026-04-03,Pune,Occasional
C03183,2026-06-04,Mumbai,Occasional
C03184,2026-02-23,Hyderabad,New
C03185,2026-01-28,Bengaluru,Occasional
C03186,2026-01-31,Bengaluru,High Value
C03187,2026-06-17,Jaipur,New
C03188,2026-04-25,Indore,New
C03189,2026-05-20,Hyderabad,New
C03190,2026-05-02,Indore,New
C03191,2026-02-09,Bengaluru,New
C03192,2026-05-21,Pune,Loyal
C03193,2026-05-24,Indore,Loyal
C03194,2026-04-25,Hyderabad,New
C03195,2026-04-22,Bengaluru,New
C03196,2026-05-09,Jaipur,New
C03197,2026-03-12,Pune,New
C03198,2026-01-12,Indore,New
C03199,2026-06-27,Delhi NCR,Loyal
C03200,2026-05-07,Pune,Loyal
C03201,2026-01-20,Bengaluru,Occasional
C03202,2026-04-09,Hyderabad,New
C03203,2026-06-05,Delhi NCR,New
C03204,2026-02-10,Hyderabad,Occasional
C03205,2026-01-03,Lucknow,Loyal
C03206,2026-04-27,Mumbai,Occasional
C03207,2026-03-08,Delhi NCR,New
C03208,2026-03-10,Hyderabad,New
C03209,2026-01-12,Hyderabad,New
C03210,2026-06-13,Bengaluru,Loyal
C03211,2026-02-04,Delhi NCR,Loyal
C03212,2026-06-14,Indore,High Value
C03213,2026-02-23,Hyderabad,New
C03214,2026-03-30,Hyderabad,High Value
C03215,2026-03-25,Bengaluru,Occasional
C03216,2026-05-21,Delhi NCR,New
C03217,2026-06-06,Delhi NCR,High Value
C03218,2026-06-10,Jaipur,Loyal
C03219,2026-02-26,Pune,New
C03220,2026-03-07,Indore,Occasional
C03221,2026-05-30,Bengaluru,Occasional
C03222,2026-04-08,Indore,New
C03223,2026-06-10,Hyderabad,Occasional
C03224,2026-04-24,Delhi NCR,New
C03225,2026-05-29,Hyderabad,Loyal
C03226,2026-04-12,Bengaluru,New
C03227,2026-04-22,Delhi NCR,Loyal
C03228,2026-01-24,Mumbai,Occasional
C03229,2026-02-15,Bengaluru,Occasional
C03230,2026-02-16,Hyderabad,New
C03231,2026-02-11,Lucknow,Loyal
C03232,2026-06-25,Hyderabad,New
C03233,2026-01-19,Mumbai,Occasional
C03234,2026-06-15,Indore,New
C03235,2026-05-15,Bengaluru,Occasional
C03236,2026-01-04,Hyderabad,New
C03237,2026-01-06,Bengaluru,New
C03238,2026-06-14,Indore,New
C03239,2026-01-22,Delhi NCR,Loyal
C03240,2026-06-03,Bengaluru,High Value
C03241,2026-01-28,Hyderabad,Loyal
C03242,2026-01-22,Delhi NCR,Occasional
C03243,2026-05-25,Lucknow,Loyal
C03244,2026-03-20,Delhi NCR,New
C03245,2026-01-15,Hyderabad,New
C03246,2026-05-20,Bengaluru,Loyal
C03247,2026-01-27,Hyderabad,New
C03248,2026-04-17,Bengaluru,Loyal
C03249,2026-01-07,Delhi NCR,New
C03250,2026-04-01,Hyderabad,New
C03251,2026-06-25,Mumbai,Loyal
C03252,2026-01-29,Mumbai,High Value
C03253,2026-02-27,Bengaluru,High Value
C03254,2026-04-02,Bengaluru,New
C03255,2026-04-03,Indore,Loyal
C03256,2026-01-12,Hyderabad,New
C03257,2026-05-16,Delhi NCR,New
C03258,2026-04-19,Bengaluru,Occasional
C03259,2026-03-19,Hyderabad,New
C03260,2026-01-27,Delhi NCR,Occasional
C03261,2026-04-05,Indore,Loyal
C03262,2026-01-20,Jaipur,Loyal
C03263,2026-02-08,Jaipur,New
C03264,2026-02-07,Mumbai,Occasional
C03265,2026-05-03,Jaipur,New
C03266,2026-04-20,Indore,New
C03267,2026-01-24,Delhi NCR,New
C03268,2026-04-09,Delhi NCR,Occasional
C03269,2026-05-04,Pune,New
C03270,2026-06-12,Delhi NCR,Loyal
C03271,2026-06-17,Indore,New
C03272,2026-05-21,Mumbai,Occasional
C03273,2026-05-17,Hyderabad,New
C03274,2026-01-22,Hyderabad,Occasional
C03275,2026-05-28,Jaipur,Loyal
C03276,2026-02-26,Pune,New
C03277,2026-01-01,Delhi NCR,Loyal
C03278,2026-04-03,Hyderabad,High Value
C03279,2026-01-29,Bengaluru,New
C03280,2026-02-05,Delhi NCR,New
C03281,2026-05-22,Indore,Loyal
C03282,2026-03-04,Delhi NCR,New
C03283,2026-02-05,Bengaluru,Occasional
C03284,2026-02-06,Mumbai,New
C03285,2026-04-19,Mumbai,Occasional
C03286,2026-06-19,Hyderabad,Occasional
C03287,2026-06-02,Lucknow,New
C03288,2026-04-04,Bengaluru,New
C03289,2026-01-04,Hyderabad,Loyal
C03290,2026-02-08,Jaipur,Occasional
C03291,2026-02-05,Pune,Occasional
C03292,2026-03-18,Mumbai,Occasional
C03293,2026-04-24,Jaipur,Occasional
C03294,2026-03-15,Bengaluru,New
C03295,2026-06-14,Bengaluru,Occasional
C03296,2026-05-09,Bengaluru,New
C03297,2026-04-19,Pune,Loyal
C03298,2026-05-22,Pune,New
C03299,2026-05-27,Mumbai,Occasional
C03300,2026-04-19,Indore,New
C03301,2026-01-24,Mumbai,High Value
C03302,2026-02-02,Pune,New
C03303,2026-01-15,Delhi NCR,New
C03304,2026-05-24,Hyderabad,New
C03305,2026-06-27,Mumbai,New
C03306,2026-06-14,Mumbai,New
C03307,2026-01-14,Jaipur,Occasional
C03308,2026-02-19,Delhi NCR,New
C03309,2026-04-03,Hyderabad,Loyal
C03310,2026-01-08,Delhi NCR,New
C03311,2026-01-28,Bengaluru,Occasional
C03312,2026-03-21,Bengaluru,New
C03313,2026-01-09,Delhi NCR,New
C03314,2026-05-26,Hyderabad,Occasional
C03315,2026-05-04,Bengaluru,New
C03316,2026-03-21,Bengaluru,New
C03317,2026-03-14,Indore,Occasional
C03318,2026-03-22,Pune,Occasional
C03319,2026-02-03,Pune,New
C03320,2026-04-15,Lucknow,Occasional
C03321,2026-05-09,Jaipur,New
C03322,2026-05-31,Jaipur,Occasional
C03323,2026-01-10,Delhi NCR,New
C03324,2026-04-29,Bengaluru,Occasional
C03325,2026-03-01,Lucknow,Loyal
C03326,2026-06-17,Bengaluru,Occasional
C03327,2026-05-09,Mumbai,Occasional
C03328,2026-06-16,Mumbai,Occasional
C03329,2026-04-25,Jaipur,New
C03330,2026-04-03,Hyderabad,Loyal
C03331,2026-01-11,Lucknow,Loyal
C03332,2026-04-10,Delhi NCR,High Value
C03333,2026-06-05,Bengaluru,New
C03334,2026-06-10,Indore,New
C03335,2026-01-04,Bengaluru,Loyal
C03336,2026-05-21,Lucknow,Loyal
C03337,2026-01-23,Mumbai,Occasional
C03338,2026-02-13,Indore,New
C03339,2026-03-13,Hyderabad,New
C03340,2026-01-19,Bengaluru,Loyal
C03341,2026-03-08,Indore,High Value
C03342,2026-04-24,Hyderabad,New
C03343,2026-02-01,Indore,Occasional
C03344,2026-04-04,Lucknow,New
C03345,2026-06-08,Lucknow,New
C03346,2026-04-04,Mumbai,Occasional
C03347,2026-03-22,Mumbai,Occasional
C03348,2026-05-10,Mumbai,Loyal
C03349,2026-06-24,Bengaluru,High Value
C03350,2026-01-15,Pune,New
C03351,2026-05-24,Bengaluru,Loyal
C03352,2026-03-16,Mumbai,Occasional
C03353,2026-01-19,Delhi NCR,Loyal
C03354,2026-06-21,Bengaluru,Occasional
C03355,2026-06-14,Hyderabad,Loyal
C03356,2026-01-28,Bengaluru,Occasional
C03357,2026-04-12,Jaipur,New
C03358,2026-03-26,Bengaluru,New
C03359,2026-06-04,Mumbai,Occasional
C03360,2026-05-02,Bengaluru,Occasional
C03361,2026-05-20,Bengaluru,Occasional
C03362,2026-06-13,Delhi NCR,Occasional
C03363,2026-06-03,Jaipur,New
C03364,2026-04-03,Jaipur,High Value
C03365,2026-02-24,Bengaluru,Loyal
C03366,2026-06-25,Mumbai,New
C03367,2026-02-15,Bengaluru,New
C03368,2026-04-14,Bengaluru,Loyal
C03369,2026-04-26,Lucknow,Occasional
C03370,2026-06-21,Lucknow,New
C03371,2026-01-14,Bengaluru,Loyal
C03372,2026-03-29,Indore,New
C03373,2026-02-20,Delhi NCR,New
C03374,2026-05-02,Hyderabad,Loyal
C03375,2026-06-28,Mumbai,Loyal
C03376,2026-05-27,Mumbai,New
C03377,2026-06-02,Delhi NCR,Occasional
C03378,2026-05-29,Hyderabad,New
C03379,2026-03-23,Bengaluru,Loyal
C03380,2026-02-07,Mumbai,New
C03381,2026-06-22,Mumbai,Occasional
C03382,2026-01-01,Indore,Loyal
C03383,2026-02-02,Hyderabad,Occasional
C03384,2026-05-29,Bengaluru,New
C03385,2026-02-18,Mumbai,Occasional
C03386,2026-02-12,Hyderabad,New
C03387,2026-02-23,Indore,High Value
C03388,2026-05-28,Indore,New
C03389,2026-04-04,Bengaluru,Loyal
C03390,2026-05-09,Jaipur,New
C03391,2026-05-08,Hyderabad,Occasional
C03392,2026-04-16,Delhi NCR,Loyal
C03393,2026-04-20,Mumbai,Occasional
C03394,2026-01-30,Indore,Occasional
C03395,2026-04-06,Bengaluru,Occasional
C03396,2026-05-19,Mumbai,New
C03397,2026-06-18,Pune,Occasional
C03398,2026-03-14,Pune,Loyal
C03399,2026-01-26,Indore,Loyal
C03400,2026-01-27,Bengaluru,New
C03401,2026-04-16,Bengaluru,Occasional
C03402,2026-06-09,Indore,New
C03403,2026-04-24,Mumbai,Loyal
C03404,2026-06-20,Delhi NCR,Occasional
C03405,2026-02-27,Jaipur,Occasional
C03406,2026-01-30,Delhi NCR,Occasional
C03407,2026-02-01,Delhi NCR,Loyal
C03408,2026-04-29,Mumbai,Loyal
C03409,2026-04-12,Bengaluru,New
C03410,2026-02-27,Mumbai,New
C03411,2026-06-18,Delhi NCR,Loyal
C03412,2026-04-17,Pune,New
C03413,2026-04-17,Bengaluru,New
C03414,2026-04-06,Lucknow,Occasional
C03415,2026-06-03,Delhi NCR,New
C03416,2026-05-27,Indore,New
C03417,2026-04-11,Delhi NCR,Occasional
C03418,2026-01-14,Jaipur,Occasional
C03419,2026-02-02,Indore,New
C03420,2026-02-14,Mumbai,New
C03421,2026-02-10,Mumbai,New
C03422,2026-02-02,Mumbai,Occasional
C03423,2026-04-11,Lucknow,Occasional
C03424,2026-03-08,Jaipur,New
C03425,2026-03-24,Delhi NCR,New
C03426,2026-04-22,Bengaluru,Loyal
C03427,2026-02-09,Bengaluru,Occasional
C03428,2026-01-21,Hyderabad,New
C03429,2026-02-03,Indore,Occasional
C03430,2026-04-02,Bengaluru,Occasional
C03431,2026-02-26,Delhi NCR,Occasional
C03432,2026-03-04,Pune,Loyal
C03433,2026-04-07,Jaipur,Occasional
C03434,2026-03-12,Bengaluru,New
C03435,2026-01-06,Hyderabad,Occasional
C03436,2026-01-27,Bengaluru,Loyal
C03437,2026-02-01,Bengaluru,New
C03438,2026-02-16,Bengaluru,Occasional
C03439,2026-04-03,Lucknow,New
C03440,2026-01-26,Mumbai,New
C03441,2026-01-19,Mumbai,Occasional
C03442,2026-02-23,Pune,New
C03443,2026-03-22,Hyderabad,Occasional
C03444,2026-02-11,Bengaluru,New
C03445,2026-02-15,Hyderabad,Occasional
C03446,2026-01-09,Bengaluru,New
C03447,2026-03-30,Mumbai,Occasional
C03448,2026-05-20,Bengaluru,Occasional
C03449,2026-03-07,Indore,New
C03450,2026-01-08,Hyderabad,Occasional
C03451,2026-02-09,Delhi NCR,New
C03452,2026-02-25,Bengaluru,New
C03453,2026-01-22,Pune,Loyal
C03454,2026-03-10,Delhi NCR,New
C03455,2026-01-24,Delhi NCR,Occasional
C03456,2026-03-17,Mumbai,Loyal
C03457,2026-04-22,Mumbai,New
C03458,2026-02-19,Delhi NCR,New
C03459,2026-03-13,Indore,New
C03460,2026-05-31,Delhi NCR,Loyal
C03461,2026-05-05,Mumbai,Occasional
C03462,2026-06-02,Pune,Loyal
C03463,2026-06-09,Bengaluru,New
C03464,2026-02-21,Hyderabad,New
C03465,2026-06-11,Jaipur,Occasional
C03466,2026-01-09,Indore,New
C03467,2026-04-15,Delhi NCR,Loyal
C03468,2026-06-15,Indore,Occasional
C03469,2026-04-12,Bengaluru,New
C03470,2026-03-24,Mumbai,New
C03471,2026-03-04,Bengaluru,Occasional
C03472,2026-04-06,Bengaluru,New
C03473,2026-01-03,Delhi NCR,New
C03474,2026-03-26,Delhi NCR,Occasional
C03475,2026-03-24,Lucknow,Occasional
C03476,2026-04-09,Delhi NCR,New
C03477,2026-02-25,Bengaluru,New
C03478,2026-06-05,Indore,Loyal
C03479,2026-06-21,Bengaluru,Loyal
C03480,2026-04-18,Pune,Occasional
C03481,2026-03-23,Delhi NCR,New
C03482,2026-05-07,Mumbai,High Value
C03483,2026-04-18,Bengaluru,Occasional
C03484,2026-06-03,Delhi NCR,New
C03485,2026-05-28,Bengaluru,New
C03486,2026-05-28,Indore,Loyal
C03487,2026-03-14,Bengaluru,High Value
C03488,2026-01-10,Lucknow,Loyal
C03489,2026-01-11,Delhi NCR,New
C03490,2026-05-01,Bengaluru,Loyal
C03491,2026-03-19,Delhi NCR,Occasional
C03492,2026-04-13,Bengaluru,Loyal
C03493,2026-05-07,Hyderabad,New
C03494,2026-06-28,Indore,Occasional
C03495,2026-06-14,Indore,New
C03496,2026-04-06,Indore,New
C03497,2026-02-27,Bengaluru,New
C03498,2026-01-27,Indore,Loyal
C03499,2026-04-22,Delhi NCR,New
C03500,2026-04-05,Jaipur,Occasional
C03501,2026-01-02,Indore,Loyal
C03502,2026-03-08,Lucknow,New
C03503,2026-01-13,Indore,New
C03504,2026-03-26,Pune,Loyal
C03505,2026-04-08,Delhi NCR,New
C03506,2026-02-05,Hyderabad,New
C03507,2026-03-23,Lucknow,Occasional
C03508,2026-04-16,Hyderabad,Occasional
C03509,2026-05-14,Mumbai,Occasional
C03510,2026-06-19,Mumbai,New
C03511,2026-05-04,Delhi NCR,New
C03512,2026-03-17,Pune,New
C03513,2026-03-04,Hyderabad,Occasional
C03514,2026-02-22,Pune,New
C03515,2026-05-07,Bengaluru,New
C03516,2026-02-25,Mumbai,New
C03517,2026-05-05,Bengaluru,New
C03518,2026-06-01,Jaipur,Occasional
C03519,2026-03-22,Jaipur,New
C03520,2026-04-27,Hyderabad,Loyal
C03521,2026-01-28,Lucknow,New
C03522,2026-04-04,Mumbai,Occasional
C03523,2026-06-08,Mumbai,Loyal
C03524,2026-02-18,Bengaluru,Occasional
C03525,2026-06-25,Delhi NCR,Loyal
C03526,2026-06-15,Bengaluru,Occasional
C03527,2026-01-28,Pune,New
C03528,2026-04-28,Bengaluru,New
C03529,2026-06-19,Hyderabad,New
C03530,2026-01-31,Indore,New
C03531,2026-04-21,Delhi NCR,New
C03532,2026-04-21,Mumbai,New
C03533,2026-03-11,Delhi NCR,New
C03534,2026-04-08,Pune,Occasional
C03535,2026-03-17,Bengaluru,New
C03536,2026-03-12,Mumbai,Occasional
C03537,2026-04-21,Bengaluru,New
C03538,2026-03-05,Indore,New
C03539,2026-01-14,Lucknow,Occasional
C03540,2026-03-03,Bengaluru,New
C03541,2026-02-27,Lucknow,Occasional
C03542,2026-04-14,Mumbai,New
C03543,2026-06-27,Delhi NCR,New
C03544,2026-02-22,Delhi NCR,New
C03545,2026-06-02,Delhi NCR,New
C03546,2026-02-17,Mumbai,Occasional
C03547,2026-05-03,Pune,Loyal
C03548,2026-06-26,Delhi NCR,New
C03549,2026-01-18,Bengaluru,New
C03550,2026-04-27,Bengaluru,New
C03551,2026-05-02,Mumbai,New
C03552,2026-03-09,Lucknow,New
C03553,2026-01-03,Hyderabad,High Value
C03554,2026-05-30,Bengaluru,Loyal
C03555,2026-05-01,Bengaluru,Loyal
C03556,2026-05-26,Pune,New
C03557,2026-02-28,Mumbai,New
C03558,2026-02-07,Jaipur,New
C03559,2026-03-27,Mumbai,Occasional
C03560,2026-05-20,Delhi NCR,Occasional
C03561,2026-04-04,Mumbai,Loyal
C03562,2026-03-19,Pune,Loyal
C03563,2026-06-19,Lucknow,Loyal
C03564,2026-06-02,Mumbai,New
C03565,2026-05-13,Pune,New
C03566,2026-04-16,Lucknow,Occasional
C03567,2026-02-06,Delhi NCR,New
C03568,2026-05-28,Pune,High Value
C03569,2026-04-03,Delhi NCR,New
C03570,2026-04-07,Hyderabad,High Value
C03571,2026-06-10,Pune,Loyal
C03572,2026-04-26,Indore,Loyal
C03573,2026-02-14,Delhi NCR,Occasional
C03574,2026-03-26,Mumbai,New
C03575,2026-03-12,Delhi NCR,New
C03576,2026-05-14,Pune,Loyal
C03577,2026-02-01,Mumbai,Occasional
C03578,2026-03-30,Delhi NCR,High Value
C03579,2026-05-08,Indore,New
C03580,2026-06-24,Bengaluru,High Value
C03581,2026-06-09,Hyderabad,New
C03582,2026-05-05,Delhi NCR,Loyal
C03583,2026-01-04,Mumbai,New
C03584,2026-06-01,Bengaluru,Occasional
C03585,2026-01-02,Mumbai,Occasional
C03586,2026-01-01,Bengaluru,New
C03587,2026-03-14,Jaipur,Occasional
C03588,2026-05-24,Bengaluru,New
C03589,2026-03-11,Bengaluru,Occasional
C03590,2026-04-21,Hyderabad,New
C03591,2026-02-26,Bengaluru,Loyal
C03592,2026-03-05,Jaipur,Occasional
C03593,2026-04-19,Mumbai,Loyal
C03594,2026-03-08,Indore,Occasional
C03595,2026-02-14,Hyderabad,Occasional
C03596,2026-03-24,Jaipur,New
C03597,2026-02-21,Delhi NCR,New
C03598,2026-02-21,Delhi NCR,New
C03599,2026-05-26,Indore,Occasional
C03600,2026-02-16,Mumbai,Loyal
C03601,2026-04-22,Bengaluru,Occasional
C03602,2026-06-27,Delhi NCR,Loyal
C03603,2026-04-02,Mumbai,Occasional
C03604,2026-04-18,Indore,Occasional
C03605,2026-05-24,Bengaluru,Occasional
C03606,2026-01-23,Pune,Occasional
C03607,2026-03-19,Jaipur,Occasional
C03608,2026-04-06,Bengaluru,Occasional
C03609,2026-05-25,Lucknow,New
C03610,2026-04-11,Bengaluru,Occasional
C03611,2026-04-29,Jaipur,Loyal
C03612,2026-04-28,Jaipur,New
C03613,2026-03-11,Jaipur,Occasional
C03614,2026-03-27,Hyderabad,Loyal
C03615,2026-05-25,Mumbai,New
C03616,2026-01-16,Bengaluru,Occasional
C03617,2026-05-11,Pune,New
C03618,2026-02-22,Mumbai,Occasional
C03619,2026-05-07,Bengaluru,Loyal
C03620,2026-06-13,Lucknow,New
C03621,2026-03-21,Pune,Loyal
C03622,2026-05-05,Hyderabad,New
C03623,2026-01-18,Bengaluru,Occasional
C03624,2026-01-31,Mumbai,New
C03625,2026-01-27,Mumbai,Loyal
C03626,2026-04-24,Mumbai,Loyal
C03627,2026-03-18,Mumbai,High Value
C03628,2026-03-02,Lucknow,Occasional
C03629,2026-06-06,Pune,Loyal
C03630,2026-06-07,Bengaluru,New
C03631,2026-01-06,Bengaluru,Loyal
C03632,2026-06-18,Delhi NCR,Occasional
C03633,2026-06-29,Hyderabad,Occasional
C03634,2026-03-16,Delhi NCR,New
C03635,2026-05-31,Mumbai,Occasional
C03636,2026-04-11,Mumbai,Loyal
C03637,2026-04-29,Mumbai,Occasional
C03638,2026-01-08,Delhi NCR,New
C03639,2026-04-10,Bengaluru,New
C03640,2026-06-15,Hyderabad,Occasional
C03641,2026-04-24,Bengaluru,Loyal
C03642,2026-02-05,Mumbai,Occasional
C03643,2026-03-12,Bengaluru,New
C03644,2026-05-09,Lucknow,Occasional
C03645,2026-03-31,Lucknow,Occasional
C03646,2026-05-12,Bengaluru,Occasional
C03647,2026-04-01,Hyderabad,Occasional
C03648,2026-04-28,Pune,Loyal
C03649,2026-03-13,Jaipur,Occasional
C03650,2026-04-11,Bengaluru,Loyal
C03651,2026-05-04,Mumbai,Occasional
C03652,2026-06-18,Bengaluru,Occasional
C03653,2026-05-10,Jaipur,Occasional
C03654,2026-02-03,Pune,Occasional
C03655,2026-05-29,Delhi NCR,Occasional
C03656,2026-04-14,Bengaluru,New
C03657,2026-02-10,Delhi NCR,Occasional
C03658,2026-05-08,Indore,Occasional
C03659,2026-03-01,Indore,Loyal
C03660,2026-03-02,Bengaluru,Loyal
C03661,2026-04-09,Pune,Occasional
C03662,2026-01-17,Bengaluru,New
C03663,2026-01-10,Lucknow,New
C03664,2026-04-06,Hyderabad,Loyal
C03665,2026-02-14,Delhi NCR,Occasional
C03666,2026-04-07,Bengaluru,Occasional
C03667,2026-05-23,Delhi NCR,New
C03668,2026-04-23,Pune,New
C03669,2026-02-11,Mumbai,Occasional
C03670,2026-02-19,Bengaluru,New
C03671,2026-06-21,Bengaluru,New
C03672,2026-02-05,Lucknow,New
C03673,2026-04-15,Hyderabad,Loyal
C03674,2026-03-29,Bengaluru,Occasional
C03675,2026-06-14,Mumbai,New
C03676,2026-02-23,Hyderabad,Occasional
C03677,2026-04-01,Delhi NCR,Loyal
C03678,2026-02-05,Jaipur,Occasional
C03679,2026-06-10,Mumbai,New
C03680,2026-01-21,Bengaluru,Occasional
C03681,2026-01-26,Bengaluru,New
C03682,2026-06-03,Hyderabad,New
C03683,2026-03-16,Indore,New
C03684,2026-04-02,Bengaluru,Loyal
C03685,2026-03-15,Bengaluru,Occasional
C03686,2026-05-13,Indore,Occasional
C03687,2026-04-13,Hyderabad,Occasional
C03688,2026-01-29,Hyderabad,Loyal
C03689,2026-03-09,Hyderabad,New
C03690,2026-04-18,Delhi NCR,New
C03691,2026-01-16,Bengaluru,Occasional
C03692,2026-03-26,Indore,Occasional
C03693,2026-01-16,Delhi NCR,New
C03694,2026-05-25,Lucknow,Occasional
C03695,2026-01-10,Delhi NCR,New
C03696,2026-04-17,Hyderabad,Occasional
C03697,2026-01-21,Lucknow,Occasional
C03698,2026-02-03,Delhi NCR,New
C03699,2026-01-10,Mumbai,New
C03700,2026-03-31,Mumbai,New
C03701,2026-02-28,Bengaluru,New
C03702,2026-02-20,Hyderabad,Loyal
C03703,2026-06-24,Pune,New
C03704,2026-05-04,Bengaluru,Occasional
C03705,2026-06-28,Bengaluru,Occasional
C03706,2026-05-21,Bengaluru,Occasional
C03707,2026-06-07,Indore,New
C03708,2026-02-19,Delhi NCR,Loyal
C03709,2026-03-02,Delhi NCR,Occasional
C03710,2026-02-28,Mumbai,Occasional
C03711,2026-05-18,Hyderabad,High Value
C03712,2026-01-04,Lucknow,New
C03713,2026-01-15,Bengaluru,New
C03714,2026-02-16,Delhi NCR,New
C03715,2026-06-04,Hyderabad,New
C03716,2026-03-16,Bengaluru,New
C03717,2026-06-18,Bengaluru,New
C03718,2026-03-06,Indore,New
C03719,2026-04-02,Lucknow,Loyal
C03720,2026-04-24,Pune,Loyal
C03721,2026-05-22,Delhi NCR,Occasional
C03722,2026-05-15,Lucknow,New
C03723,2026-05-19,Mumbai,New
C03724,2026-04-16,Pune,Occasional
C03725,2026-03-13,Bengaluru,Loyal
C03726,2026-05-14,Delhi NCR,Occasional
C03727,2026-02-23,Bengaluru,Occasional
C03728,2026-02-06,Bengaluru,New
C03729,2026-04-23,Hyderabad,Occasional
C03730,2026-01-30,Bengaluru,Loyal
C03731,2026-03-11,Delhi NCR,New
C03732,2026-01-22,Bengaluru,Loyal
C03733,2026-04-09,Mumbai,Loyal
C03734,2026-04-09,Mumbai,New
C03735,2026-04-08,Bengaluru,Occasional
C03736,2026-01-14,Pune,New
C03737,2026-03-31,Indore,Loyal
C03738,2026-03-28,Indore,Loyal
C03739,2026-06-01,Delhi NCR,New
C03740,2026-06-09,Mumbai,Occasional
C03741,2026-01-15,Jaipur,Occasional
C03742,2026-06-23,Delhi NCR,High Value
C03743,2026-05-17,Mumbai,Occasional
C03744,2026-05-26,Jaipur,New
C03745,2026-04-08,Mumbai,High Value
C03746,2026-03-02,Bengaluru,New
C03747,2026-06-24,Indore,New
C03748,2026-03-05,Jaipur,New
C03749,2026-05-27,Mumbai,Occasional
C03750,2026-04-03,Delhi NCR,New
C03751,2026-06-17,Jaipur,Occasional
C03752,2026-02-01,Delhi NCR,Occasional
C03753,2026-03-09,Lucknow,Occasional
C03754,2026-01-05,Mumbai,Occasional
C03755,2026-04-02,Mumbai,Loyal
C03756,2026-02-25,Mumbai,Occasional
C03757,2026-01-21,Delhi NCR,Occasional
C03758,2026-03-22,Indore,Occasional
C03759,2026-03-08,Jaipur,New
C03760,2026-05-07,Bengaluru,Occasional
C03761,2026-02-07,Lucknow,Occasional
C03762,2026-03-01,Bengaluru,New
C03763,2026-06-25,Mumbai,Occasional
C03764,2026-03-23,Bengaluru,Occasional
C03765,2026-01-16,Indore,High Value
C03766,2026-03-07,Bengaluru,Loyal
C03767,2026-04-01,Hyderabad,New
C03768,2026-03-02,Delhi NCR,New
C03769,2026-04-24,Bengaluru,New
C03770,2026-02-22,Delhi NCR,New
C03771,2026-06-24,Mumbai,Occasional
C03772,2026-03-14,Bengaluru,New
C03773,2026-04-03,Delhi NCR,New
C03774,2026-06-16,Mumbai,Loyal
C03775,2026-03-17,Hyderabad,New
C03776,2026-01-12,Delhi NCR,New
C03777,2026-06-01,Bengaluru,Occasional
C03778,2026-03-22,Mumbai,Loyal
C03779,2026-05-11,Jaipur,Occasional
C03780,2026-02-25,Mumbai,Occasional
C03781,2026-06-18,Pune,New
C03782,2026-06-16,Bengaluru,New
C03783,2026-02-27,Hyderabad,High Value
C03784,2026-06-11,Hyderabad,New
C03785,2026-02-01,Lucknow,Occasional
C03786,2026-01-14,Hyderabad,Occasional
C03787,2026-05-14,Mumbai,New
C03788,2026-05-28,Delhi NCR,New
C03789,2026-03-04,Jaipur,High Value
C03790,2026-03-01,Mumbai,Occasional
C03791,2026-01-30,Pune,Occasional
C03792,2026-04-15,Delhi NCR,New
C03793,2026-05-10,Bengaluru,New
C03794,2026-05-04,Hyderabad,Occasional
C03795,2026-04-18,Delhi NCR,Loyal
C03796,2026-02-02,Indore,New
C03797,2026-04-15,Pune,Occasional
C03798,2026-06-05,Delhi NCR,New
C03799,2026-03-22,Bengaluru,New
C03800,2026-05-10,Indore,Occasional
C03801,2026-06-11,Lucknow,New
C03802,2026-02-16,Lucknow,New
C03803,2026-01-31,Mumbai,Occasional
C03804,2026-05-01,Pune,New
C03805,2026-01-09,Jaipur,New
C03806,2026-02-12,Indore,New
C03807,2026-05-16,Lucknow,Loyal
C03808,2026-04-01,Bengaluru,Occasional
C03809,2026-03-03,Pune,New
C03810,2026-03-28,Hyderabad,Occasional
C03811,2026-01-12,Bengaluru,Loyal
C03812,2026-04-25,Lucknow,Occasional
C03813,2026-04-22,Delhi NCR,Occasional
C03814,2026-02-04,Pune,Occasional
C03815,2026-05-31,Lucknow,Loyal
C03816,2026-01-22,Bengaluru,New
C03817,2026-06-01,Delhi NCR,Occasional
C03818,2026-04-08,Delhi NCR,New
C03819,2026-05-31,Delhi NCR,Loyal
C03820,2026-03-01,Delhi NCR,New
C03821,2026-05-25,Mumbai,Occasional
C03822,2026-05-11,Lucknow,Occasional
C03823,2026-03-24,Mumbai,Occasional
C03824,2026-02-06,Bengaluru,Loyal
C03825,2026-02-23,Mumbai,New
C03826,2026-06-07,Delhi NCR,New
C03827,2026-02-12,Bengaluru,New
C03828,2026-04-23,Delhi NCR,New
C03829,2026-03-08,Indore,Occasional
C03830,2026-03-01,Pune,New
C03831,2026-02-22,Hyderabad,Occasional
C03832,2026-02-13,Bengaluru,Loyal
C03833,2026-05-19,Hyderabad,New
C03834,2026-05-06,Jaipur,New
C03835,2026-02-22,Delhi NCR,Loyal
C03836,2026-04-20,Pune,Occasional
C03837,2026-04-27,Delhi NCR,New
C03838,2026-01-31,Mumbai,Occasional
C03839,2026-03-09,Bengaluru,New
C03840,2026-03-13,Pune,New
C03841,2026-04-01,Jaipur,Occasional
C03842,2026-02-26,Pune,New
C03843,2026-05-10,Delhi NCR,Occasional
C03844,2026-05-12,Pune,New
C03845,2026-06-26,Delhi NCR,Loyal
C03846,2026-04-21,Bengaluru,Occasional
C03847,2026-05-14,Delhi NCR,Loyal
C03848,2026-06-19,Jaipur,Occasional
C03849,2026-06-12,Hyderabad,New
C03850,2026-05-31,Mumbai,Loyal
C03851,2026-06-22,Delhi NCR,Occasional
C03852,2026-05-05,Jaipur,Occasional
C03853,2026-03-14,Bengaluru,Occasional
C03854,2026-01-23,Indore,Loyal
C03855,2026-02-24,Bengaluru,New
C03856,2026-05-23,Hyderabad,Occasional
C03857,2026-01-10,Mumbai,New
C03858,2026-04-08,Hyderabad,New
C03859,2026-03-31,Mumbai,Occasional
C03860,2026-02-16,Lucknow,Loyal
C03861,2026-03-16,Pune,Occasional
C03862,2026-06-11,Mumbai,New
C03863,2026-05-04,Delhi NCR,New
C03864,2026-03-15,Mumbai,Occasional
C03865,2026-03-05,Pune,New
C03866,2026-04-29,Indore,Occasional
C03867,2026-03-30,Pune,Occasional
C03868,2026-05-04,Lucknow,Loyal
C03869,2026-06-03,Mumbai,New
C03870,2026-03-16,Delhi NCR,New
C03871,2026-04-15,Bengaluru,Loyal
C03872,2026-03-08,Pune,New
C03873,2026-04-24,Mumbai,New
C03874,2026-01-14,Delhi NCR,Occasional
C03875,2026-03-28,Hyderabad,New
C03876,2026-04-25,Mumbai,Occasional
C03877,2026-02-12,Hyderabad,Loyal
C03878,2026-01-29,Indore,Occasional
C03879,2026-03-26,Bengaluru,Occasional
C03880,2026-01-06,Jaipur,New
C03881,2026-03-27,Lucknow,Occasional
C03882,2026-05-22,Bengaluru,New
C03883,2026-02-23,Delhi NCR,New
C03884,2026-02-10,Jaipur,New
C03885,2026-02-28,Delhi NCR,New
C03886,2026-04-06,Delhi NCR,New
C03887,2026-03-05,Indore,New
C03888,2026-01-06,Pune,Occasional
C03889,2026-05-09,Mumbai,Occasional
C03890,2026-02-10,Delhi NCR,New
C03891,2026-06-11,Jaipur,New
C03892,2026-03-11,Pune,Loyal
C03893,2026-04-07,Hyderabad,New
C03894,2026-03-11,Lucknow,New
C03895,2026-05-10,Pune,Occasional
C03896,2026-04-17,Bengaluru,Occasional
C03897,2026-05-19,Hyderabad,New
C03898,2026-05-31,Jaipur,New
C03899,2026-06-05,Lucknow,Loyal
C03900,2026-04-19,Mumbai,New
C03901,2026-03-12,Mumbai,New
C03902,2026-06-17,Hyderabad,New
C03903,2026-04-20,Bengaluru,High Value
C03904,2026-05-24,Delhi NCR,New
C03905,2026-06-29,Hyderabad,New
C03906,2026-01-05,Indore,Occasional
C03907,2026-04-06,Jaipur,Occasional
C03908,2026-04-26,Delhi NCR,High Value
C03909,2026-04-12,Jaipur,Occasional
C03910,2026-05-03,Hyderabad,Occasional
C03911,2026-03-27,Bengaluru,Occasional
C03912,2026-01-22,Bengaluru,New
C03913,2026-05-06,Hyderabad,New
C03914,2026-04-14,Hyderabad,Occasional
C03915,2026-05-26,Jaipur,New
C03916,2026-05-07,Delhi NCR,New
C03917,2026-03-28,Jaipur,New
C03918,2026-06-26,Hyderabad,New
C03919,2026-01-02,Delhi NCR,New
C03920,2026-05-24,Jaipur,Occasional
C03921,2026-03-22,Indore,New
C03922,2026-04-29,Pune,Occasional
C03923,2026-01-21,Indore,Occasional
C03924,2026-01-20,Mumbai,Occasional
C03925,2026-02-11,Mumbai,New
C03926,2026-02-20,Mumbai,High Value
C03927,2026-01-10,Lucknow,Occasional
C03928,2026-06-10,Jaipur,Occasional
C03929,2026-05-21,Mumbai,New
C03930,2026-01-31,Mumbai,New
C03931,2026-06-23,Delhi NCR,New
C03932,2026-04-06,Hyderabad,New
C03933,2026-03-16,Mumbai,New
C03934,2026-06-07,Indore,New
C03935,2026-06-04,Delhi NCR,Occasional
C03936,2026-03-26,Indore,Occasional
C03937,2026-02-04,Bengaluru,Occasional
C03938,2026-05-02,Bengaluru,New
C03939,2026-02-08,Mumbai,High Value
C03940,2026-01-02,Delhi NCR,New
C03941,2026-06-27,Bengaluru,Occasional
C03942,2026-01-25,Bengaluru,Occasional
C03943,2026-02-10,Bengaluru,Occasional
C03944,2026-02-27,Delhi NCR,New
C03945,2026-02-19,Delhi NCR,Loyal
C03946,2026-04-20,Hyderabad,New
C03947,2026-06-09,Jaipur,Loyal
C03948,2026-05-24,Hyderabad,Occasional
C03949,2026-01-20,Hyderabad,New
C03950,2026-02-25,Delhi NCR,New
C03951,2026-01-27,Bengaluru,Occasional
C03952,2026-06-15,Jaipur,New
C03953,2026-06-01,Hyderabad,High Value
C03954,2026-06-07,Pune,Occasional
C03955,2026-02-13,Bengaluru,New
C03956,2026-02-25,Bengaluru,Loyal
C03957,2026-02-07,Bengaluru,Occasional
C03958,2026-01-01,Delhi NCR,Loyal
C03959,2026-01-14,Bengaluru,Loyal
C03960,2026-04-19,Pune,New
C03961,2026-05-09,Jaipur,New
C03962,2026-04-11,Mumbai,New
C03963,2026-05-02,Delhi NCR,Loyal
C03964,2026-03-23,Hyderabad,Loyal
C03965,2026-02-24,Indore,Loyal
C03966,2026-03-13,Pune,Loyal
C03967,2026-05-24,Mumbai,Occasional
C03968,2026-03-06,Pune,Occasional
C03969,2026-04-22,Hyderabad,New
C03970,2026-04-04,Lucknow,Loyal
C03971,2026-03-30,Pune,New
C03972,2026-05-24,Lucknow,Loyal
C03973,2026-02-18,Mumbai,New
C03974,2026-01-03,Delhi NCR,New
C03975,2026-02-19,Bengaluru,New
C03976,2026-01-25,Lucknow,Loyal
C03977,2026-05-09,Indore,Occasional
C03978,2026-01-09,Hyderabad,Occasional
C03979,2026-04-12,Bengaluru,Occasional
C03980,2026-03-06,Delhi NCR,New
C03981,2026-05-27,Jaipur,Loyal
C03982,2026-05-01,Indore,Occasional
C03983,2026-05-06,Bengaluru,Occasional
C03984,2026-06-15,Pune,Loyal
C03985,2026-01-10,Delhi NCR,Occasional
C03986,2026-02-09,Pune,New
C03987,2026-02-03,Bengaluru,Loyal
C03988,2026-01-31,Bengaluru,Occasional
C03989,2026-01-16,Delhi NCR,Loyal
C03990,2026-03-13,Indore,New
C03991,2026-06-07,Pune,New
C03992,2026-06-22,Lucknow,New
C03993,2026-02-13,Lucknow,Occasional
C03994,2026-04-04,Mumbai,Loyal
C03995,2026-04-14,Mumbai,Occasional
C03996,2026-01-16,Bengaluru,Loyal
C03997,2026-05-09,Bengaluru,New
C03998,2026-02-14,Mumbai,New
C03999,2026-02-20,Pune,New
C04000,2026-06-12,Pune,Loyal
C04001,2026-01-01,Delhi NCR,Occasional
C04002,2026-01-31,Delhi NCR,Occasional
C04003,2026-06-28,Bengaluru,Loyal
C04004,2026-01-23,Bengaluru,New
C04005,2026-01-23,Bengaluru,Occasional
C04006,2026-01-06,Jaipur,Loyal
C04007,2026-02-25,Hyderabad,Occasional
C04008,2026-03-05,Delhi NCR,Occasional
C04009,2026-02-18,Pune,Occasional
C04010,2026-03-21,Bengaluru,Occasional
C04011,2026-02-15,Delhi NCR,Occasional
C04012,2026-04-16,Delhi NCR,New
C04013,2026-02-21,Bengaluru,New
C04014,2026-06-28,Mumbai,New
C04015,2026-04-01,Hyderabad,New
C04016,2026-06-14,Mumbai,Loyal
C04017,2026-06-25,Jaipur,New
C04018,2026-05-30,Mumbai,Occasional
C04019,2026-02-23,Indore,Occasional
C04020,2026-06-15,Jaipur,Loyal
C04021,2026-02-23,Delhi NCR,High Value
C04022,2026-05-22,Jaipur,Loyal
C04023,2026-01-24,Mumbai,New
C04024,2026-02-25,Mumbai,New
C04025,2026-01-30,Mumbai,Occasional
C04026,2026-05-02,Bengaluru,Occasional
C04027,2026-04-06,Hyderabad,Occasional
C04028,2026-01-09,Delhi NCR,New
C04029,2026-04-02,Lucknow,New
C04030,2026-04-18,Mumbai,New
C04031,2026-01-26,Bengaluru,New
C04032,2026-02-11,Mumbai,New
C04033,2026-01-06,Mumbai,Occasional
C04034,2026-06-01,Hyderabad,Occasional
C04035,2026-04-13,Mumbai,New
C04036,2026-04-06,Hyderabad,Occasional
C04037,2026-04-13,Delhi NCR,High Value
C04038,2026-03-01,Jaipur,Loyal
C04039,2026-05-10,Bengaluru,Occasional
C04040,2026-03-10,Indore,New
C04041,2026-01-08,Bengaluru,New
C04042,2026-03-18,Lucknow,High Value
C04043,2026-05-15,Delhi NCR,High Value
C04044,2026-02-05,Bengaluru,New
C04045,2026-01-14,Indore,New
C04046,2026-02-06,Jaipur,Occasional
C04047,2026-02-12,Mumbai,Occasional
C04048,2026-02-21,Lucknow,New
C04049,2026-01-21,Bengaluru,Loyal
C04050,2026-04-22,Bengaluru,New
C04051,2026-06-25,Hyderabad,Loyal
C04052,2026-01-02,Mumbai,New
C04053,2026-05-01,Hyderabad,New
C04054,2026-02-24,Lucknow,Occasional
C04055,2026-04-29,Pune,Occasional
C04056,2026-01-25,Mumbai,New
C04057,2026-02-04,Mumbai,New
C04058,2026-03-14,Jaipur,Occasional
C04059,2026-04-19,Hyderabad,Occasional
C04060,2026-03-30,Mumbai,Occasional
C04061,2026-05-31,Bengaluru,Loyal
C04062,2026-02-15,Jaipur,New
C04063,2026-03-29,Mumbai,New
C04064,2026-06-03,Pune,Loyal
C04065,2026-06-15,Delhi NCR,Occasional
C04066,2026-01-12,Delhi NCR,Occasional
C04067,2026-03-28,Mumbai,New
C04068,2026-02-08,Delhi NCR,New
C04069,2026-05-04,Bengaluru,High Value
C04070,2026-04-18,Bengaluru,New
C04071,2026-05-13,Jaipur,Occasional
C04072,2026-01-22,Delhi NCR,Occasional
C04073,2026-06-17,Lucknow,Loyal
C04074,2026-01-04,Bengaluru,New
C04075,2026-05-10,Mumbai,Occasional
C04076,2026-05-05,Hyderabad,Occasional
C04077,2026-04-19,Jaipur,New
C04078,2026-03-08,Pune,New
C04079,2026-04-26,Mumbai,Loyal
C04080,2026-03-27,Lucknow,High Value
C04081,2026-01-29,Jaipur,High Value
C04082,2026-05-17,Pune,Loyal
C04083,2026-01-21,Bengaluru,New
C04084,2026-06-01,Delhi NCR,Occasional
C04085,2026-06-07,Pune,Occasional
C04086,2026-01-13,Mumbai,New
C04087,2026-05-06,Mumbai,New
C04088,2026-06-03,Pune,New
C04089,2026-03-28,Pune,Occasional
C04090,2026-01-07,Hyderabad,New
C04091,2026-04-02,Mumbai,Occasional
C04092,2026-03-18,Hyderabad,Occasional
C04093,2026-04-02,Pune,Occasional
C04094,2026-04-12,Delhi NCR,New
C04095,2026-01-25,Bengaluru,New
C04096,2026-05-07,Mumbai,New
C04097,2026-04-28,Pune,New
C04098,2026-05-15,Hyderabad,New
C04099,2026-03-25,Mumbai,New
C04100,2026-06-13,Jaipur,New
C04101,2026-05-12,Indore,New
C04102,2026-06-13,Pune,Occasional
C04103,2026-01-06,Bengaluru,Occasional
C04104,2026-06-17,Pune,New
C04105,2026-04-21,Indore,Loyal
C04106,2026-05-27,Delhi NCR,New
C04107,2026-05-12,Hyderabad,Loyal
C04108,2026-06-27,Jaipur,New
C04109,2026-05-02,Delhi NCR,Loyal
C04110,2026-03-12,Pune,Loyal
C04111,2026-03-12,Mumbai,New
C04112,2026-04-13,Lucknow,Occasional
C04113,2026-03-11,Bengaluru,New
C04114,2026-04-17,Hyderabad,New
C04115,2026-04-29,Hyderabad,High Value
C04116,2026-03-23,Bengaluru,New
C04117,2026-03-25,Delhi NCR,Occasional
C04118,2026-06-05,Jaipur,Occasional
C04119,2026-06-12,Hyderabad,Occasional
C04120,2026-05-02,Indore,New
C04121,2026-03-29,Delhi NCR,Loyal
C04122,2026-02-08,Mumbai,Occasional
C04123,2026-02-23,Hyderabad,New
C04124,2026-04-10,Delhi NCR,New
C04125,2026-05-27,Indore,Occasional
C04126,2026-05-24,Indore,New
C04127,2026-05-16,Delhi NCR,New
C04128,2026-03-22,Mumbai,Occasional
C04129,2026-02-09,Hyderabad,New
C04130,2026-04-01,Hyderabad,New
C04131,2026-01-06,Pune,New
C04132,2026-05-06,Indore,New
C04133,2026-05-18,Bengaluru,Occasional
C04134,2026-02-01,Bengaluru,New
C04135,2026-01-29,Hyderabad,New
C04136,2026-02-10,Jaipur,High Value
C04137,2026-04-13,Hyderabad,New
C04138,2026-02-25,Mumbai,Occasional
C04139,2026-03-23,Jaipur,Occasional
C04140,2026-06-20,Lucknow,High Value
C04141,2026-06-12,Delhi NCR,Occasional
C04142,2026-04-11,Delhi NCR,New
C04143,2026-04-29,Delhi NCR,Loyal
C04144,2026-02-10,Indore,New
C04145,2026-03-15,Bengaluru,Loyal
C04146,2026-04-29,Hyderabad,Occasional
C04147,2026-01-26,Mumbai,Occasional
C04148,2026-04-18,Mumbai,Occasional
C04149,2026-06-08,Delhi NCR,Occasional
C04150,2026-05-09,Indore,Occasional
C04151,2026-04-15,Indore,New
C04152,2026-03-05,Bengaluru,Occasional
C04153,2026-06-25,Bengaluru,New
C04154,2026-06-03,Lucknow,Occasional
C04155,2026-05-22,Mumbai,New
C04156,2026-02-11,Mumbai,Occasional
C04157,2026-03-03,Bengaluru,Loyal
C04158,2026-02-21,Delhi NCR,New
C04159,2026-01-08,Delhi NCR,Occasional
C04160,2026-03-04,Pune,Occasional
C04161,2026-03-03,Jaipur,High Value
C04162,2026-05-09,Hyderabad,Loyal
C04163,2026-03-26,Lucknow,Loyal
C04164,2026-03-04,Mumbai,High Value
C04165,2026-01-02,Pune,Occasional
C04166,2026-04-15,Lucknow,High Value
C04167,2026-04-09,Bengaluru,New
C04168,2026-03-08,Lucknow,Occasional
C04169,2026-06-05,Hyderabad,Occasional
C04170,2026-01-07,Mumbai,Loyal
C04171,2026-01-16,Delhi NCR,New
C04172,2026-01-11,Delhi NCR,Occasional
C04173,2026-05-11,Hyderabad,Occasional
C04174,2026-02-01,Bengaluru,Loyal
C04175,2026-05-29,Pune,New
C04176,2026-02-13,Delhi NCR,Occasional
C04177,2026-02-06,Lucknow,Loyal
C04178,2026-02-23,Delhi NCR,New
C04179,2026-06-27,Bengaluru,Loyal
C04180,2026-05-06,Pune,Occasional
C04181,2026-03-29,Delhi NCR,Occasional
C04182,2026-04-26,Pune,Occasional
C04183,2026-06-02,Bengaluru,New
C04184,2026-05-14,Delhi NCR,New
C04185,2026-04-05,Hyderabad,Occasional
C04186,2026-03-20,Indore,New
C04187,2026-06-12,Delhi NCR,Occasional
C04188,2026-06-22,Delhi NCR,Occasional
C04189,2026-06-27,Bengaluru,Occasional
C04190,2026-04-09,Delhi NCR,New
C04191,2026-02-24,Hyderabad,New
C04192,2026-01-04,Delhi NCR,Occasional
C04193,2026-05-13,Mumbai,Occasional
C04194,2026-02-13,Indore,Occasional
C04195,2026-05-31,Lucknow,New
C04196,2026-04-06,Mumbai,Loyal
C04197,2026-06-15,Bengaluru,Occasional
C04198,2026-02-14,Mumbai,New
C04199,2026-06-21,Indore,New
C04200,2026-03-21,Delhi NCR,New
C04201,2026-06-05,Jaipur,Loyal
C04202,2026-06-16,Delhi NCR,Occasional
C04203,2026-05-26,Lucknow,Loyal
C04204,2026-05-15,Lucknow,Occasional
C04205,2026-04-04,Pune,New
C04206,2026-01-26,Indore,Occasional
C04207,2026-03-11,Hyderabad,Occasional
C04208,2026-05-18,Lucknow,High Value
C04209,2026-01-15,Mumbai,Occasional
C04210,2026-03-04,Delhi NCR,Occasional
C04211,2026-06-26,Indore,Loyal
C04212,2026-02-28,Pune,Occasional
C04213,2026-01-11,Indore,New
C04214,2026-03-13,Bengaluru,New
C04215,2026-01-17,Lucknow,New
C04216,2026-03-19,Bengaluru,New
C04217,2026-05-30,Jaipur,Occasional
C04218,2026-01-26,Hyderabad,Loyal
C04219,2026-03-23,Jaipur,New
C04220,2026-05-03,Bengaluru,New
C04221,2026-02-20,Bengaluru,Occasional
C04222,2026-06-03,Mumbai,Occasional
C04223,2026-05-29,Mumbai,Loyal
C04224,2026-04-24,Jaipur,New
C04225,2026-06-12,Hyderabad,Occasional
C04226,2026-01-01,Delhi NCR,New
C04227,2026-03-11,Mumbai,New
C04228,2026-05-10,Mumbai,New
C04229,2026-06-15,Delhi NCR,Loyal
C04230,2026-03-05,Delhi NCR,Occasional
C04231,2026-05-09,Delhi NCR,Occasional
C04232,2026-02-16,Mumbai,New
C04233,2026-05-11,Mumbai,New
C04234,2026-01-17,Jaipur,Occasional
C04235,2026-01-25,Indore,Occasional
C04236,2026-06-13,Pune,Loyal
C04237,2026-02-19,Jaipur,Occasional
C04238,2026-02-24,Delhi NCR,New
C04239,2026-05-16,Mumbai,Occasional
C04240,2026-06-06,Delhi NCR,Occasional
C04241,2026-03-24,Bengaluru,Occasional
C04242,2026-02-13,Lucknow,Occasional
C04243,2026-02-10,Delhi NCR,Occasional
C04244,2026-05-02,Hyderabad,Loyal
C04245,2026-03-10,Delhi NCR,New
C04246,2026-03-19,Mumbai,New
C04247,2026-04-01,Jaipur,New
C04248,2026-03-20,Mumbai,New
C04249,2026-04-17,Bengaluru,Loyal
C04250,2026-01-15,Indore,New
C04251,2026-02-05,Indore,Occasional
C04252,2026-01-05,Jaipur,New
C04253,2026-06-19,Pune,New
C04254,2026-04-06,Bengaluru,Occasional
C04255,2026-04-08,Delhi NCR,Occasional
C04256,2026-02-21,Jaipur,Occasional
C04257,2026-04-23,Lucknow,New
C04258,2026-03-04,Bengaluru,Occasional
C04259,2026-06-01,Mumbai,High Value
C04260,2026-01-12,Jaipur,New
C04261,2026-05-05,Delhi NCR,High Value
C04262,2026-05-31,Mumbai,New
C04263,2026-06-13,Delhi NCR,Occasional
C04264,2026-04-23,Indore,New
C04265,2026-02-04,Lucknow,New
C04266,2026-04-16,Jaipur,Loyal
C04267,2026-05-31,Delhi NCR,New
C04268,2026-01-23,Mumbai,New
C04269,2026-05-20,Jaipur,New
C04270,2026-05-16,Jaipur,Occasional
C04271,2026-02-05,Jaipur,New
C04272,2026-06-29,Pune,New
C04273,2026-04-03,Lucknow,Occasional
C04274,2026-02-24,Bengaluru,Occasional
C04275,2026-04-28,Delhi NCR,New
C04276,2026-03-08,Delhi NCR,Occasional
C04277,2026-01-06,Bengaluru,Occasional
C04278,2026-04-20,Mumbai,Occasional
C04279,2026-01-13,Jaipur,New
C04280,2026-05-12,Mumbai,Occasional
C04281,2026-01-09,Indore,Loyal
C04282,2026-03-25,Jaipur,Occasional
C04283,2026-05-28,Delhi NCR,New
C04284,2026-01-20,Hyderabad,High Value
C04285,2026-01-29,Hyderabad,Loyal
C04286,2026-01-23,Hyderabad,Occasional
C04287,2026-06-16,Indore,Occasional
C04288,2026-06-25,Mumbai,New
C04289,2026-04-26,Lucknow,High Value
C04290,2026-02-08,Hyderabad,New
C04291,2026-06-15,Hyderabad,Occasional
C04292,2026-06-27,Pune,Loyal
C04293,2026-01-06,Mumbai,New
C04294,2026-06-09,Jaipur,New
C04295,2026-02-27,Delhi NCR,New
C04296,2026-02-27,Hyderabad,Occasional
C04297,2026-05-17,Mumbai,Occasional
C04298,2026-05-28,Indore,Loyal
C04299,2026-05-28,Bengaluru,Loyal
C04300,2026-02-22,Delhi NCR,New
C04301,2026-05-17,Hyderabad,Loyal
C04302,2026-02-02,Hyderabad,High Value
C04303,2026-03-25,Lucknow,Loyal
C04304,2026-06-18,Delhi NCR,New
C04305,2026-04-19,Indore,New
C04306,2026-02-25,Jaipur,New
C04307,2026-04-23,Bengaluru,Loyal
C04308,2026-01-07,Mumbai,Occasional
C04309,2026-02-23,Mumbai,Occasional
C04310,2026-04-13,Delhi NCR,Loyal
C04311,2026-06-01,Jaipur,New
C04312,2026-02-14,Mumbai,Occasional
C04313,2026-05-13,Bengaluru,Occasional
C04314,2026-01-31,Indore,Occasional
C04315,2026-04-02,Pune,New
C04316,2026-02-18,Delhi NCR,New
C04317,2026-05-10,Delhi NCR,New
C04318,2026-01-29,Indore,New
C04319,2026-04-08,Jaipur,New
C04320,2026-01-26,Delhi NCR,Loyal
C04321,2026-01-17,Mumbai,Loyal
C04322,2026-03-18,Delhi NCR,Occasional
C04323,2026-06-16,Hyderabad,New
C04324,2026-05-01,Bengaluru,High Value
C04325,2026-06-15,Lucknow,New
C04326,2026-03-05,Bengaluru,New
C04327,2026-05-13,Bengaluru,Occasional
C04328,2026-01-10,Bengaluru,Loyal
C04329,2026-06-19,Delhi NCR,Occasional
C04330,2026-02-10,Mumbai,New
C04331,2026-05-13,Indore,Occasional
C04332,2026-06-21,Bengaluru,Loyal
C04333,2026-01-29,Jaipur,New
C04334,2026-02-22,Delhi NCR,Occasional
C04335,2026-03-09,Hyderabad,New
C04336,2026-01-07,Delhi NCR,Loyal
C04337,2026-01-09,Pune,New
C04338,2026-04-15,Bengaluru,New
C04339,2026-06-03,Pune,New
C04340,2026-01-26,Bengaluru,Loyal
C04341,2026-01-24,Mumbai,New
C04342,2026-05-02,Mumbai,New
C04343,2026-05-18,Mumbai,Loyal
C04344,2026-06-13,Bengaluru,Occasional
C04345,2026-03-07,Bengaluru,Occasional
C04346,2026-04-04,Indore,Occasional
C04347,2026-01-25,Mumbai,Occasional
C04348,2026-05-27,Delhi NCR,New
C04349,2026-02-03,Jaipur,New
C04350,2026-06-18,Bengaluru,New
C04351,2026-04-14,Delhi NCR,Occasional
C04352,2026-03-05,Delhi NCR,New
C04353,2026-06-18,Delhi NCR,Occasional
C04354,2026-04-29,Pune,Occasional
C04355,2026-05-28,Indore,New
C04356,2026-02-03,Delhi NCR,New
C04357,2026-02-07,Hyderabad,Loyal
C04358,2026-01-09,Pune,Loyal
C04359,2026-06-11,Bengaluru,New
C04360,2026-02-16,Bengaluru,Occasional
C04361,2026-03-02,Bengaluru,New
C04362,2026-05-27,Mumbai,Loyal
C04363,2026-02-18,Hyderabad,Loyal
C04364,2026-05-28,Mumbai,High Value
C04365,2026-04-27,Hyderabad,Occasional
C04366,2026-01-31,Pune,Occasional
C04367,2026-05-12,Indore,New
C04368,2026-02-17,Delhi NCR,Loyal
C04369,2026-05-05,Jaipur,Occasional
C04370,2026-01-25,Pune,New
C04371,2026-05-13,Delhi NCR,Loyal
C04372,2026-04-20,Hyderabad,High Value
C04373,2026-02-02,Bengaluru,High Value
C04374,2026-01-29,Bengaluru,Occasional
C04375,2026-02-02,Lucknow,New
C04376,2026-04-22,Hyderabad,Loyal
C04377,2026-05-10,Bengaluru,Loyal
C04378,2026-05-11,Delhi NCR,Loyal
C04379,2026-02-26,Jaipur,New
C04380,2026-04-01,Mumbai,Loyal
C04381,2026-05-25,Lucknow,Occasional
C04382,2026-05-17,Delhi NCR,New
C04383,2026-05-16,Bengaluru,New
C04384,2026-06-24,Bengaluru,Occasional
C04385,2026-06-08,Delhi NCR,Loyal
C04386,2026-02-08,Hyderabad,High Value
C04387,2026-04-19,Lucknow,New
C04388,2026-04-13,Delhi NCR,Loyal
C04389,2026-04-18,Lucknow,Occasional
C04390,2026-02-04,Pune,New
C04391,2026-01-20,Delhi NCR,Occasional
C04392,2026-03-21,Delhi NCR,Occasional
C04393,2026-06-02,Indore,New
C04394,2026-04-16,Bengaluru,Occasional
C04395,2026-02-11,Jaipur,Loyal
C04396,2026-03-04,Mumbai,New
C04397,2026-04-18,Mumbai,New
C04398,2026-03-31,Bengaluru,High Value
C04399,2026-03-12,Bengaluru,New
C04400,2026-05-30,Indore,New
C04401,2026-04-24,Bengaluru,New
C04402,2026-03-25,Bengaluru,New
C04403,2026-03-21,Mumbai,Loyal
C04404,2026-06-03,Mumbai,Occasional
C04405,2026-03-18,Jaipur,Occasional
C04406,2026-06-06,Mumbai,New
C04407,2026-03-29,Lucknow,Loyal
C04408,2026-01-11,Mumbai,Loyal
C04409,2026-01-29,Hyderabad,Occasional
C04410,2026-02-13,Lucknow,Occasional
C04411,2026-05-05,Pune,New
C04412,2026-01-27,Bengaluru,Occasional
C04413,2026-06-03,Lucknow,New
C04414,2026-06-20,Mumbai,Occasional
C04415,2026-04-21,Mumbai,Occasional
C04416,2026-03-13,Lucknow,Occasional
C04417,2026-03-06,Hyderabad,New
C04418,2026-06-20,Jaipur,High Value
C04419,2026-01-22,Bengaluru,Occasional
C04420,2026-05-05,Delhi NCR,Occasional
C04421,2026-06-01,Mumbai,New
C04422,2026-05-05,Hyderabad,Loyal
C04423,2026-04-07,Hyderabad,Loyal
C04424,2026-06-20,Mumbai,Occasional
C04425,2026-06-01,Jaipur,Occasional
C04426,2026-01-26,Hyderabad,New
C04427,2026-03-03,Delhi NCR,Occasional
C04428,2026-06-04,Mumbai,New
C04429,2026-01-11,Delhi NCR,Loyal
C04430,2026-04-28,Hyderabad,Occasional
C04431,2026-04-13,Jaipur,Occasional
C04432,2026-04-21,Pune,New
C04433,2026-05-26,Bengaluru,Occasional
C04434,2026-03-26,Bengaluru,Loyal
C04435,2026-01-08,Pune,Loyal
C04436,2026-03-06,Delhi NCR,Occasional
C04437,2026-04-01,Indore,New
C04438,2026-04-25,Jaipur,New
C04439,2026-06-28,Indore,New
C04440,2026-02-11,Delhi NCR,Loyal
C04441,2026-05-21,Hyderabad,Occasional
C04442,2026-03-31,Jaipur,New
C04443,2026-05-08,Lucknow,New
C04444,2026-06-07,Hyderabad,Loyal
C04445,2026-02-28,Delhi NCR,New
C04446,2026-01-24,Hyderabad,New
C04447,2026-05-08,Hyderabad,Occasional
C04448,2026-02-21,Delhi NCR,Occasional
C04449,2026-03-31,Delhi NCR,Occasional
C04450,2026-04-03,Pune,High Value
C04451,2026-03-24,Bengaluru,New
C04452,2026-03-21,Lucknow,Occasional
C04453,2026-05-24,Delhi NCR,Occasional
C04454,2026-02-15,Mumbai,Occasional
C04455,2026-02-20,Bengaluru,Occasional
C04456,2026-06-19,Mumbai,New
C04457,2026-03-29,Hyderabad,New
C04458,2026-04-09,Bengaluru,High Value
C04459,2026-03-17,Hyderabad,High Value
C04460,2026-03-24,Indore,Occasional
C04461,2026-01-11,Delhi NCR,New
C04462,2026-03-12,Bengaluru,New
C04463,2026-06-27,Indore,New
C04464,2026-02-27,Mumbai,Loyal
C04465,2026-02-07,Bengaluru,New
C04466,2026-01-06,Lucknow,Occasional
C04467,2026-04-23,Mumbai,Occasional
C04468,2026-05-26,Delhi NCR,New
C04469,2026-05-13,Hyderabad,Occasional
C04470,2026-04-10,Pune,Occasional
C04471,2026-04-04,Jaipur,New
C04472,2026-04-05,Delhi NCR,Loyal
C04473,2026-03-02,Delhi NCR,New
C04474,2026-06-27,Bengaluru,Loyal
C04475,2026-06-29,Delhi NCR,Occasional
C04476,2026-02-02,Bengaluru,Loyal
C04477,2026-05-10,Pune,Occasional
C04478,2026-01-27,Jaipur,Occasional
C04479,2026-03-31,Pune,Occasional
C04480,2026-05-22,Jaipur,New
C04481,2026-03-10,Hyderabad,New
C04482,2026-06-08,Mumbai,Occasional
C04483,2026-01-17,Indore,New
C04484,2026-05-24,Mumbai,Occasional
C04485,2026-03-30,Mumbai,Occasional
C04486,2026-01-17,Pune,New
C04487,2026-03-12,Hyderabad,Loyal
C04488,2026-01-08,Pune,Occasional
C04489,2026-02-04,Indore,New
C04490,2026-04-26,Delhi NCR,Occasional
C04491,2026-03-19,Delhi NCR,Occasional
C04492,2026-05-11,Indore,New
C04493,2026-05-19,Indore,Occasional
C04494,2026-01-02,Indore,New
C04495,2026-04-02,Hyderabad,Loyal
C04496,2026-01-19,Hyderabad,Occasional
C04497,2026-02-11,Pune,New
C04498,2026-06-03,Jaipur,High Value
C04499,2026-02-16,Bengaluru,Loyal
C04500,2026-01-31,Delhi NCR,New
C04501,2026-04-14,Hyderabad,Loyal
C04502,2026-04-10,Jaipur,New
C04503,2026-05-02,Bengaluru,New
C04504,2026-01-25,Delhi NCR,New
C04505,2026-04-21,Lucknow,Occasional
C04506,2026-02-17,Delhi NCR,New
C04507,2026-03-31,Indore,Occasional
C04508,2026-03-28,Mumbai,New
C04509,2026-03-07,Bengaluru,Occasional
C04510,2026-05-23,Bengaluru,New
C04511,2026-02-13,Bengaluru,High Value
C04512,2026-01-04,Bengaluru,New
C04513,2026-01-08,Jaipur,Occasional
C04514,2026-04-06,Lucknow,High Value
C04515,2026-02-18,Hyderabad,Occasional
C04516,2026-05-18,Delhi NCR,New
C04517,2026-06-24,Lucknow,Occasional
C04518,2026-05-27,Bengaluru,Occasional
C04519,2026-02-15,Mumbai,Loyal
C04520,2026-04-24,Bengaluru,New
C04521,2026-05-18,Lucknow,Loyal
C04522,2026-01-31,Jaipur,New
C04523,2026-03-16,Bengaluru,Occasional
C04524,2026-06-01,Mumbai,Loyal
C04525,2026-05-08,Delhi NCR,New
C04526,2026-06-06,Lucknow,Loyal
C04527,2026-06-18,Hyderabad,New
C04528,2026-04-25,Indore,Occasional
C04529,2026-01-17,Delhi NCR,New
C04530,2026-03-03,Indore,Occasional
C04531,2026-04-14,Bengaluru,New
C04532,2026-05-03,Jaipur,Loyal
C04533,2026-06-01,Bengaluru,Occasional
C04534,2026-06-19,Hyderabad,Loyal
C04535,2026-05-25,Hyderabad,Occasional
C04536,2026-04-11,Pune,Occasional
C04537,2026-03-14,Delhi NCR,Occasional
C04538,2026-02-20,Delhi NCR,Occasional
C04539,2026-04-14,Mumbai,New
C04540,2026-01-07,Mumbai,New
C04541,2026-05-04,Hyderabad,New
C04542,2026-03-15,Jaipur,Occasional
C04543,2026-05-16,Jaipur,New
C04544,2026-01-23,Delhi NCR,Occasional
C04545,2026-05-27,Hyderabad,Occasional
C04546,2026-01-13,Hyderabad,New
C04547,2026-03-19,Mumbai,New
C04548,2026-05-18,Bengaluru,Loyal
C04549,2026-04-22,Pune,Occasional
C04550,2026-02-15,Mumbai,Occasional
C04551,2026-01-12,Lucknow,New
C04552,2026-02-17,Lucknow,Occasional
C04553,2026-01-19,Pune,Occasional
C04554,2026-05-27,Hyderabad,New
C04555,2026-04-08,Delhi NCR,Occasional
C04556,2026-03-16,Bengaluru,New
C04557,2026-03-26,Indore,High Value
C04558,2026-02-28,Mumbai,Loyal
C04559,2026-01-12,Bengaluru,Occasional
C04560,2026-06-09,Pune,Loyal
C04561,2026-04-19,Pune,Occasional
C04562,2026-06-10,Delhi NCR,Loyal
C04563,2026-06-17,Pune,New
C04564,2026-06-26,Bengaluru,Loyal
C04565,2026-04-07,Delhi NCR,Loyal
C04566,2026-05-05,Delhi NCR,New
C04567,2026-06-27,Mumbai,Occasional
C04568,2026-04-25,Bengaluru,Occasional
C04569,2026-01-19,Hyderabad,New
C04570,2026-05-06,Bengaluru,Occasional
C04571,2026-02-12,Indore,New
C04572,2026-06-24,Pune,Occasional
C04573,2026-03-14,Hyderabad,New
C04574,2026-05-26,Delhi NCR,Occasional
C04575,2026-04-12,Jaipur,Loyal
C04576,2026-01-23,Hyderabad,Occasional
C04577,2026-02-02,Mumbai,New
C04578,2026-05-03,Bengaluru,New
C04579,2026-04-10,Bengaluru,Occasional
C04580,2026-01-18,Delhi NCR,Occasional
C04581,2026-04-23,Pune,Occasional
C04582,2026-01-11,Pune,Occasional
C04583,2026-02-18,Jaipur,Occasional
C04584,2026-01-12,Hyderabad,Loyal
C04585,2026-03-29,Lucknow,New
C04586,2026-02-14,Delhi NCR,New
C04587,2026-06-14,Bengaluru,New
C04588,2026-03-16,Mumbai,New
C04589,2026-06-10,Delhi NCR,Occasional
C04590,2026-04-23,Bengaluru,Occasional
C04591,2026-03-04,Hyderabad,New
C04592,2026-02-11,Bengaluru,High Value
C04593,2026-01-15,Bengaluru,New
C04594,2026-05-13,Hyderabad,Occasional
C04595,2026-02-13,Pune,New
C04596,2026-01-10,Bengaluru,New
C04597,2026-03-01,Bengaluru,New
C04598,2026-01-15,Jaipur,Occasional
C04599,2026-01-31,Lucknow,Occasional
C04600,2026-01-10,Hyderabad,New
C04601,2026-06-16,Jaipur,Occasional
C04602,2026-05-27,Hyderabad,New
C04603,2026-06-07,Mumbai,Loyal
C04604,2026-03-02,Pune,Occasional
C04605,2026-03-30,Indore,Occasional
C04606,2026-05-03,Lucknow,New
C04607,2026-05-18,Lucknow,New
C04608,2026-03-15,Hyderabad,New
C04609,2026-04-10,Indore,Loyal
C04610,2026-04-05,Pune,Occasional
C04611,2026-03-18,Bengaluru,Occasional
C04612,2026-05-19,Lucknow,High Value
C04613,2026-02-02,Lucknow,New
C04614,2026-04-14,Mumbai,New
C04615,2026-04-26,Mumbai,New
C04616,2026-04-04,Delhi NCR,Occasional
C04617,2026-02-04,Pune,New
C04618,2026-02-25,Pune,Occasional
C04619,2026-06-18,Jaipur,New
C04620,2026-04-29,Hyderabad,Occasional
C04621,2026-04-15,Mumbai,New
C04622,2026-04-11,Bengaluru,New
C04623,2026-06-16,Mumbai,Loyal
C04624,2026-06-09,Mumbai,New
C04625,2026-03-28,Hyderabad,New
C04626,2026-04-09,Indore,Occasional
C04627,2026-04-24,Bengaluru,New
C04628,2026-05-26,Pune,New
C04629,2026-06-24,Hyderabad,New
C04630,2026-04-13,Hyderabad,Loyal
C04631,2026-02-08,Mumbai,Occasional
C04632,2026-02-03,Jaipur,Occasional
C04633,2026-06-06,Indore,Occasional
C04634,2026-06-10,Lucknow,Occasional
C04635,2026-01-17,Bengaluru,New
C04636,2026-01-14,Delhi NCR,New
C04637,2026-04-02,Delhi NCR,New
C04638,2026-02-24,Delhi NCR,New
C04639,2026-06-09,Lucknow,Occasional
C04640,2026-04-25,Mumbai,Occasional
C04641,2026-03-16,Delhi NCR,Loyal
C04642,2026-02-10,Lucknow,New
C04643,2026-04-17,Bengaluru,Loyal
C04644,2026-04-15,Bengaluru,Occasional
C04645,2026-05-01,Pune,New
C04646,2026-03-05,Indore,Occasional
C04647,2026-02-07,Lucknow,New
C04648,2026-01-11,Bengaluru,New
C04649,2026-04-08,Mumbai,Occasional
C04650,2026-05-31,Pune,Loyal
C04651,2026-04-23,Hyderabad,New
C04652,2026-01-06,Indore,Loyal
C04653,2026-05-26,Delhi NCR,New
C04654,2026-01-22,Lucknow,New
C04655,2026-02-04,Hyderabad,Occasional
C04656,2026-02-08,Bengaluru,Loyal
C04657,2026-06-21,Delhi NCR,Occasional
C04658,2026-03-16,Pune,Loyal
C04659,2026-01-22,Delhi NCR,High Value
C04660,2026-05-07,Bengaluru,Loyal
C04661,2026-04-17,Indore,New
C04662,2026-03-06,Delhi NCR,New
C04663,2026-05-14,Lucknow,New
C04664,2026-03-23,Lucknow,New
C04665,2026-03-03,Pune,New
C04666,2026-04-21,Delhi NCR,New
C04667,2026-06-18,Mumbai,New
C04668,2026-05-22,Bengaluru,Loyal
C04669,2026-06-09,Bengaluru,Occasional
C04670,2026-03-19,Mumbai,Loyal
C04671,2026-04-08,Mumbai,Occasional
C04672,2026-03-11,Pune,New
C04673,2026-05-12,Lucknow,Loyal
C04674,2026-04-15,Pune,New
C04675,2026-03-30,Pune,Occasional
C04676,2026-05-06,Delhi NCR,New
C04677,2026-04-26,Lucknow,New
C04678,2026-06-20,Lucknow,Loyal
C04679,2026-01-30,Bengaluru,New
C04680,2026-01-28,Delhi NCR,New
C04681,2026-01-17,Bengaluru,Loyal
C04682,2026-01-23,Lucknow,New
C04683,2026-01-04,Pune,New
C04684,2026-06-08,Bengaluru,Occasional
C04685,2026-04-28,Hyderabad,New
C04686,2026-06-20,Bengaluru,New
C04687,2026-02-05,Delhi NCR,Occasional
C04688,2026-01-21,Bengaluru,Occasional
C04689,2026-01-24,Bengaluru,Loyal
C04690,2026-03-01,Delhi NCR,Occasional
C04691,2026-04-10,Delhi NCR,Occasional
C04692,2026-05-02,Jaipur,Occasional
C04693,2026-05-07,Hyderabad,New
C04694,2026-03-15,Pune,Occasional
C04695,2026-01-16,Mumbai,Occasional
C04696,2026-01-21,Bengaluru,New
C04697,2026-02-06,Lucknow,Occasional
C04698,2026-02-18,Pune,Occasional
C04699,2026-01-20,Bengaluru,Loyal
C04700,2026-02-28,Bengaluru,Occasional
C04701,2026-06-01,Delhi NCR,New
C04702,2026-06-13,Delhi NCR,Occasional
C04703,2026-03-30,Pune,Occasional
C04704,2026-06-17,Lucknow,Occasional
C04705,2026-03-14,Pune,New
C04706,2026-01-17,Mumbai,Loyal
C04707,2026-01-16,Hyderabad,Loyal
C04708,2026-01-21,Pune,Loyal
C04709,2026-04-25,Bengaluru,Occasional
C04710,2026-01-23,Delhi NCR,Loyal
C04711,2026-04-03,Pune,Occasional
C04712,2026-01-17,Hyderabad,Occasional
C04713,2026-03-23,Mumbai,Occasional
C04714,2026-05-03,Mumbai,New
C04715,2026-05-06,Delhi NCR,High Value
C04716,2026-02-18,Delhi NCR,New
C04717,2026-06-26,Delhi NCR,Occasional
C04718,2026-04-29,Delhi NCR,Loyal
C04719,2026-04-14,Mumbai,Loyal
C04720,2026-04-26,Bengaluru,Occasional
C04721,2026-04-09,Mumbai,New
C04722,2026-02-05,Jaipur,New
C04723,2026-06-11,Bengaluru,New
C04724,2026-04-22,Jaipur,Occasional
C04725,2026-02-14,Bengaluru,Loyal
C04726,2026-02-25,Bengaluru,New
C04727,2026-02-08,Delhi NCR,New
C04728,2026-05-08,Mumbai,New
C04729,2026-05-21,Delhi NCR,New
C04730,2026-06-05,Pune,Occasional
C04731,2026-02-10,Mumbai,Occasional
C04732,2026-04-01,Indore,New
C04733,2026-03-24,Pune,Occasional
C04734,2026-02-06,Delhi NCR,Loyal
C04735,2026-02-25,Mumbai,New
C04736,2026-03-20,Hyderabad,New
C04737,2026-03-21,Pune,Occasional
C04738,2026-02-01,Hyderabad,Occasional
C04739,2026-03-29,Pune,Loyal
C04740,2026-02-02,Delhi NCR,High Value
C04741,2026-01-17,Bengaluru,New
C04742,2026-03-05,Delhi NCR,New
C04743,2026-03-01,Lucknow,Loyal
C04744,2026-06-12,Lucknow,High Value
C04745,2026-03-13,Hyderabad,Occasional
C04746,2026-03-26,Pune,Loyal
C04747,2026-03-24,Jaipur,Occasional
C04748,2026-02-28,Pune,Occasional
C04749,2026-03-05,Mumbai,Occasional
C04750,2026-01-05,Delhi NCR,Loyal
C04751,2026-04-09,Pune,Occasional
C04752,2026-01-21,Mumbai,Occasional
C04753,2026-03-10,Bengaluru,New
C04754,2026-02-19,Jaipur,New
C04755,2026-02-06,Delhi NCR,Loyal
C04756,2026-05-02,Delhi NCR,Occasional
C04757,2026-03-25,Delhi NCR,Occasional
C04758,2026-05-24,Bengaluru,New
C04759,2026-03-23,Mumbai,New
C04760,2026-05-18,Delhi NCR,Loyal
C04761,2026-02-18,Indore,Occasional
C04762,2026-01-31,Delhi NCR,New
C04763,2026-02-19,Mumbai,Occasional
C04764,2026-03-05,Jaipur,Occasional
C04765,2026-01-03,Delhi NCR,New
C04766,2026-03-17,Bengaluru,Occasional
C04767,2026-04-18,Bengaluru,Occasional
C04768,2026-02-07,Mumbai,New
C04769,2026-02-10,Hyderabad,Occasional
C04770,2026-01-28,Indore,Occasional
C04771,2026-02-20,Pune,Occasional
C04772,2026-02-11,Hyderabad,New
C04773,2026-01-05,Bengaluru,Loyal
C04774,2026-05-22,Mumbai,New
C04775,2026-04-07,Hyderabad,Occasional
C04776,2026-06-15,Delhi NCR,New
C04777,2026-06-06,Jaipur,New
C04778,2026-03-14,Delhi NCR,Occasional
C04779,2026-01-11,Lucknow,New
C04780,2026-02-03,Mumbai,Loyal
C04781,2026-02-05,Bengaluru,Occasional
C04782,2026-03-02,Bengaluru,New
C04783,2026-04-02,Delhi NCR,New
C04784,2026-01-18,Mumbai,Occasional
C04785,2026-05-15,Mumbai,Loyal
C04786,2026-06-27,Bengaluru,Loyal
C04787,2026-02-23,Mumbai,New
C04788,2026-03-08,Delhi NCR,New
C04789,2026-06-24,Hyderabad,New
C04790,2026-06-28,Delhi NCR,New
C04791,2026-02-26,Pune,Loyal
C04792,2026-02-05,Mumbai,New
C04793,2026-06-12,Pune,New
C04794,2026-03-16,Mumbai,Occasional
C04795,2026-06-28,Mumbai,New
C04796,2026-02-21,Hyderabad,New
C04797,2026-05-30,Mumbai,New
C04798,2026-01-21,Hyderabad,New
C04799,2026-02-12,Mumbai,New
C04800,2026-01-02,Lucknow,Occasional
C04801,2026-03-14,Delhi NCR,New
C04802,2026-04-10,Bengaluru,New
C04803,2026-06-05,Delhi NCR,New
C04804,2026-03-08,Mumbai,Occasional
C04805,2026-04-26,Bengaluru,Occasional
C04806,2026-06-16,Pune,Loyal
C04807,2026-02-22,Bengaluru,New
C04808,2026-01-28,Pune,Loyal
C04809,2026-02-21,Pune,Occasional
C04810,2026-03-18,Jaipur,Occasional
C04811,2026-06-01,Jaipur,New
C04812,2026-01-14,Hyderabad,New
C04813,2026-03-06,Delhi NCR,New
C04814,2026-01-04,Delhi NCR,New
C04815,2026-03-27,Delhi NCR,Loyal
C04816,2026-04-10,Pune,Occasional
C04817,2026-04-11,Hyderabad,New
C04818,2026-05-06,Mumbai,Occasional
C04819,2026-06-20,Lucknow,New
C04820,2026-06-07,Bengaluru,New
C04821,2026-01-08,Hyderabad,Loyal
C04822,2026-03-12,Indore,New
C04823,2026-04-08,Pune,High Value
C04824,2026-01-25,Bengaluru,New
C04825,2026-02-18,Indore,Occasional
C04826,2026-04-06,Bengaluru,New
C04827,2026-01-06,Delhi NCR,New
C04828,2026-01-31,Delhi NCR,New
C04829,2026-02-22,Bengaluru,Occasional
C04830,2026-06-24,Jaipur,Loyal
C04831,2026-05-02,Bengaluru,New
C04832,2026-03-02,Mumbai,Loyal
C04833,2026-06-27,Hyderabad,New
C04834,2026-06-29,Hyderabad,New
C04835,2026-06-27,Bengaluru,New
C04836,2026-06-23,Mumbai,New
C04837,2026-04-21,Jaipur,New
C04838,2026-01-04,Hyderabad,New
C04839,2026-01-17,Indore,Loyal
C04840,2026-03-14,Pune,New
C04841,2026-03-10,Bengaluru,New
C04842,2026-02-18,Delhi NCR,Occasional
C04843,2026-01-01,Indore,New
C04844,2026-05-25,Jaipur,Occasional
C04845,2026-06-29,Mumbai,New
C04846,2026-01-13,Delhi NCR,New
C04847,2026-04-05,Mumbai,Occasional
C04848,2026-02-11,Mumbai,Loyal
C04849,2026-05-22,Hyderabad,New
C04850,2026-06-13,Delhi NCR,New
C04851,2026-04-13,Mumbai,High Value
C04852,2026-03-16,Bengaluru,Occasional
C04853,2026-05-07,Pune,New
C04854,2026-04-21,Bengaluru,New
C04855,2026-02-05,Delhi NCR,New
C04856,2026-04-30,Mumbai,Occasional
C04857,2026-06-24,Bengaluru,New
C04858,2026-05-10,Lucknow,High Value
C04859,2026-02-07,Hyderabad,Occasional
C04860,2026-02-10,Lucknow,Occasional
C04861,2026-02-22,Jaipur,New
C04862,2026-04-18,Lucknow,High Value
C04863,2026-05-20,Bengaluru,New
C04864,2026-01-02,Delhi NCR,Occasional
C04865,2026-02-12,Pune,Occasional
C04866,2026-03-27,Mumbai,New
C04867,2026-04-06,Hyderabad,New
C04868,2026-06-18,Jaipur,New
C04869,2026-03-31,Pune,Occasional
C04870,2026-01-28,Delhi NCR,Occasional
C04871,2026-02-09,Jaipur,Loyal
C04872,2026-02-18,Pune,Loyal
C04873,2026-05-10,Jaipur,Occasional
C04874,2026-01-19,Pune,New
C04875,2026-04-14,Delhi NCR,New
C04876,2026-06-13,Bengaluru,Loyal
C04877,2026-01-07,Bengaluru,New
C04878,2026-02-23,Bengaluru,Loyal
C04879,2026-01-19,Bengaluru,Occasional
C04880,2026-01-31,Mumbai,New
C04881,2026-04-14,Bengaluru,Occasional
C04882,2026-03-29,Mumbai,New
C04883,2026-04-20,Hyderabad,Loyal
C04884,2026-06-12,Hyderabad,New
C04885,2026-05-06,Indore,Occasional
C04886,2026-03-31,Bengaluru,Occasional
C04887,2026-04-09,Pune,Occasional
C04888,2026-04-19,Pune,Occasional
C04889,2026-03-31,Indore,Occasional
C04890,2026-01-07,Mumbai,High Value
C04891,2026-01-23,Mumbai,Occasional
C04892,2026-01-22,Delhi NCR,Loyal
C04893,2026-06-11,Indore,Occasional
C04894,2026-03-28,Delhi NCR,High Value
C04895,2026-01-09,Delhi NCR,Occasional
C04896,2026-04-26,Delhi NCR,New
C04897,2026-01-03,Pune,Occasional
C04898,2026-06-22,Jaipur,Loyal
C04899,2026-04-24,Bengaluru,New
C04900,2026-03-12,Pune,New
C04901,2026-05-18,Hyderabad,New
C04902,2026-05-30,Bengaluru,Occasional
C04903,2026-02-14,Lucknow,New
C04904,2026-02-11,Bengaluru,Occasional
C04905,2026-04-20,Bengaluru,New
C04906,2026-01-20,Delhi NCR,Occasional
C04907,2026-01-02,Mumbai,Occasional
C04908,2026-06-17,Lucknow,Loyal
C04909,2026-01-12,Delhi NCR,New
C04910,2026-06-24,Hyderabad,Occasional
C04911,2026-04-24,Jaipur,Loyal
C04912,2026-01-30,Bengaluru,New
C04913,2026-06-04,Hyderabad,Occasional
C04914,2026-04-04,Jaipur,Occasional
C04915,2026-05-15,Lucknow,New
C04916,2026-05-20,Bengaluru,Occasional
C04917,2026-03-13,Mumbai,Occasional
C04918,2026-01-18,Bengaluru,New
C04919,2026-06-20,Delhi NCR,New
C04920,2026-03-04,Lucknow,Loyal
C04921,2026-01-31,Bengaluru,New
C04922,2026-02-17,Pune,Occasional
C04923,2026-05-20,Mumbai,New
C04924,2026-01-18,Indore,Occasional
C04925,2026-05-30,Mumbai,Occasional
C04926,2026-03-01,Delhi NCR,New
C04927,2026-06-29,Mumbai,New
C04928,2026-05-11,Jaipur,New
C04929,2026-06-20,Delhi NCR,Occasional
C04930,2026-03-19,Lucknow,New
C04931,2026-03-04,Lucknow,Loyal
C04932,2026-02-18,Pune,Occasional
C04933,2026-02-24,Bengaluru,New
C04934,2026-06-12,Hyderabad,Loyal
C04935,2026-01-19,Bengaluru,New
C04936,2026-05-11,Bengaluru,Occasional
C04937,2026-05-03,Mumbai,High Value
C04938,2026-05-25,Bengaluru,Occasional
C04939,2026-04-16,Jaipur,New
C04940,2026-02-27,Jaipur,New
C04941,2026-04-21,Bengaluru,New
C04942,2026-04-12,Bengaluru,Occasional
C04943,2026-04-06,Mumbai,Occasional
C04944,2026-02-27,Pune,New
C04945,2026-06-07,Indore,Occasional
C04946,2026-04-15,Hyderabad,Occasional
C04947,2026-02-10,Delhi NCR,Occasional
C04948,2026-05-08,Jaipur,Occasional
C04949,2026-01-08,Mumbai,Occasional
C04950,2026-02-07,Jaipur,New
C04951,2026-03-13,Mumbai,Occasional
C04952,2026-03-29,Delhi NCR,Occasional
C04953,2026-03-25,Lucknow,Loyal
C04954,2026-05-01,Mumbai,New
C04955,2026-06-26,Hyderabad,Occasional
C04956,2026-06-24,Hyderabad,Occasional
C04957,2026-05-27,Bengaluru,New
C04958,2026-06-27,Mumbai,New
C04959,2026-05-13,Hyderabad,New
C04960,2026-06-11,Delhi NCR,New
C04961,2026-03-15,Hyderabad,New
C04962,2026-03-24,Lucknow,Occasional
C04963,2026-03-31,Indore,New
C04964,2026-03-27,Mumbai,New
C04965,2026-03-09,Hyderabad,Occasional
C04966,2026-02-18,Jaipur,Loyal
C04967,2026-02-05,Jaipur,Occasional
C04968,2026-02-18,Pune,New
C04969,2026-05-19,Hyderabad,New
C04970,2026-04-29,Hyderabad,New
C04971,2026-03-16,Hyderabad,New
C04972,2026-06-12,Jaipur,New
C04973,2026-06-15,Jaipur,New
C04974,2026-04-11,Mumbai,New
C04975,2026-05-26,Mumbai,New
C04976,2026-03-07,Hyderabad,New
C04977,2026-04-07,Jaipur,High Value
C04978,2026-01-01,Bengaluru,Loyal
C04979,2026-03-07,Indore,Occasional
C04980,2026-05-21,Hyderabad,New
C04981,2026-05-26,Mumbai,New
C04982,2026-04-20,Hyderabad,Occasional
C04983,2026-01-28,Mumbai,New
C04984,2026-01-31,Bengaluru,New
C04985,2026-01-14,Bengaluru,New
C04986,2026-01-28,Hyderabad,New
C04987,2026-01-25,Indore,Occasional
C04988,2026-02-22,Bengaluru,Occasional
C04989,2026-01-16,Bengaluru,New
C04990,2026-06-09,Pune,New
C04991,2026-03-03,Delhi NCR,Occasional
C04992,2026-05-27,Pune,Loyal
C04993,2026-04-01,Lucknow,New
C04994,2026-05-22,Hyderabad,Occasional
C04995,2026-02-13,Jaipur,Loyal
C04996,2026-02-22,Hyderabad,New
C04997,2026-02-11,Bengaluru,Occasional
C04998,2026-03-11,Jaipur,New
C04999,2026-03-05,Lucknow,New
C05000,2026-04-28,Hyderabad,Loyal
C05001,2026-02-26,Delhi NCR,New
C05002,2026-06-21,Delhi NCR,Occasional
C05003,2026-06-03,Lucknow,Occasional
C05004,2026-03-01,Bengaluru,New
C05005,2026-04-24,Mumbai,Occasional
C05006,2026-04-09,Lucknow,Occasional
C05007,2026-01-06,Hyderabad,New
C05008,2026-06-22,Mumbai,Loyal
C05009,2026-05-15,Delhi NCR,New
C05010,2026-05-10,Hyderabad,Loyal
C05011,2026-06-05,Delhi NCR,New
C05012,2026-01-20,Hyderabad,Occasional
C05013,2026-04-07,Bengaluru,New
C05014,2026-02-25,Delhi NCR,New
C05015,2026-03-05,Pune,Loyal
C05016,2026-04-08,Hyderabad,Occasional
C05017,2026-01-07,Pune,Occasional
C05018,2026-06-15,Pune,Occasional
C05019,2026-01-06,Mumbai,New
C05020,2026-04-08,Bengaluru,Occasional
C05021,2026-04-25,Lucknow,New
C05022,2026-03-07,Delhi NCR,New
C05023,2026-03-08,Mumbai,New
C05024,2026-05-30,Hyderabad,Occasional
C05025,2026-02-20,Lucknow,High Value
C05026,2026-04-04,Bengaluru,New
C05027,2026-02-10,Bengaluru,Occasional
C05028,2026-01-13,Delhi NCR,Occasional
C05029,2026-03-07,Mumbai,New
C05030,2026-04-22,Delhi NCR,Loyal
C05031,2026-02-28,Mumbai,New
C05032,2026-01-18,Delhi NCR,New
C05033,2026-01-14,Hyderabad,Loyal
C05034,2026-02-15,Delhi NCR,Occasional
C05035,2026-04-19,Lucknow,New
C05036,2026-02-20,Hyderabad,New
C05037,2026-01-26,Delhi NCR,Loyal
C05038,2026-05-17,Bengaluru,Occasional
C05039,2026-04-05,Pune,New
C05040,2026-02-17,Delhi NCR,New
C05041,2026-02-13,Jaipur,Occasional
C05042,2026-01-06,Mumbai,Loyal
C05043,2026-04-11,Bengaluru,New
C05044,2026-02-09,Lucknow,New
C05045,2026-06-05,Jaipur,Occasional
C05046,2026-03-13,Mumbai,Occasional
C05047,2026-01-29,Pune,New
C05048,2026-06-05,Pune,New
C05049,2026-04-07,Bengaluru,New
C05050,2026-05-16,Jaipur,Occasional
C05051,2026-04-12,Hyderabad,Occasional
C05052,2026-05-15,Mumbai,Occasional
C05053,2026-05-14,Delhi NCR,Occasional
C05054,2026-04-14,Pune,Occasional
C05055,2026-04-15,Bengaluru,Loyal
C05056,2026-02-02,Jaipur,New
C05057,2026-06-03,Indore,Loyal
C05058,2026-01-30,Hyderabad,New
C05059,2026-04-07,Delhi NCR,New
C05060,2026-05-05,Delhi NCR,New
C05061,2026-04-22,Jaipur,Occasional
C05062,2026-04-26,Lucknow,Loyal
C05063,2026-02-05,Hyderabad,New
C05064,2026-03-04,Bengaluru,Loyal
C05065,2026-04-23,Delhi NCR,New
C05066,2026-04-30,Mumbai,New
C05067,2026-02-03,Mumbai,New
C05068,2026-02-07,Lucknow,Loyal
C05069,2026-03-17,Mumbai,New
C05070,2026-04-09,Lucknow,Loyal
C05071,2026-01-20,Hyderabad,New
C05072,2026-05-12,Hyderabad,New
C05073,2026-05-03,Bengaluru,New
C05074,2026-03-21,Indore,New
C05075,2026-01-26,Bengaluru,Occasional
C05076,2026-03-11,Bengaluru,Occasional
C05077,2026-06-11,Mumbai,New
C05078,2026-04-14,Delhi NCR,Occasional
C05079,2026-03-30,Hyderabad,New
C05080,2026-01-14,Jaipur,Occasional
C05081,2026-04-23,Pune,Occasional
C05082,2026-05-12,Bengaluru,Loyal
C05083,2026-05-25,Mumbai,High Value
C05084,2026-02-09,Indore,New
C05085,2026-06-19,Pune,Occasional
C05086,2026-06-12,Delhi NCR,New
C05087,2026-02-20,Bengaluru,New
C05088,2026-04-11,Delhi NCR,New
C05089,2026-01-04,Indore,New
C05090,2026-05-26,Delhi NCR,Loyal
C05091,2026-02-08,Mumbai,Occasional
C05092,2026-02-23,Bengaluru,New
C05093,2026-01-10,Delhi NCR,Occasional
C05094,2026-01-17,Delhi NCR,Loyal
C05095,2026-02-12,Indore,Occasional
C05096,2026-01-21,Pune,Loyal
C05097,2026-03-29,Hyderabad,High Value
C05098,2026-05-01,Indore,New
C05099,2026-05-23,Hyderabad,Loyal
C05100,2026-03-26,Hyderabad,New
C05101,2026-02-09,Pune,Loyal
C05102,2026-05-31,Mumbai,New
C05103,2026-06-02,Jaipur,New
C05104,2026-01-06,Mumbai,New
C05105,2026-05-11,Delhi NCR,High Value
C05106,2026-04-14,Bengaluru,Occasional
C05107,2026-03-07,Bengaluru,New
C05108,2026-02-27,Lucknow,New
C05109,2026-03-05,Mumbai,New
C05110,2026-01-26,Pune,Occasional
C05111,2026-04-16,Pune,New
C05112,2026-03-26,Delhi NCR,New
C05113,2026-06-09,Mumbai,Loyal
C05114,2026-01-17,Jaipur,Loyal
C05115,2026-01-15,Mumbai,Loyal
C05116,2026-02-09,Mumbai,High Value
C05117,2026-03-27,Indore,New
C05118,2026-03-02,Mumbai,High Value
C05119,2026-04-12,Hyderabad,New
C05120,2026-03-02,Delhi NCR,Occasional
C05121,2026-02-12,Delhi NCR,Occasional
C05122,2026-06-01,Mumbai,New
C05123,2026-01-22,Bengaluru,Occasional
C05124,2026-02-08,Hyderabad,Occasional
C05125,2026-01-24,Indore,Loyal
C05126,2026-06-28,Hyderabad,High Value
C05127,2026-01-01,Mumbai,New
C05128,2026-03-16,Indore,New
C05129,2026-06-25,Lucknow,Occasional
C05130,2026-06-20,Hyderabad,New
C05131,2026-03-21,Delhi NCR,New
C05132,2026-05-30,Bengaluru,New
C05133,2026-01-01,Jaipur,New
C05134,2026-02-13,Lucknow,Loyal
C05135,2026-05-06,Bengaluru,Occasional
C05136,2026-06-07,Jaipur,New
C05137,2026-06-06,Delhi NCR,New
C05138,2026-06-05,Lucknow,New
C05139,2026-06-29,Mumbai,Occasional
C05140,2026-02-27,Pune,New
C05141,2026-03-28,Pune,Occasional
C05142,2026-04-26,Delhi NCR,Occasional
C05143,2026-03-17,Hyderabad,Loyal
C05144,2026-04-18,Jaipur,New
C05145,2026-03-21,Pune,New
C05146,2026-04-29,Bengaluru,New
C05147,2026-01-21,Bengaluru,Loyal
C05148,2026-02-07,Bengaluru,Occasional
C05149,2026-02-08,Pune,New
C05150,2026-03-27,Pune,Occasional
C05151,2026-05-04,Mumbai,New
C05152,2026-06-14,Pune,Occasional
C05153,2026-05-31,Delhi NCR,Occasional
C05154,2026-05-02,Hyderabad,New
C05155,2026-04-11,Delhi NCR,New
C05156,2026-01-09,Lucknow,Loyal
C05157,2026-04-10,Bengaluru,Occasional
C05158,2026-06-18,Indore,Loyal
C05159,2026-03-24,Mumbai,Loyal
C05160,2026-04-19,Hyderabad,High Value
C05161,2026-05-26,Lucknow,New
C05162,2026-02-12,Indore,New
C05163,2026-05-05,Lucknow,New
C05164,2026-01-11,Lucknow,New
C05165,2026-06-04,Mumbai,New
C05166,2026-02-21,Pune,New
C05167,2026-01-03,Hyderabad,Occasional
C05168,2026-06-07,Mumbai,New
C05169,2026-05-04,Jaipur,High Value
C05170,2026-02-21,Delhi NCR,New
C05171,2026-06-18,Lucknow,Occasional
C05172,2026-03-12,Hyderabad,Loyal
C05173,2026-06-01,Hyderabad,Occasional
C05174,2026-04-22,Jaipur,Occasional
C05175,2026-01-11,Mumbai,Occasional
C05176,2026-05-21,Delhi NCR,High Value
C05177,2026-04-27,Bengaluru,New
C05178,2026-04-15,Hyderabad,High Value
C05179,2026-01-17,Mumbai,Loyal
C05180,2026-04-29,Lucknow,Occasional
C05181,2026-03-01,Indore,Loyal
C05182,2026-02-27,Mumbai,New
C05183,2026-06-16,Lucknow,Loyal
C05184,2026-06-21,Lucknow,New
C05185,2026-03-09,Bengaluru,New
C05186,2026-02-26,Indore,Occasional
C05187,2026-04-12,Bengaluru,New
C05188,2026-01-20,Jaipur,New
C05189,2026-05-20,Indore,New
C05190,2026-06-13,Jaipur,Occasional
C05191,2026-06-19,Bengaluru,High Value
C05192,2026-02-24,Hyderabad,Occasional
C05193,2026-01-30,Lucknow,Loyal
C05194,2026-04-10,Hyderabad,New
C05195,2026-05-20,Hyderabad,New
C05196,2026-04-20,Bengaluru,Occasional
C05197,2026-05-03,Bengaluru,New
C05198,2026-03-08,Bengaluru,New
C05199,2026-03-07,Mumbai,Loyal
C05200,2026-02-22,Pune,New
