order_id,order_date,session_id,customer_id,city,category,channel,experiment_group,order_value,discount_pct,delivery_days
O000001,2026-01-01,S0000016,C00610,Mumbai,Kids,Paid Search,free_shipping_nudge,924,0,2
O000002,2026-01-01,S0000039,C03981,Jaipur,Men Casual,Affiliate,free_shipping_nudge,2398,20,3
O000003,2026-01-01,S0000044,C04803,Delhi NCR,Women Ethnic,Paid Search,free_shipping_nudge,2450,5,3
O000004,2026-01-01,S0000047,C00595,Delhi NCR,Women Ethnic,Affiliate,free_shipping_nudge,2537,0,3
O000005,2026-01-01,S0000076,C02013,Pune,Men Casual,Influencer,free_shipping_nudge,1695,15,2
O000006,2026-01-01,S0000084,C05072,Hyderabad,Beauty,Influencer,free_shipping_nudge,1275,5,3
O000007,2026-01-01,S0000095,C01014,Lucknow,Beauty,Influencer,free_shipping_nudge,643,10,2
O000008,2026-01-01,S0000104,C01596,Bengaluru,Women Ethnic,Influencer,free_shipping_nudge,1652,0,6
O000009,2026-01-01,S0000127,C01135,Delhi NCR,Beauty,Paid Search,free_shipping_nudge,1007,25,1
O000010,2026-01-01,S0000142,C00548,Pune,Footwear,Organic,free_shipping_nudge,2363,10,3
O000011,2026-01-01,S0000223,C00808,Bengaluru,Women Ethnic,Paid Search,free_shipping_nudge,3061,30,5
O000012,2026-01-01,S0000259,C04327,Bengaluru,Beauty,Paid Search,free_shipping_nudge,1430,30,2
O000013,2026-01-01,S0000273,C01144,Bengaluru,Women Ethnic,Paid Search,free_shipping_nudge,1849,5,6
O000014,2026-01-01,S0000278,C04164,Mumbai,Women Ethnic,Push,free_shipping_nudge,2763,10,5
O000015,2026-01-02,S0000310,C04690,Delhi NCR,Men Casual,Organic,free_shipping_nudge,2187,25,5
O000016,2026-01-02,S0000323,C03347,Mumbai,Footwear,Push,control,1390,10,2
O000017,2026-01-02,S0000325,C04361,Bengaluru,Women Ethnic,Paid Search,free_shipping_nudge,2322,30,2
O000018,2026-01-02,S0000342,C03943,Bengaluru,Beauty,Organic,control,1188,0,6
O000019,2026-01-02,S0000343,C04901,Hyderabad,Beauty,Affiliate,control,643,5,5
O000020,2026-01-02,S0000408,C00100,Lucknow,Women Ethnic,Affiliate,control,2046,20,6
O000021,2026-01-02,S0000417,C02738,Delhi NCR,Men Casual,Organic,free_shipping_nudge,1887,0,4
O000022,2026-01-02,S0000454,C03157,Pune,Women Ethnic,Affiliate,control,1654,30,6
O000023,2026-01-02,S0000473,C03404,Delhi NCR,Footwear,Organic,control,2256,25,1
O000024,2026-01-02,S0000544,C01112,Delhi NCR,Women Ethnic,Organic,control,1482,25,4
O000025,2026-01-02,S0000548,C00735,Jaipur,Beauty,Affiliate,control,886,20,3
O000026,2026-01-02,S0000594,C01187,Bengaluru,Women Ethnic,Organic,free_shipping_nudge,2123,0,3
O000027,2026-01-02,S0000597,C05022,Delhi NCR,Men Casual,Influencer,control,1993,0,6
O000028,2026-01-02,S0000623,C04764,Jaipur,Beauty,Paid Search,control,753,20,2
O000029,2026-01-02,S0000653,C04679,Bengaluru,Men Casual,Organic,free_shipping_nudge,1841,15,1
O000030,2026-01-02,S0000658,C01743,Pune,Kids,Influencer,free_shipping_nudge,1589,15,6
O000031,2026-01-02,S0000662,C02798,Mumbai,Women Ethnic,Influencer,control,1863,5,6
O000032,2026-01-02,S0000681,C01008,Hyderabad,Women Ethnic,Paid Search,control,1945,25,5
O000033,2026-01-02,S0000683,C04912,Bengaluru,Men Casual,Organic,free_shipping_nudge,2191,15,1
O000034,2026-01-03,S0000693,C00840,Delhi NCR,Women Ethnic,Organic,control,2379,30,1
O000035,2026-01-03,S0000702,C01823,Hyderabad,Footwear,Organic,control,2286,0,5
O000036,2026-01-03,S0000706,C00544,Mumbai,Women Ethnic,Influencer,free_shipping_nudge,2234,20,6
O000037,2026-01-03,S0000720,C04666,Delhi NCR,Women Ethnic,Push,control,1845,5,2
O000038,2026-01-03,S0000759,C01440,Indore,Women Ethnic,Affiliate,free_shipping_nudge,2884,25,3
O000039,2026-01-03,S0000788,C03823,Mumbai,Footwear,Paid Search,control,1358,20,2
O000040,2026-01-03,S0000792,C04881,Bengaluru,Kids,Influencer,control,1253,15,5
O000041,2026-01-03,S0000808,C00911,Hyderabad,Women Ethnic,Push,free_shipping_nudge,2408,20,4
O000042,2026-01-03,S0000817,C03676,Hyderabad,Men Casual,Organic,free_shipping_nudge,1810,10,2
O000043,2026-01-03,S0000858,C05097,Hyderabad,Kids,Organic,control,1003,15,2
O000044,2026-01-03,S0000872,C03915,Jaipur,Women Ethnic,Push,free_shipping_nudge,1727,30,6
O000045,2026-01-03,S0000877,C00111,Bengaluru,Beauty,Influencer,free_shipping_nudge,1125,30,3
O000046,2026-01-03,S0000879,C00323,Bengaluru,Women Ethnic,Organic,free_shipping_nudge,1646,10,4
O000047,2026-01-03,S0000934,C04747,Jaipur,Kids,Affiliate,free_shipping_nudge,1077,20,6
O000048,2026-01-03,S0000969,C02537,Bengaluru,Women Ethnic,Affiliate,control,1609,15,1
O000049,2026-01-04,S0001004,C00719,Pune,Beauty,Paid Search,free_shipping_nudge,1068,30,6
O000050,2026-01-04,S0001042,C02214,Indore,Women Ethnic,Influencer,free_shipping_nudge,2060,20,1
O000051,2026-01-04,S0001061,C00416,Delhi NCR,Footwear,Organic,control,3012,25,5
O000052,2026-01-04,S0001065,C02928,Mumbai,Women Ethnic,Paid Search,control,1359,20,5
O000053,2026-01-04,S0001070,C00398,Hyderabad,Beauty,Push,free_shipping_nudge,640,15,6
O000054,2026-01-04,S0001093,C04861,Jaipur,Beauty,Affiliate,free_shipping_nudge,783,20,1
O000055,2026-01-04,S0001096,C04302,Hyderabad,Women Ethnic,Organic,control,2401,25,5
O000056,2026-01-04,S0001120,C02084,Bengaluru,Beauty,Influencer,control,1198,15,6
O000057,2026-01-04,S0001149,C04382,Delhi NCR,Men Casual,Influencer,control,1341,10,4
O000058,2026-01-04,S0001158,C05030,Delhi NCR,Footwear,Push,control,1434,25,2
O000059,2026-01-04,S0001176,C00832,Pune,Men Casual,Push,free_shipping_nudge,1760,25,2
O000060,2026-01-04,S0001184,C03699,Mumbai,Kids,Organic,free_shipping_nudge,1286,15,1
O000061,2026-01-04,S0001188,C04371,Delhi NCR,Footwear,Organic,free_shipping_nudge,1436,0,1
O000062,2026-01-04,S0001193,C01644,Hyderabad,Women Ethnic,Affiliate,control,2132,0,4
O000063,2026-01-04,S0001205,C02762,Bengaluru,Women Ethnic,Paid Search,control,911,25,4
O000064,2026-01-04,S0001214,C03374,Hyderabad,Men Casual,Influencer,free_shipping_nudge,1721,15,4
O000065,2026-01-04,S0001215,C01381,Pune,Women Ethnic,Influencer,free_shipping_nudge,1987,0,5
O000066,2026-01-04,S0001234,C03427,Bengaluru,Beauty,Organic,free_shipping_nudge,1088,15,6
O000067,2026-01-04,S0001241,C01745,Delhi NCR,Women Ethnic,Organic,free_shipping_nudge,1105,5,5
O000068,2026-01-04,S0001243,C05057,Indore,Beauty,Paid Search,control,487,15,4
O000069,2026-01-04,S0001245,C03134,Delhi NCR,Beauty,Paid Search,control,1060,20,2
O000070,2026-01-04,S0001257,C03906,Indore,Beauty,Paid Search,free_shipping_nudge,1446,15,6
O000071,2026-01-04,S0001258,C04482,Mumbai,Beauty,Paid Search,free_shipping_nudge,895,10,5
O000072,2026-01-04,S0001271,C02360,Delhi NCR,Footwear,Push,control,1911,20,4
O000073,2026-01-04,S0001274,C02618,Mumbai,Footwear,Influencer,control,2708,30,6
O000074,2026-01-05,S0001319,C02987,Jaipur,Women Ethnic,Paid Search,free_shipping_nudge,2654,15,1
O000075,2026-01-05,S0001324,C01666,Bengaluru,Women Ethnic,Organic,control,1769,15,4
O000076,2026-01-05,S0001336,C01473,Mumbai,Beauty,Organic,control,963,5,5
O000077,2026-01-05,S0001357,C03664,Hyderabad,Beauty,Affiliate,control,1226,5,1
O000078,2026-01-05,S0001397,C04556,Bengaluru,Beauty,Organic,free_shipping_nudge,796,10,3
O000079,2026-01-05,S0001437,C00409,Pune,Men Casual,Affiliate,control,1434,0,5
O000080,2026-01-05,S0001483,C02360,Delhi NCR,Women Ethnic,Organic,control,1794,30,1
O000081,2026-01-05,S0001498,C00137,Mumbai,Beauty,Push,free_shipping_nudge,1191,30,6
O000082,2026-01-05,S0001503,C04694,Pune,Women Ethnic,Push,free_shipping_nudge,1809,30,1
O000083,2026-01-05,S0001516,C00226,Mumbai,Kids,Push,control,1061,30,4
O000084,2026-01-05,S0001523,C00111,Bengaluru,Footwear,Organic,free_shipping_nudge,1540,25,3
O000085,2026-01-05,S0001531,C04067,Mumbai,Men Casual,Organic,control,2955,5,1
O000086,2026-01-05,S0001549,C02920,Delhi NCR,Men Casual,Push,control,1465,25,1
O000087,2026-01-05,S0001594,C00704,Mumbai,Footwear,Paid Search,free_shipping_nudge,2296,20,6
O000088,2026-01-05,S0001605,C00161,Lucknow,Beauty,Paid Search,free_shipping_nudge,1189,15,6
O000089,2026-01-05,S0001606,C04195,Lucknow,Women Ethnic,Push,free_shipping_nudge,1673,25,5
O000090,2026-01-05,S0001615,C03823,Mumbai,Women Ethnic,Organic,control,1540,5,6
O000091,2026-01-06,S0001662,C01539,Delhi NCR,Men Casual,Paid Search,control,1663,25,4
O000092,2026-01-06,S0001668,C00213,Lucknow,Kids,Push,free_shipping_nudge,1654,20,3
O000093,2026-01-06,S0001700,C01173,Lucknow,Beauty,Organic,control,1284,15,5
O000094,2026-01-06,S0001707,C02462,Bengaluru,Women Ethnic,Organic,control,1973,25,1
O000095,2026-01-06,S0001714,C04043,Delhi NCR,Women Ethnic,Organic,control,1816,20,2
O000096,2026-01-06,S0001734,C00435,Hyderabad,Beauty,Organic,free_shipping_nudge,1238,15,2
O000097,2026-01-06,S0001736,C02119,Lucknow,Men Casual,Push,free_shipping_nudge,2369,5,3
O000098,2026-01-06,S0001745,C04677,Lucknow,Women Ethnic,Organic,free_shipping_nudge,1396,30,6
O000099,2026-01-06,S0001749,C01706,Bengaluru,Women Ethnic,Affiliate,control,1419,5,6
O000100,2026-01-06,S0001750,C03758,Indore,Women Ethnic,Organic,control,1371,0,1
O000101,2026-01-06,S0001762,C03158,Delhi NCR,Men Casual,Paid Search,free_shipping_nudge,1749,20,1
O000102,2026-01-06,S0001763,C04857,Bengaluru,Women Ethnic,Organic,free_shipping_nudge,1825,5,4
O000103,2026-01-06,S0001783,C01711,Mumbai,Beauty,Paid Search,control,1424,30,3
O000104,2026-01-06,S0001784,C02038,Pune,Beauty,Push,control,989,5,1
O000105,2026-01-06,S0001787,C03094,Hyderabad,Women Ethnic,Paid Search,control,2055,0,3
O000106,2026-01-06,S0001839,C00911,Hyderabad,Beauty,Push,control,1601,10,3
O000107,2026-01-06,S0001864,C04623,Mumbai,Kids,Push,control,610,0,2
O000108,2026-01-06,S0001870,C01881,Mumbai,Footwear,Affiliate,control,3078,20,4
O000109,2026-01-06,S0001874,C04406,Mumbai,Footwear,Influencer,free_shipping_nudge,1891,10,1
O000110,2026-01-06,S0001880,C00527,Delhi NCR,Kids,Paid Search,control,1253,25,3
O000111,2026-01-06,S0001929,C01384,Hyderabad,Footwear,Affiliate,control,1663,25,1
O000112,2026-01-06,S0001937,C03787,Mumbai,Women Ethnic,Influencer,free_shipping_nudge,1679,10,5
O000113,2026-01-06,S0001959,C04215,Lucknow,Footwear,Influencer,free_shipping_nudge,2860,10,1
O000114,2026-01-07,S0002003,C00118,Lucknow,Men Casual,Push,control,1523,20,5
O000115,2026-01-07,S0002005,C00655,Pune,Beauty,Organic,free_shipping_nudge,738,25,5
O000116,2026-01-07,S0002050,C03920,Jaipur,Beauty,Organic,free_shipping_nudge,613,30,1
O000117,2026-01-07,S0002054,C01235,Delhi NCR,Women Ethnic,Organic,free_shipping_nudge,1620,20,3
O000118,2026-01-07,S0002059,C03267,Delhi NCR,Men Casual,Affiliate,free_shipping_nudge,1253,20,1
O000119,2026-01-07,S0002069,C03252,Mumbai,Men Casual,Influencer,control,1064,0,6
O000120,2026-01-07,S0002073,C04523,Bengaluru,Women Ethnic,Affiliate,control,776,20,6
O000121,2026-01-07,S0002125,C00079,Lucknow,Footwear,Push,control,2001,25,5
O000122,2026-01-07,S0002149,C00786,Hyderabad,Men Casual,Influencer,control,1501,15,2
O000123,2026-01-07,S0002152,C04975,Mumbai,Men Casual,Affiliate,free_shipping_nudge,1016,0,5
O000124,2026-01-07,S0002179,C02914,Jaipur,Men Casual,Push,control,1323,0,3
O000125,2026-01-07,S0002221,C04493,Indore,Beauty,Influencer,control,769,15,6
O000126,2026-01-08,S0002271,C02961,Bengaluru,Footwear,Push,free_shipping_nudge,1653,20,2
O000127,2026-01-08,S0002323,C02692,Lucknow,Beauty,Influencer,control,1083,15,5
O000128,2026-01-08,S0002325,C03507,Lucknow,Men Casual,Paid Search,free_shipping_nudge,1664,20,6
O000129,2026-01-08,S0002351,C04808,Pune,Footwear,Organic,free_shipping_nudge,1042,20,3
O000130,2026-01-08,S0002356,C01254,Hyderabad,Men Casual,Influencer,control,2646,25,2
O000131,2026-01-08,S0002367,C04521,Lucknow,Women Ethnic,Organic,free_shipping_nudge,1645,25,2
O000132,2026-01-08,S0002388,C01760,Lucknow,Kids,Affiliate,control,706,10,3
O000133,2026-01-08,S0002395,C04141,Delhi NCR,Beauty,Organic,control,459,30,3
O000134,2026-01-08,S0002441,C02177,Delhi NCR,Kids,Influencer,control,1363,25,4
O000135,2026-01-08,S0002473,C04676,Delhi NCR,Beauty,Affiliate,free_shipping_nudge,922,0,6
O000136,2026-01-08,S0002478,C04522,Jaipur,Women Ethnic,Influencer,control,2727,25,3
O000137,2026-01-08,S0002482,C03377,Delhi NCR,Men Casual,Organic,control,2594,25,3
O000138,2026-01-08,S0002500,C01799,Jaipur,Beauty,Organic,free_shipping_nudge,1133,25,6
O000139,2026-01-08,S0002527,C04970,Hyderabad,Beauty,Push,control,766,5,3
O000140,2026-01-08,S0002528,C02503,Mumbai,Women Ethnic,Organic,free_shipping_nudge,1860,25,3
O000141,2026-01-08,S0002548,C00075,Jaipur,Kids,Organic,control,780,10,6
O000142,2026-01-08,S0002553,C04114,Hyderabad,Men Casual,Push,control,2055,30,1
O000143,2026-01-09,S0002584,C01115,Delhi NCR,Men Casual,Affiliate,free_shipping_nudge,2314,5,3
O000144,2026-01-09,S0002593,C02268,Bengaluru,Kids,Organic,control,1351,0,3
O000145,2026-01-09,S0002616,C01442,Bengaluru,Kids,Paid Search,free_shipping_nudge,1282,20,1
O000146,2026-01-09,S0002633,C03751,Jaipur,Beauty,Push,free_shipping_nudge,909,20,5
O000147,2026-01-09,S0002645,C01916,Indore,Beauty,Organic,free_shipping_nudge,984,20,2
O000148,2026-01-09,S0002675,C03721,Delhi NCR,Women Ethnic,Affiliate,free_shipping_nudge,1298,5,3
O000149,2026-01-09,S0002677,C04929,Delhi NCR,Women Ethnic,Influencer,control,2591,20,1
O000150,2026-01-09,S0002693,C02840,Lucknow,Beauty,Paid Search,control,978,25,2
O000151,2026-01-09,S0002703,C02532,Jaipur,Kids,Influencer,control,1059,15,3
O000152,2026-01-09,S0002732,C02238,Mumbai,Women Ethnic,Paid Search,free_shipping_nudge,1177,10,4
O000153,2026-01-09,S0002749,C01458,Mumbai,Women Ethnic,Organic,free_shipping_nudge,2372,5,6
O000154,2026-01-09,S0002753,C04400,Indore,Men Casual,Organic,control,1893,30,1
O000155,2026-01-09,S0002763,C03141,Mumbai,Beauty,Organic,control,1201,25,4
O000156,2026-01-09,S0002778,C04330,Mumbai,Men Casual,Paid Search,control,1696,10,2
O000157,2026-01-09,S0002787,C05176,Delhi NCR,Beauty,Influencer,free_shipping_nudge,476,5,5
O000158,2026-01-09,S0002805,C04140,Lucknow,Kids,Organic,free_shipping_nudge,1580,30,4
O000159,2026-01-09,S0002815,C03218,Jaipur,Women Ethnic,Paid Search,free_shipping_nudge,1901,25,2
O000160,2026-01-09,S0002829,C03950,Delhi NCR,Men Casual,Organic,control,1577,5,1
O000161,2026-01-09,S0002842,C00573,Mumbai,Men Casual,Influencer,free_shipping_nudge,2198,5,4
O000162,2026-01-09,S0002852,C03544,Delhi NCR,Women Ethnic,Paid Search,free_shipping_nudge,2438,30,6
O000163,2026-01-09,S0002864,C03407,Delhi NCR,Beauty,Organic,free_shipping_nudge,1402,25,2
O000164,2026-01-09,S0002876,C02973,Delhi NCR,Beauty,Organic,control,576,10,4
O000165,2026-01-10,S0002919,C04690,Delhi NCR,Women Ethnic,Influencer,free_shipping_nudge,1309,20,2
O000166,2026-01-10,S0002921,C01435,Mumbai,Men Casual,Organic,free_shipping_nudge,1403,25,1
O000167,2026-01-10,S0002929,C01986,Bengaluru,Men Casual,Affiliate,control,1749,30,4
O000168,2026-01-10,S0002966,C02553,Indore,Beauty,Paid Search,free_shipping_nudge,838,30,2
O000169,2026-01-10,S0002993,C00966,Hyderabad,Beauty,Affiliate,control,777,0,6
O000170,2026-01-10,S0003011,C01909,Mumbai,Beauty,Organic,free_shipping_nudge,865,15,5
O000171,2026-01-10,S0003102,C01063,Bengaluru,Women Ethnic,Organic,control,1776,0,6
O000172,2026-01-10,S0003148,C00788,Hyderabad,Men Casual,Influencer,free_shipping_nudge,1521,30,6
O000173,2026-01-10,S0003164,C03497,Bengaluru,Men Casual,Push,control,1301,20,4
O000174,2026-01-10,S0003166,C03526,Bengaluru,Kids,Organic,free_shipping_nudge,1293,25,4
O000175,2026-01-10,S0003178,C01810,Delhi NCR,Women Ethnic,Organic,free_shipping_nudge,1700,5,4
O000176,2026-01-10,S0003198,C05073,Bengaluru,Kids,Organic,free_shipping_nudge,1333,20,4
O000177,2026-01-10,S0003209,C01731,Delhi NCR,Men Casual,Paid Search,free_shipping_nudge,2268,0,3
O000178,2026-01-10,S0003215,C05104,Mumbai,Beauty,Affiliate,free_shipping_nudge,1260,25,6
O000179,2026-01-10,S0003216,C04147,Mumbai,Kids,Affiliate,free_shipping_nudge,1363,30,5
O000180,2026-01-10,S0003221,C04455,Bengaluru,Footwear,Paid Search,free_shipping_nudge,2703,15,1
O000181,2026-01-10,S0003227,C04785,Mumbai,Men Casual,Paid Search,free_shipping_nudge,1145,30,4
O000182,2026-01-10,S0003246,C03153,Bengaluru,Beauty,Paid Search,free_shipping_nudge,826,20,2
O000183,2026-01-10,S0003249,C01884,Delhi NCR,Men Casual,Paid Search,free_shipping_nudge,1466,30,1
O000184,2026-01-10,S0003252,C00786,Hyderabad,Men Casual,Organic,free_shipping_nudge,871,0,5
O000185,2026-01-11,S0003346,C01523,Bengaluru,Women Ethnic,Influencer,free_shipping_nudge,2475,5,1
O000186,2026-01-11,S0003361,C03979,Bengaluru,Beauty,Influencer,control,1205,5,1
O000187,2026-01-11,S0003386,C00832,Pune,Beauty,Influencer,free_shipping_nudge,926,0,2
O000188,2026-01-11,S0003419,C00178,Delhi NCR,Footwear,Influencer,control,1571,0,4
O000189,2026-01-11,S0003463,C04561,Pune,Women Ethnic,Paid Search,free_shipping_nudge,2111,10,3
O000190,2026-01-11,S0003499,C04442,Jaipur,Men Casual,Organic,control,1926,10,2
O000191,2026-01-11,S0003513,C04884,Hyderabad,Kids,Organic,free_shipping_nudge,1203,0,3
O000192,2026-01-11,S0003519,C03110,Delhi NCR,Men Casual,Organic,control,1586,15,2
O000193,2026-01-11,S0003575,C03939,Mumbai,Women Ethnic,Push,free_shipping_nudge,1147,15,6
O000194,2026-01-11,S0003600,C00521,Hyderabad,Beauty,Paid Search,control,1029,15,5
O000195,2026-01-12,S0003628,C03379,Bengaluru,Men Casual,Paid Search,free_shipping_nudge,2024,20,2
O000196,2026-01-12,S0003666,C01289,Lucknow,Beauty,Paid Search,control,1242,5,6
O000197,2026-01-12,S0003683,C03402,Indore,Kids,Paid Search,free_shipping_nudge,744,25,1
O000198,2026-01-12,S0003691,C03842,Pune,Beauty,Paid Search,control,884,30,1
O000199,2026-01-12,S0003697,C01068,Delhi NCR,Footwear,Organic,free_shipping_nudge,3802,30,1
O000200,2026-01-12,S0003729,C00204,Hyderabad,Beauty,Affiliate,control,1139,0,2
O000201,2026-01-12,S0003730,C01623,Bengaluru,Men Casual,Paid Search,control,1910,25,1
O000202,2026-01-12,S0003759,C03505,Delhi NCR,Footwear,Paid Search,control,1974,10,2
O000203,2026-01-12,S0003769,C01064,Delhi NCR,Men Casual,Affiliate,control,1607,30,5
O000204,2026-01-12,S0003798,C04634,Lucknow,Kids,Organic,free_shipping_nudge,1117,10,4
O000205,2026-01-12,S0003807,C03060,Lucknow,Men Casual,Paid Search,free_shipping_nudge,2100,25,1
O000206,2026-01-12,S0003814,C03150,Mumbai,Beauty,Organic,control,778,25,3
O000207,2026-01-12,S0003843,C04322,Delhi NCR,Men Casual,Paid Search,control,1887,30,4
O000208,2026-01-12,S0003850,C03272,Mumbai,Beauty,Influencer,control,894,10,2
O000209,2026-01-12,S0003853,C01430,Lucknow,Men Casual,Push,free_shipping_nudge,1132,20,3
O000210,2026-01-12,S0003868,C03529,Hyderabad,Women Ethnic,Influencer,control,2927,30,1
O000211,2026-01-12,S0003870,C02224,Hyderabad,Kids,Push,free_shipping_nudge,1677,0,5
O000212,2026-01-13,S0003913,C00493,Lucknow,Men Casual,Paid Search,control,1470,20,5
O000213,2026-01-13,S0003936,C01412,Pune,Beauty,Paid Search,control,1021,30,2
O000214,2026-01-13,S0003952,C02568,Delhi NCR,Men Casual,Organic,free_shipping_nudge,1149,0,3
O000215,2026-01-13,S0003957,C02669,Jaipur,Beauty,Organic,free_shipping_nudge,1059,10,5
O000216,2026-01-13,S0003988,C01990,Bengaluru,Kids,Affiliate,free_shipping_nudge,710,25,1
O000217,2026-01-13,S0004010,C04015,Hyderabad,Men Casual,Organic,free_shipping_nudge,1033,30,4
O000218,2026-01-13,S0004026,C02951,Bengaluru,Footwear,Affiliate,control,2108,20,2
O000219,2026-01-13,S0004041,C01400,Pune,Men Casual,Organic,control,2321,20,5
O000220,2026-01-13,S0004071,C03652,Bengaluru,Men Casual,Influencer,free_shipping_nudge,1216,5,2
O000221,2026-01-13,S0004090,C03885,Delhi NCR,Women Ethnic,Organic,control,2193,25,4
O000222,2026-01-13,S0004102,C02169,Bengaluru,Beauty,Organic,control,1212,20,4
O000223,2026-01-13,S0004132,C00202,Jaipur,Beauty,Paid Search,free_shipping_nudge,840,0,4
O000224,2026-01-13,S0004139,C01573,Mumbai,Beauty,Paid Search,control,872,0,6
O000225,2026-01-14,S0004263,C02866,Delhi NCR,Footwear,Affiliate,free_shipping_nudge,1980,30,3
O000226,2026-01-14,S0004264,C01372,Delhi NCR,Beauty,Organic,control,1181,30,5
O000227,2026-01-14,S0004277,C05046,Mumbai,Footwear,Paid Search,free_shipping_nudge,3011,15,1
O000228,2026-01-14,S0004302,C02210,Bengaluru,Women Ethnic,Organic,control,1244,15,3
O000229,2026-01-14,S0004304,C00876,Bengaluru,Footwear,Paid Search,free_shipping_nudge,501,0,6
O000230,2026-01-14,S0004349,C03968,Pune,Women Ethnic,Affiliate,control,1138,20,5
O000231,2026-01-14,S0004359,C03106,Mumbai,Kids,Paid Search,control,1049,10,6
O000232,2026-01-14,S0004374,C04622,Bengaluru,Beauty,Paid Search,free_shipping_nudge,493,10,3
O000233,2026-01-14,S0004398,C05049,Bengaluru,Men Casual,Organic,free_shipping_nudge,1427,0,5
O000234,2026-01-14,S0004472,C02626,Delhi NCR,Men Casual,Organic,control,387,0,5
O000235,2026-01-15,S0004482,C03144,Bengaluru,Beauty,Paid Search,control,1375,25,6
O000236,2026-01-15,S0004484,C00697,Bengaluru,Women Ethnic,Paid Search,free_shipping_nudge,2015,25,6
O000237,2026-01-15,S0004498,C01278,Hyderabad,Beauty,Affiliate,control,553,15,1
O000238,2026-01-15,S0004500,C03093,Bengaluru,Men Casual,Influencer,free_shipping_nudge,1328,10,1
O000239,2026-01-15,S0004506,C00827,Bengaluru,Kids,Organic,free_shipping_nudge,536,10,2
O000240,2026-01-15,S0004507,C02598,Bengaluru,Women Ethnic,Affiliate,free_shipping_nudge,1503,0,3
O000241,2026-01-15,S0004510,C01086,Bengaluru,Footwear,Affiliate,free_shipping_nudge,2036,10,1
O000242,2026-01-15,S0004522,C01046,Indore,Beauty,Organic,free_shipping_nudge,1074,30,1
O000243,2026-01-15,S0004536,C04480,Jaipur,Women Ethnic,Affiliate,free_shipping_nudge,2536,30,1
O000244,2026-01-15,S0004565,C03160,Bengaluru,Women Ethnic,Organic,free_shipping_nudge,1491,0,2
O000245,2026-01-15,S0004569,C04296,Hyderabad,Kids,Organic,control,1103,25,4
O000246,2026-01-15,S0004578,C00293,Pune,Women Ethnic,Affiliate,free_shipping_nudge,1770,0,4
O000247,2026-01-15,S0004599,C01430,Lucknow,Beauty,Push,control,1302,10,3
O000248,2026-01-15,S0004600,C04377,Bengaluru,Beauty,Organic,free_shipping_nudge,684,5,6
O000249,2026-01-15,S0004609,C00885,Hyderabad,Beauty,Push,control,673,15,6
O000250,2026-01-15,S0004633,C00999,Bengaluru,Men Casual,Influencer,control,1431,20,3
O000251,2026-01-15,S0004656,C03357,Jaipur,Men Casual,Push,control,2010,25,3
O000252,2026-01-15,S0004664,C02617,Hyderabad,Footwear,Organic,free_shipping_nudge,860,30,4
O000253,2026-01-15,S0004687,C03979,Bengaluru,Women Ethnic,Influencer,free_shipping_nudge,1777,10,4
O000254,2026-01-15,S0004696,C02712,Bengaluru,Women Ethnic,Organic,control,1673,10,1
O000255,2026-01-15,S0004726,C02657,Lucknow,Women Ethnic,Influencer,free_shipping_nudge,250,5,2
O000256,2026-01-15,S0004744,C03525,Delhi NCR,Men Casual,Push,control,536,5,4
O000257,2026-01-16,S0004764,C01285,Mumbai,Footwear,Push,control,2167,20,3
O000258,2026-01-16,S0004777,C04093,Pune,Beauty,Affiliate,control,621,15,2
O000259,2026-01-16,S0004786,C04073,Lucknow,Women Ethnic,Push,control,1739,15,6
O000260,2026-01-16,S0004793,C01764,Indore,Beauty,Paid Search,free_shipping_nudge,888,20,6
O000261,2026-01-16,S0004796,C00938,Mumbai,Men Casual,Push,free_shipping_nudge,1141,10,1
O000262,2026-01-16,S0004811,C03599,Indore,Men Casual,Influencer,control,1296,0,1
O000263,2026-01-16,S0004852,C00864,Indore,Women Ethnic,Organic,control,2287,10,1
O000264,2026-01-16,S0004890,C02023,Bengaluru,Men Casual,Affiliate,free_shipping_nudge,2120,0,4
O000265,2026-01-16,S0004891,C00450,Hyderabad,Women Ethnic,Push,control,1500,15,3
O000266,2026-01-16,S0004921,C03954,Pune,Footwear,Push,free_shipping_nudge,1648,30,6
O000267,2026-01-16,S0004949,C04173,Hyderabad,Women Ethnic,Influencer,control,996,15,4
O000268,2026-01-16,S0005029,C03856,Hyderabad,Beauty,Organic,free_shipping_nudge,1160,25,4
O000269,2026-01-16,S0005033,C00435,Hyderabad,Footwear,Organic,free_shipping_nudge,3331,10,3
O000270,2026-01-16,S0005055,C00218,Delhi NCR,Men Casual,Organic,free_shipping_nudge,1627,20,3
O000271,2026-01-16,S0005056,C03459,Indore,Men Casual,Influencer,control,2413,30,3
O000272,2026-01-16,S0005065,C03063,Hyderabad,Footwear,Influencer,free_shipping_nudge,1734,15,3
O000273,2026-01-16,S0005075,C03864,Mumbai,Women Ethnic,Organic,free_shipping_nudge,1850,20,2
O000274,2026-01-16,S0005087,C02222,Bengaluru,Men Casual,Organic,control,1514,25,6
O000275,2026-01-16,S0005106,C01063,Bengaluru,Footwear,Influencer,control,1733,5,6
O000276,2026-01-16,S0005121,C00740,Bengaluru,Women Ethnic,Organic,free_shipping_nudge,1617,0,1
O000277,2026-01-17,S0005139,C02945,Jaipur,Women Ethnic,Affiliate,free_shipping_nudge,2352,30,4
O000278,2026-01-17,S0005151,C03262,Jaipur,Men Casual,Organic,free_shipping_nudge,1332,30,5
O000279,2026-01-17,S0005180,C04511,Bengaluru,Women Ethnic,Influencer,control,2465,0,4
O000280,2026-01-17,S0005184,C01639,Delhi NCR,Men Casual,Affiliate,control,2727,30,4
O000281,2026-01-17,S0005185,C04436,Delhi NCR,Men Casual,Paid Search,control,1645,10,1
O000282,2026-01-17,S0005186,C00029,Mumbai,Men Casual,Influencer,control,1655,10,3
O000283,2026-01-17,S0005189,C02162,Hyderabad,Men Casual,Influencer,free_shipping_nudge,1892,30,6
O000284,2026-01-17,S0005196,C04861,Jaipur,Men Casual,Organic,free_shipping_nudge,2054,20,5
O000285,2026-01-17,S0005213,C04917,Mumbai,Footwear,Push,free_shipping_nudge,1592,10,5
O000286,2026-01-17,S0005232,C03028,Pune,Women Ethnic,Push,free_shipping_nudge,1168,10,6
O000287,2026-01-17,S0005308,C01741,Hyderabad,Women Ethnic,Organic,control,1855,20,6
O000288,2026-01-17,S0005315,C02406,Bengaluru,Beauty,Paid Search,free_shipping_nudge,560,0,1
O000289,2026-01-17,S0005332,C02940,Bengaluru,Footwear,Organic,free_shipping_nudge,3234,10,4
O000290,2026-01-17,S0005345,C04561,Pune,Beauty,Influencer,free_shipping_nudge,1282,25,4
O000291,2026-01-17,S0005369,C02467,Mumbai,Men Casual,Push,free_shipping_nudge,2258,20,4
O000292,2026-01-17,S0005384,C05028,Delhi NCR,Men Casual,Organic,free_shipping_nudge,1911,0,4
O000293,2026-01-17,S0005408,C04774,Mumbai,Men Casual,Paid Search,free_shipping_nudge,1606,10,4
O000294,2026-01-17,S0005417,C02385,Jaipur,Kids,Organic,free_shipping_nudge,810,20,2
O000295,2026-01-17,S0005471,C00719,Pune,Women Ethnic,Organic,free_shipping_nudge,1779,15,4
O000296,2026-01-18,S0005496,C01165,Bengaluru,Women Ethnic,Influencer,free_shipping_nudge,2717,10,4
O000297,2026-01-18,S0005509,C04784,Mumbai,Beauty,Push,free_shipping_nudge,1377,15,4
O000298,2026-01-18,S0005513,C03341,Indore,Footwear,Paid Search,free_shipping_nudge,2323,10,2
O000299,2026-01-18,S0005515,C01822,Mumbai,Beauty,Paid Search,free_shipping_nudge,438,15,2
O000300,2026-01-18,S0005597,C03430,Bengaluru,Men Casual,Push,free_shipping_nudge,2452,15,1
O000301,2026-01-18,S0005618,C00057,Delhi NCR,Women Ethnic,Influencer,free_shipping_nudge,1047,10,4
O000302,2026-01-18,S0005622,C03545,Delhi NCR,Beauty,Organic,free_shipping_nudge,1102,5,4
O000303,2026-01-18,S0005632,C02532,Jaipur,Women Ethnic,Organic,control,1745,30,3
O000304,2026-01-18,S0005648,C02716,Hyderabad,Kids,Paid Search,free_shipping_nudge,1456,5,3
O000305,2026-01-18,S0005676,C02547,Lucknow,Women Ethnic,Influencer,free_shipping_nudge,2175,10,4
O000306,2026-01-18,S0005720,C02857,Hyderabad,Beauty,Push,control,815,5,4
O000307,2026-01-18,S0005750,C03524,Bengaluru,Men Casual,Organic,control,1832,10,6
O000308,2026-01-18,S0005767,C05001,Delhi NCR,Kids,Influencer,control,1425,0,1
O000309,2026-01-18,S0005771,C00693,Bengaluru,Footwear,Organic,control,2787,15,5
O000310,2026-01-18,S0005813,C04741,Bengaluru,Beauty,Organic,free_shipping_nudge,1297,20,4
O000311,2026-01-18,S0005824,C04591,Hyderabad,Kids,Organic,control,1118,10,1
O000312,2026-01-18,S0005842,C04586,Delhi NCR,Women Ethnic,Push,control,2266,5,3
O000313,2026-01-18,S0005846,C03270,Delhi NCR,Beauty,Push,free_shipping_nudge,360,20,1
O000314,2026-01-18,S0005871,C05191,Bengaluru,Beauty,Influencer,free_shipping_nudge,630,5,3
O000315,2026-01-19,S0005880,C00881,Hyderabad,Men Casual,Organic,free_shipping_nudge,1955,0,3
O000316,2026-01-19,S0005893,C00516,Jaipur,Beauty,Organic,control,980,15,5
O000317,2026-01-19,S0005917,C00211,Delhi NCR,Men Casual,Organic,free_shipping_nudge,2251,15,6
O000318,2026-01-19,S0005919,C00570,Jaipur,Footwear,Organic,free_shipping_nudge,1593,25,4
O000319,2026-01-19,S0005920,C01482,Jaipur,Footwear,Organic,control,2241,5,1
O000320,2026-01-19,S0005921,C04503,Bengaluru,Women Ethnic,Organic,free_shipping_nudge,1282,30,3
O000321,2026-01-19,S0005925,C00335,Delhi NCR,Men Casual,Push,free_shipping_nudge,1383,15,6
O000322,2026-01-19,S0005929,C03773,Delhi NCR,Beauty,Organic,free_shipping_nudge,1324,5,3
O000323,2026-01-19,S0005958,C02899,Pune,Kids,Influencer,free_shipping_nudge,1032,25,1
O000324,2026-01-19,S0006006,C02782,Delhi NCR,Women Ethnic,Influencer,control,2319,30,5
O000325,2026-01-19,S0006011,C01526,Mumbai,Footwear,Organic,free_shipping_nudge,2302,0,5
O000326,2026-01-19,S0006023,C04984,Bengaluru,Women Ethnic,Influencer,free_shipping_nudge,1668,0,3
O000327,2026-01-19,S0006044,C02771,Indore,Beauty,Organic,control,715,30,6
O000328,2026-01-19,S0006115,C01817,Delhi NCR,Footwear,Organic,free_shipping_nudge,1943,25,5
O000329,2026-01-19,S0006137,C01776,Indore,Men Casual,Organic,control,1313,5,2
O000330,2026-01-19,S0006141,C03346,Mumbai,Beauty,Affiliate,control,1225,10,1
O000331,2026-01-19,S0006142,C01673,Bengaluru,Men Casual,Influencer,free_shipping_nudge,816,30,1
O000332,2026-01-19,S0006157,C02938,Pune,Beauty,Push,free_shipping_nudge,1162,30,5
O000333,2026-01-19,S0006159,C02408,Hyderabad,Women Ethnic,Paid Search,control,1060,5,3
O000334,2026-01-19,S0006163,C03212,Indore,Footwear,Affiliate,free_shipping_nudge,3100,25,6
O000335,2026-01-20,S0006197,C02720,Bengaluru,Beauty,Organic,free_shipping_nudge,917,10,1
O000336,2026-01-20,S0006224,C02703,Jaipur,Kids,Organic,free_shipping_nudge,1224,5,4
O000337,2026-01-20,S0006226,C04480,Jaipur,Footwear,Paid Search,free_shipping_nudge,3098,10,3
O000338,2026-01-20,S0006251,C01960,Bengaluru,Kids,Organic,free_shipping_nudge,1210,5,1
O000339,2026-01-20,S0006297,C04180,Pune,Women Ethnic,Paid Search,free_shipping_nudge,1956,25,5
O000340,2026-01-20,S0006306,C02926,Mumbai,Footwear,Paid Search,free_shipping_nudge,811,30,3
O000341,2026-01-20,S0006332,C03795,Delhi NCR,Women Ethnic,Paid Search,free_shipping_nudge,2162,30,2
O000342,2026-01-20,S0006336,C03730,Bengaluru,Beauty,Organic,free_shipping_nudge,1239,15,4
O000343,2026-01-20,S0006365,C01049,Bengaluru,Footwear,Organic,free_shipping_nudge,1663,30,4
O000344,2026-01-20,S0006378,C00011,Bengaluru,Kids,Affiliate,free_shipping_nudge,1178,10,4
O000345,2026-01-20,S0006442,C01498,Lucknow,Men Casual,Influencer,control,2468,20,4
O000346,2026-01-21,S0006454,C03648,Pune,Beauty,Organic,free_shipping_nudge,1333,15,2
O000347,2026-01-21,S0006467,C02015,Jaipur,Men Casual,Paid Search,control,2436,0,2
O000348,2026-01-21,S0006490,C04755,Delhi NCR,Women Ethnic,Paid Search,control,1873,20,4
O000349,2026-01-21,S0006493,C04520,Bengaluru,Beauty,Push,free_shipping_nudge,875,5,4
O000350,2026-01-21,S0006497,C00231,Delhi NCR,Women Ethnic,Organic,free_shipping_nudge,2283,20,5
O000351,2026-01-21,S0006513,C04236,Pune,Women Ethnic,Affiliate,control,1443,30,2
O000352,2026-01-21,S0006545,C01844,Indore,Beauty,Influencer,control,1143,10,1
O000353,2026-01-21,S0006559,C04682,Lucknow,Beauty,Influencer,free_shipping_nudge,848,0,3
O000354,2026-01-21,S0006578,C04311,Jaipur,Women Ethnic,Push,free_shipping_nudge,1904,0,2
O000355,2026-01-21,S0006610,C04955,Hyderabad,Kids,Influencer,free_shipping_nudge,1546,30,6
O000356,2026-01-21,S0006619,C04062,Jaipur,Men Casual,Organic,free_shipping_nudge,2333,5,1
O000357,2026-01-21,S0006687,C01175,Pune,Men Casual,Affiliate,control,1158,30,5
O000358,2026-01-21,S0006705,C05002,Delhi NCR,Men Casual,Paid Search,free_shipping_nudge,1687,0,2
O000359,2026-01-21,S0006706,C05066,Mumbai,Kids,Organic,free_shipping_nudge,1065,15,3
O000360,2026-01-21,S0006713,C04874,Pune,Men Casual,Organic,control,992,30,5
O000361,2026-01-22,S0006738,C03451,Delhi NCR,Women Ethnic,Push,free_shipping_nudge,2308,5,5
O000362,2026-01-22,S0006744,C03505,Delhi NCR,Beauty,Affiliate,free_shipping_nudge,1184,30,4
O000363,2026-01-22,S0006746,C02568,Delhi NCR,Men Casual,Organic,control,1362,10,2
O000364,2026-01-22,S0006771,C01620,Mumbai,Women Ethnic,Organic,free_shipping_nudge,1320,30,4
O000365,2026-01-22,S0006796,C01866,Bengaluru,Women Ethnic,Push,control,1955,25,2
O000366,2026-01-22,S0006801,C03427,Bengaluru,Beauty,Influencer,control,758,15,2
O000367,2026-01-22,S0006840,C02023,Bengaluru,Beauty,Organic,free_shipping_nudge,665,25,3
O000368,2026-01-22,S0006889,C01672,Mumbai,Beauty,Push,control,1059,25,6
O000369,2026-01-22,S0006902,C02711,Bengaluru,Kids,Paid Search,free_shipping_nudge,1087,15,5
O000370,2026-01-22,S0006921,C00769,Jaipur,Footwear,Paid Search,free_shipping_nudge,1201,20,4
O000371,2026-01-22,S0006964,C03153,Bengaluru,Women Ethnic,Push,free_shipping_nudge,1941,5,5
O000372,2026-01-22,S0006973,C03875,Hyderabad,Men Casual,Organic,free_shipping_nudge,1864,30,3
O000373,2026-01-22,S0006984,C05003,Lucknow,Beauty,Influencer,control,966,20,1
O000374,2026-01-22,S0006985,C00470,Mumbai,Beauty,Paid Search,free_shipping_nudge,1561,15,2
O000375,2026-01-22,S0006991,C03424,Jaipur,Women Ethnic,Affiliate,control,2106,15,3
O000376,2026-01-22,S0006997,C04711,Pune,Kids,Influencer,free_shipping_nudge,981,20,2
O000377,2026-01-22,S0006998,C01429,Hyderabad,Women Ethnic,Influencer,free_shipping_nudge,1389,20,3
O000378,2026-01-22,S0007038,C00054,Indore,Women Ethnic,Influencer,free_shipping_nudge,2051,20,3
O000379,2026-01-23,S0007041,C03118,Lucknow,Kids,Paid Search,free_shipping_nudge,922,25,1
O000380,2026-01-23,S0007048,C03864,Mumbai,Women Ethnic,Paid Search,control,1503,20,2
O000381,2026-01-23,S0007053,C05172,Hyderabad,Women Ethnic,Organic,free_shipping_nudge,1998,0,1
O000382,2026-01-23,S0007066,C00428,Delhi NCR,Beauty,Paid Search,free_shipping_nudge,651,15,6
O000383,2026-01-23,S0007067,C00649,Mumbai,Women Ethnic,Push,free_shipping_nudge,1703,0,5
O000384,2026-01-23,S0007090,C01499,Mumbai,Men Casual,Organic,control,1938,25,1
O000385,2026-01-23,S0007095,C04629,Hyderabad,Men Casual,Push,free_shipping_nudge,1161,5,4
O000386,2026-01-23,S0007102,C05128,Indore,Women Ethnic,Affiliate,free_shipping_nudge,2246,30,2
O000387,2026-01-23,S0007117,C00209,Jaipur,Men Casual,Push,free_shipping_nudge,2435,10,2
O000388,2026-01-23,S0007125,C03745,Mumbai,Beauty,Paid Search,free_shipping_nudge,646,0,4
O000389,2026-01-23,S0007133,C00141,Delhi NCR,Footwear,Organic,free_shipping_nudge,2698,5,1
O000390,2026-01-23,S0007157,C04442,Jaipur,Men Casual,Paid Search,free_shipping_nudge,1758,25,4
O000391,2026-01-23,S0007164,C01751,Indore,Beauty,Affiliate,control,1283,30,2
O000392,2026-01-23,S0007173,C03528,Bengaluru,Kids,Push,control,1536,25,4
O000393,2026-01-23,S0007183,C00279,Jaipur,Women Ethnic,Push,free_shipping_nudge,1637,0,1
O000394,2026-01-23,S0007227,C03360,Bengaluru,Women Ethnic,Push,free_shipping_nudge,2187,5,2
O000395,2026-01-23,S0007232,C00132,Delhi NCR,Beauty,Affiliate,control,750,0,3
O000396,2026-01-23,S0007285,C03871,Bengaluru,Women Ethnic,Paid Search,control,2082,15,2
O000397,2026-01-23,S0007295,C03324,Bengaluru,Beauty,Paid Search,control,1239,30,6
O000398,2026-01-23,S0007301,C02018,Hyderabad,Women Ethnic,Paid Search,free_shipping_nudge,2505,25,5
O000399,2026-01-23,S0007311,C03820,Delhi NCR,Men Casual,Influencer,free_shipping_nudge,1996,15,5
O000400,2026-01-23,S0007326,C00852,Jaipur,Beauty,Organic,free_shipping_nudge,579,10,6
O000401,2026-01-23,S0007336,C03377,Delhi NCR,Men Casual,Paid Search,control,2030,15,4
O000402,2026-01-23,S0007365,C03999,Pune,Women Ethnic,Organic,control,1988,10,4
O000403,2026-01-23,S0007381,C00844,Delhi NCR,Footwear,Paid Search,free_shipping_nudge,2658,15,6
O000404,2026-01-23,S0007387,C00903,Hyderabad,Men Casual,Organic,control,1740,20,2
O000405,2026-01-24,S0007439,C03730,Bengaluru,Kids,Organic,free_shipping_nudge,1740,30,2
O000406,2026-01-24,S0007456,C00890,Delhi NCR,Footwear,Organic,control,2542,5,3
O000407,2026-01-24,S0007465,C00863,Pune,Men Casual,Organic,control,1419,5,1
O000408,2026-01-24,S0007482,C02848,Pune,Kids,Organic,free_shipping_nudge,1230,0,2
O000409,2026-01-24,S0007502,C04050,Bengaluru,Kids,Organic,control,1178,10,2
O000410,2026-01-24,S0007517,C02886,Mumbai,Footwear,Paid Search,control,2185,10,2
O000411,2026-01-24,S0007527,C04374,Bengaluru,Beauty,Organic,control,1187,10,5
O000412,2026-01-24,S0007536,C01367,Pune,Kids,Organic,free_shipping_nudge,1129,20,1
O000413,2026-01-24,S0007540,C04917,Mumbai,Kids,Organic,free_shipping_nudge,2095,30,6
O000414,2026-01-24,S0007545,C02385,Jaipur,Beauty,Organic,free_shipping_nudge,1030,30,5
O000415,2026-01-24,S0007549,C01075,Lucknow,Footwear,Paid Search,free_shipping_nudge,2731,5,6
O000416,2026-01-24,S0007564,C04541,Hyderabad,Beauty,Organic,free_shipping_nudge,675,15,4
O000417,2026-01-24,S0007575,C04894,Delhi NCR,Women Ethnic,Organic,free_shipping_nudge,2111,5,6
O000418,2026-01-24,S0007614,C04290,Hyderabad,Beauty,Organic,control,561,20,6
O000419,2026-01-24,S0007622,C02490,Jaipur,Women Ethnic,Paid Search,free_shipping_nudge,2159,5,4
O000420,2026-01-24,S0007626,C01029,Hyderabad,Men Casual,Paid Search,free_shipping_nudge,1806,25,6
O000421,2026-01-24,S0007644,C01124,Hyderabad,Women Ethnic,Push,free_shipping_nudge,2362,20,6
O000422,2026-01-24,S0007669,C02782,Delhi NCR,Kids,Influencer,free_shipping_nudge,1015,0,4
O000423,2026-01-24,S0007677,C01123,Bengaluru,Beauty,Influencer,free_shipping_nudge,839,10,2
O000424,2026-01-24,S0007685,C04804,Mumbai,Beauty,Push,control,910,0,1
O000425,2026-01-24,S0007691,C02048,Lucknow,Beauty,Affiliate,control,724,25,4
O000426,2026-01-24,S0007707,C01080,Hyderabad,Women Ethnic,Paid Search,control,1469,25,3
O000427,2026-01-24,S0007715,C00339,Lucknow,Men Casual,Push,free_shipping_nudge,1043,10,3
O000428,2026-01-24,S0007723,C03750,Delhi NCR,Beauty,Paid Search,control,977,10,4
O000429,2026-01-25,S0007728,C00854,Delhi NCR,Footwear,Influencer,control,2352,0,1
O000430,2026-01-25,S0007733,C01721,Jaipur,Beauty,Influencer,control,687,0,5
O000431,2026-01-25,S0007742,C01605,Mumbai,Beauty,Organic,free_shipping_nudge,612,15,6
O000432,2026-01-25,S0007776,C02415,Indore,Beauty,Affiliate,free_shipping_nudge,971,10,6
O000433,2026-01-25,S0007778,C01727,Hyderabad,Women Ethnic,Paid Search,free_shipping_nudge,2721,15,3
O000434,2026-01-25,S0007791,C04099,Mumbai,Men Casual,Paid Search,free_shipping_nudge,2937,5,6
O000435,2026-01-25,S0007795,C04547,Mumbai,Women Ethnic,Push,control,2380,0,5
O000436,2026-01-25,S0007796,C00204,Hyderabad,Men Casual,Influencer,free_shipping_nudge,1170,25,6
O000437,2026-01-25,S0007797,C04324,Bengaluru,Women Ethnic,Influencer,control,540,5,3
O000438,2026-01-25,S0007880,C01654,Mumbai,Men Casual,Organic,control,920,5,1
O000439,2026-01-25,S0007896,C03641,Bengaluru,Men Casual,Paid Search,control,1762,10,1
O000440,2026-01-25,S0007908,C02469,Bengaluru,Beauty,Organic,free_shipping_nudge,1321,10,4
O000441,2026-01-25,S0007994,C03762,Bengaluru,Women Ethnic,Paid Search,free_shipping_nudge,2294,0,3
O000442,2026-01-25,S0008024,C02567,Bengaluru,Beauty,Paid Search,control,523,0,1
O000443,2026-01-25,S0008026,C00070,Hyderabad,Beauty,Paid Search,control,853,5,5
O000444,2026-01-26,S0008106,C01931,Pune,Beauty,Organic,free_shipping_nudge,783,0,4
O000445,2026-01-26,S0008121,C01549,Mumbai,Men Casual,Push,free_shipping_nudge,709,5,6
O000446,2026-01-26,S0008122,C00427,Mumbai,Kids,Organic,control,905,15,2
O000447,2026-01-26,S0008143,C01905,Hyderabad,Men Casual,Organic,control,1786,20,2
O000448,2026-01-26,S0008151,C04343,Mumbai,Kids,Paid Search,free_shipping_nudge,1240,15,4
O000449,2026-01-26,S0008154,C04944,Pune,Men Casual,Organic,free_shipping_nudge,2654,5,3
O000450,2026-01-26,S0008191,C02759,Indore,Women Ethnic,Influencer,control,1553,0,1
O000451,2026-01-26,S0008219,C04981,Mumbai,Women Ethnic,Push,free_shipping_nudge,2014,10,4
O000452,2026-01-26,S0008235,C00776,Delhi NCR,Men Casual,Affiliate,control,2111,30,5
O000453,2026-01-26,S0008260,C04021,Delhi NCR,Women Ethnic,Organic,control,774,20,4
O000454,2026-01-26,S0008262,C01534,Bengaluru,Women Ethnic,Push,free_shipping_nudge,1983,10,3
O000455,2026-01-26,S0008273,C00193,Delhi NCR,Women Ethnic,Push,control,1302,10,1
O000456,2026-01-26,S0008293,C03078,Mumbai,Women Ethnic,Organic,control,2556,30,3
O000457,2026-01-26,S0008302,C03929,Mumbai,Footwear,Push,free_shipping_nudge,1005,30,2
O000458,2026-01-26,S0008303,C04479,Pune,Women Ethnic,Organic,control,2056,30,6
O000459,2026-01-26,S0008305,C00280,Bengaluru,Kids,Influencer,free_shipping_nudge,519,10,4
O000460,2026-01-26,S0008312,C03380,Mumbai,Beauty,Push,free_shipping_nudge,814,0,2
O000461,2026-01-27,S0008362,C00113,Hyderabad,Beauty,Influencer,control,840,30,2
O000462,2026-01-27,S0008368,C01205,Jaipur,Men Casual,Organic,free_shipping_nudge,1438,10,4
O000463,2026-01-27,S0008371,C00483,Pune,Women Ethnic,Push,free_shipping_nudge,1918,5,4
O000464,2026-01-27,S0008382,C05163,Lucknow,Men Casual,Affiliate,control,2132,10,4
O000465,2026-01-27,S0008398,C02025,Mumbai,Women Ethnic,Influencer,free_shipping_nudge,1878,25,3
O000466,2026-01-27,S0008420,C01721,Jaipur,Women Ethnic,Push,free_shipping_nudge,1725,5,2
O000467,2026-01-27,S0008459,C03535,Bengaluru,Women Ethnic,Paid Search,control,2352,10,5
O000468,2026-01-27,S0008479,C02720,Bengaluru,Beauty,Influencer,free_shipping_nudge,1425,15,1
O000469,2026-01-27,S0008495,C02955,Delhi NCR,Kids,Affiliate,free_shipping_nudge,932,10,4
O000470,2026-01-27,S0008503,C04166,Lucknow,Kids,Push,control,1477,25,2
O000471,2026-01-27,S0008504,C03563,Lucknow,Men Casual,Paid Search,control,1247,10,2
O000472,2026-01-27,S0008517,C00446,Bengaluru,Footwear,Push,free_shipping_nudge,1810,5,1
O000473,2026-01-27,S0008525,C00975,Hyderabad,Kids,Affiliate,control,1895,30,3
O000474,2026-01-27,S0008533,C01036,Bengaluru,Footwear,Influencer,control,2279,5,3
O000475,2026-01-27,S0008614,C01501,Jaipur,Men Casual,Paid Search,control,1879,25,4
O000476,2026-01-27,S0008636,C03332,Delhi NCR,Beauty,Affiliate,control,824,20,2
O000477,2026-01-27,S0008640,C00290,Hyderabad,Beauty,Push,free_shipping_nudge,846,0,3
O000478,2026-01-27,S0008641,C02953,Hyderabad,Women Ethnic,Paid Search,free_shipping_nudge,1419,5,2
O000479,2026-01-27,S0008654,C04657,Delhi NCR,Footwear,Organic,free_shipping_nudge,2848,15,6
O000480,2026-01-27,S0008666,C03947,Jaipur,Footwear,Organic,control,1642,15,6
O000481,2026-01-27,S0008677,C01849,Pune,Women Ethnic,Push,control,3290,10,5
O000482,2026-01-27,S0008697,C00634,Indore,Kids,Organic,free_shipping_nudge,1004,20,4
O000483,2026-01-28,S0008711,C01216,Mumbai,Men Casual,Affiliate,control,1302,30,5
O000484,2026-01-28,S0008724,C03073,Bengaluru,Women Ethnic,Influencer,control,2158,0,1
O000485,2026-01-28,S0008758,C00346,Pune,Men Casual,Push,control,1741,0,2
O000486,2026-01-28,S0008760,C01553,Pune,Footwear,Organic,free_shipping_nudge,2616,0,5
O000487,2026-01-28,S0008791,C00498,Jaipur,Beauty,Organic,free_shipping_nudge,1402,30,3
O000488,2026-01-28,S0008795,C03418,Jaipur,Kids,Influencer,free_shipping_nudge,1019,15,4
O000489,2026-01-28,S0008815,C00198,Delhi NCR,Men Casual,Push,control,1445,20,2
O000490,2026-01-28,S0008819,C02978,Indore,Women Ethnic,Paid Search,control,874,15,3
O000491,2026-01-28,S0008831,C03732,Bengaluru,Women Ethnic,Push,free_shipping_nudge,2691,30,3
O000492,2026-01-28,S0008845,C00384,Indore,Men Casual,Paid Search,control,2155,5,4
O000493,2026-01-28,S0008854,C04494,Indore,Footwear,Push,control,3305,15,5
O000494,2026-01-28,S0008856,C01577,Jaipur,Women Ethnic,Organic,control,1775,15,4
O000495,2026-01-28,S0008883,C02483,Hyderabad,Men Casual,Affiliate,free_shipping_nudge,834,30,5
O000496,2026-01-28,S0008885,C00591,Bengaluru,Men Casual,Push,free_shipping_nudge,1023,20,4
O000497,2026-01-28,S0008905,C03061,Pune,Beauty,Organic,control,987,30,4
O000498,2026-01-28,S0008934,C02117,Pune,Women Ethnic,Organic,control,2430,20,4
O000499,2026-01-28,S0008961,C00727,Bengaluru,Women Ethnic,Push,control,875,30,2
O000500,2026-01-28,S0008977,C04377,Bengaluru,Men Casual,Influencer,free_shipping_nudge,1278,0,2
O000501,2026-01-28,S0008979,C01096,Bengaluru,Women Ethnic,Organic,free_shipping_nudge,2065,20,3
O000502,2026-01-29,S0009022,C00959,Bengaluru,Kids,Influencer,control,1757,0,5
O000503,2026-01-29,S0009045,C02966,Hyderabad,Women Ethnic,Push,control,1226,20,2
O000504,2026-01-29,S0009062,C04265,Lucknow,Men Casual,Push,control,2420,20,1
O000505,2026-01-29,S0009105,C03110,Delhi NCR,Beauty,Organic,control,1465,0,3
O000506,2026-01-29,S0009111,C01465,Jaipur,Men Casual,Paid Search,free_shipping_nudge,1508,10,1
O000507,2026-01-29,S0009119,C01544,Indore,Footwear,Paid Search,control,2945,20,5
O000508,2026-01-29,S0009128,C03051,Jaipur,Kids,Organic,control,1213,10,3
O000509,2026-01-29,S0009152,C00141,Delhi NCR,Women Ethnic,Paid Search,control,2265,15,3
O000510,2026-01-29,S0009200,C04261,Delhi NCR,Footwear,Influencer,free_shipping_nudge,2378,0,6
O000511,2026-01-29,S0009209,C03110,Delhi NCR,Beauty,Paid Search,free_shipping_nudge,950,10,5
O000512,2026-01-29,S0009211,C00508,Hyderabad,Beauty,Organic,free_shipping_nudge,721,0,6
O000513,2026-01-29,S0009218,C04504,Delhi NCR,Kids,Organic,control,1186,10,6
O000514,2026-01-29,S0009236,C01574,Indore,Footwear,Organic,free_shipping_nudge,1637,5,3
O000515,2026-01-29,S0009266,C03495,Indore,Footwear,Organic,free_shipping_nudge,2218,30,6
O000516,2026-01-29,S0009292,C02922,Mumbai,Beauty,Organic,free_shipping_nudge,1102,5,1
O000517,2026-01-29,S0009294,C02841,Bengaluru,Beauty,Affiliate,free_shipping_nudge,641,15,1
O000518,2026-01-29,S0009296,C02275,Mumbai,Kids,Affiliate,control,1623,10,6
O000519,2026-01-30,S0009318,C00568,Bengaluru,Men Casual,Paid Search,control,2104,15,4
O000520,2026-01-30,S0009363,C01388,Jaipur,Kids,Influencer,free_shipping_nudge,938,10,4
O000521,2026-01-30,S0009389,C02769,Mumbai,Beauty,Paid Search,control,880,25,2
O000522,2026-01-30,S0009401,C01381,Pune,Men Casual,Paid Search,free_shipping_nudge,2064,0,3
O000523,2026-01-30,S0009405,C02015,Jaipur,Men Casual,Influencer,control,1886,15,1
O000524,2026-01-30,S0009414,C01871,Delhi NCR,Men Casual,Affiliate,control,1784,25,4
O000525,2026-01-30,S0009423,C00103,Mumbai,Beauty,Paid Search,free_shipping_nudge,1041,0,4
O000526,2026-01-30,S0009427,C04035,Mumbai,Men Casual,Organic,free_shipping_nudge,1869,25,6
O000527,2026-01-30,S0009429,C04271,Jaipur,Women Ethnic,Affiliate,control,1326,30,3
O000528,2026-01-30,S0009470,C01999,Pune,Beauty,Organic,control,1040,0,3
O000529,2026-01-30,S0009497,C00727,Bengaluru,Men Casual,Organic,free_shipping_nudge,1670,0,5
O000530,2026-01-30,S0009574,C01264,Bengaluru,Footwear,Organic,free_shipping_nudge,2482,0,6
O000531,2026-01-30,S0009609,C02259,Mumbai,Footwear,Paid Search,control,2453,25,4
O000532,2026-01-30,S0009621,C01385,Bengaluru,Men Casual,Paid Search,control,2689,20,2
O000533,2026-01-30,S0009648,C00580,Delhi NCR,Beauty,Paid Search,free_shipping_nudge,250,20,3
O000534,2026-01-30,S0009654,C00894,Bengaluru,Footwear,Organic,free_shipping_nudge,2321,15,4
O000535,2026-01-30,S0009658,C04210,Delhi NCR,Men Casual,Organic,free_shipping_nudge,2311,25,5
O000536,2026-01-30,S0009661,C00433,Delhi NCR,Men Casual,Push,free_shipping_nudge,710,25,5
O000537,2026-01-30,S0009667,C01564,Jaipur,Footwear,Paid Search,control,2033,30,1
O000538,2026-01-31,S0009686,C04315,Pune,Men Casual,Push,free_shipping_nudge,1273,10,2
O000539,2026-01-31,S0009703,C01165,Bengaluru,Beauty,Push,control,1111,30,2
O000540,2026-01-31,S0009709,C04111,Mumbai,Men Casual,Organic,free_shipping_nudge,1757,25,6
O000541,2026-01-31,S0009754,C05134,Lucknow,Footwear,Affiliate,free_shipping_nudge,2769,10,2
O000542,2026-01-31,S0009773,C03705,Bengaluru,Footwear,Push,control,1257,5,2
O000543,2026-01-31,S0009781,C04352,Delhi NCR,Men Casual,Paid Search,control,1249,10,1
O000544,2026-01-31,S0009797,C04053,Hyderabad,Kids,Influencer,free_shipping_nudge,1143,25,1
O000545,2026-01-31,S0009801,C01270,Delhi NCR,Beauty,Organic,free_shipping_nudge,1057,10,2
O000546,2026-01-31,S0009808,C01526,Mumbai,Women Ethnic,Organic,control,1915,25,1
O000547,2026-01-31,S0009809,C02303,Delhi NCR,Kids,Push,control,1615,20,1
O000548,2026-01-31,S0009814,C02396,Mumbai,Beauty,Organic,free_shipping_nudge,466,10,1
O000549,2026-01-31,S0009817,C02182,Hyderabad,Women Ethnic,Push,free_shipping_nudge,1622,20,2
O000550,2026-01-31,S0009835,C00518,Pune,Beauty,Organic,free_shipping_nudge,1319,0,3
O000551,2026-01-31,S0009855,C02383,Delhi NCR,Kids,Push,control,929,30,4
O000552,2026-01-31,S0009884,C02600,Bengaluru,Footwear,Organic,free_shipping_nudge,3411,5,3
O000553,2026-01-31,S0009905,C01821,Delhi NCR,Men Casual,Influencer,control,1900,30,4
O000554,2026-01-31,S0009955,C04938,Bengaluru,Men Casual,Influencer,free_shipping_nudge,1477,20,1
O000555,2026-01-31,S0010007,C04152,Bengaluru,Women Ethnic,Organic,control,2386,30,6
O000556,2026-01-31,S0010008,C04575,Jaipur,Women Ethnic,Organic,free_shipping_nudge,1952,20,1
O000557,2026-01-31,S0010023,C02967,Lucknow,Men Casual,Push,free_shipping_nudge,1729,20,2
O000558,2026-01-31,S0010025,C02100,Hyderabad,Women Ethnic,Organic,control,1942,10,6
O000559,2026-02-01,S0010082,C01429,Hyderabad,Women Ethnic,Organic,control,1351,15,6
O000560,2026-02-01,S0010084,C03244,Delhi NCR,Footwear,Paid Search,free_shipping_nudge,2216,15,2
O000561,2026-02-01,S0010096,C05031,Mumbai,Beauty,Influencer,free_shipping_nudge,983,15,5
O000562,2026-02-01,S0010100,C00724,Mumbai,Beauty,Organic,control,1613,20,1
O000563,2026-02-01,S0010170,C02860,Mumbai,Footwear,Paid Search,free_shipping_nudge,2800,0,6
O000564,2026-02-01,S0010208,C03772,Bengaluru,Women Ethnic,Paid Search,free_shipping_nudge,2170,10,4
O000565,2026-02-01,S0010337,C00976,Indore,Women Ethnic,Affiliate,free_shipping_nudge,2386,30,5
O000566,2026-02-01,S0010346,C02139,Mumbai,Men Casual,Organic,control,982,10,6
O000567,2026-02-01,S0010354,C02353,Bengaluru,Women Ethnic,Push,control,2779,5,4
O000568,2026-02-01,S0010357,C01938,Bengaluru,Women Ethnic,Paid Search,free_shipping_nudge,2078,15,2
O000569,2026-02-01,S0010363,C04237,Jaipur,Men Casual,Push,free_shipping_nudge,1680,5,6
O000570,2026-02-01,S0010371,C04968,Pune,Men Casual,Organic,free_shipping_nudge,1665,0,3
O000571,2026-02-02,S0010432,C03803,Mumbai,Men Casual,Paid Search,control,1319,20,3
O000572,2026-02-02,S0010462,C00095,Mumbai,Footwear,Organic,control,1650,25,1
O000573,2026-02-02,S0010480,C02908,Delhi NCR,Men Casual,Organic,control,1933,20,6
O000574,2026-02-02,S0010507,C00655,Pune,Women Ethnic,Push,control,1704,0,5
O000575,2026-02-02,S0010516,C02853,Bengaluru,Men Casual,Paid Search,free_shipping_nudge,1496,10,1
O000576,2026-02-02,S0010517,C02570,Delhi NCR,Women Ethnic,Paid Search,free_shipping_nudge,2315,30,5
O000577,2026-02-02,S0010525,C03311,Bengaluru,Beauty,Influencer,control,939,20,1
O000578,2026-02-02,S0010551,C00446,Bengaluru,Men Casual,Influencer,control,1164,15,1
O000579,2026-02-02,S0010564,C01343,Bengaluru,Men Casual,Paid Search,control,2726,30,5
O000580,2026-02-02,S0010581,C03112,Hyderabad,Men Casual,Push,free_shipping_nudge,1598,5,4
O000581,2026-02-02,S0010590,C02165,Mumbai,Men Casual,Organic,free_shipping_nudge,2027,0,1
O000582,2026-02-02,S0010596,C04405,Jaipur,Women Ethnic,Organic,free_shipping_nudge,1044,20,4
O000583,2026-02-02,S0010645,C00899,Mumbai,Men Casual,Organic,free_shipping_nudge,1856,15,2
O000584,2026-02-02,S0010657,C00748,Pune,Footwear,Paid Search,control,2185,30,4
O000585,2026-02-02,S0010658,C01215,Delhi NCR,Footwear,Organic,free_shipping_nudge,3165,10,2
O000586,2026-02-03,S0010694,C01860,Bengaluru,Footwear,Influencer,control,2073,0,4
O000587,2026-02-03,S0010696,C02169,Bengaluru,Kids,Affiliate,control,1099,25,5
O000588,2026-02-03,S0010706,C04489,Indore,Women Ethnic,Organic,free_shipping_nudge,1678,15,6
O000589,2026-02-03,S0010721,C05022,Delhi NCR,Women Ethnic,Paid Search,free_shipping_nudge,3048,25,5
O000590,2026-02-03,S0010730,C00230,Delhi NCR,Footwear,Push,control,2239,20,3
O000591,2026-02-03,S0010762,C03955,Bengaluru,Beauty,Paid Search,control,1168,15,1
O000592,2026-02-03,S0010768,C02673,Delhi NCR,Women Ethnic,Push,control,928,25,3
O000593,2026-02-03,S0010789,C04127,Delhi NCR,Women Ethnic,Influencer,control,2344,5,5
O000594,2026-02-03,S0010790,C02907,Mumbai,Women Ethnic,Organic,free_shipping_nudge,2302,10,6
O000595,2026-02-03,S0010794,C02820,Hyderabad,Men Casual,Push,control,2261,20,4
O000596,2026-02-03,S0010832,C00617,Bengaluru,Men Casual,Influencer,free_shipping_nudge,1118,10,2
O000597,2026-02-03,S0010833,C01453,Bengaluru,Men Casual,Influencer,control,1740,30,5
O000598,2026-02-03,S0010836,C04793,Pune,Men Casual,Paid Search,free_shipping_nudge,920,20,3
O000599,2026-02-03,S0010863,C04774,Mumbai,Footwear,Push,free_shipping_nudge,2265,25,2
O000600,2026-02-03,S0010870,C03335,Bengaluru,Kids,Organic,free_shipping_nudge,1418,10,3
O000601,2026-02-03,S0010877,C00695,Mumbai,Women Ethnic,Influencer,free_shipping_nudge,1570,5,6
O000602,2026-02-03,S0010896,C04361,Bengaluru,Women Ethnic,Organic,free_shipping_nudge,1583,5,3
O000603,2026-02-03,S0010901,C01978,Jaipur,Beauty,Organic,control,888,20,5
O000604,2026-02-03,S0010915,C05117,Indore,Beauty,Organic,control,1120,10,6
O000605,2026-02-03,S0010920,C03192,Pune,Kids,Influencer,free_shipping_nudge,805,20,5
O000606,2026-02-04,S0010941,C01361,Hyderabad,Women Ethnic,Organic,free_shipping_nudge,1547,10,4
O000607,2026-02-04,S0010943,C03061,Pune,Women Ethnic,Influencer,control,3585,0,3
O000608,2026-02-04,S0010958,C03562,Pune,Beauty,Paid Search,control,1143,15,5
O000609,2026-02-04,S0010979,C02360,Delhi NCR,Footwear,Affiliate,control,1584,0,5
O000610,2026-02-04,S0010981,C02429,Jaipur,Beauty,Influencer,control,679,15,1
O000611,2026-02-04,S0010984,C00495,Pune,Men Casual,Push,control,1546,10,2
O000612,2026-02-04,S0010988,C04309,Mumbai,Footwear,Paid Search,free_shipping_nudge,2190,10,6
O000613,2026-02-04,S0011049,C01253,Bengaluru,Men Casual,Organic,free_shipping_nudge,2380,15,4
O000614,2026-02-04,S0011102,C04698,Pune,Kids,Organic,control,887,25,2
O000615,2026-02-04,S0011128,C02696,Indore,Beauty,Affiliate,control,714,5,4
O000616,2026-02-04,S0011138,C02282,Pune,Women Ethnic,Paid Search,free_shipping_nudge,1824,20,5
O000617,2026-02-05,S0011177,C03971,Pune,Men Casual,Affiliate,control,1688,0,6
O000618,2026-02-05,S0011196,C01509,Hyderabad,Men Casual,Organic,control,1706,20,5
O000619,2026-02-05,S0011203,C00052,Jaipur,Men Casual,Paid Search,control,2055,15,6
O000620,2026-02-05,S0011216,C02403,Mumbai,Men Casual,Affiliate,control,2006,15,6
O000621,2026-02-05,S0011241,C02082,Bengaluru,Women Ethnic,Paid Search,free_shipping_nudge,1500,5,1
O000622,2026-02-05,S0011245,C00345,Jaipur,Footwear,Organic,free_shipping_nudge,1746,0,2
O000623,2026-02-05,S0011246,C04811,Jaipur,Beauty,Affiliate,control,927,10,2
O000624,2026-02-05,S0011274,C00641,Hyderabad,Footwear,Paid Search,free_shipping_nudge,2024,5,5
O000625,2026-02-05,S0011288,C02930,Indore,Women Ethnic,Push,free_shipping_nudge,1615,10,6
O000626,2026-02-05,S0011305,C01813,Bengaluru,Kids,Influencer,control,1453,30,4
O000627,2026-02-05,S0011315,C05000,Hyderabad,Women Ethnic,Organic,control,2006,5,1
O000628,2026-02-05,S0011351,C03343,Indore,Beauty,Paid Search,control,908,0,3
O000629,2026-02-05,S0011362,C00350,Delhi NCR,Beauty,Organic,free_shipping_nudge,789,0,5
O000630,2026-02-05,S0011363,C03589,Bengaluru,Footwear,Influencer,free_shipping_nudge,2693,0,4
O000631,2026-02-05,S0011380,C01349,Delhi NCR,Footwear,Paid Search,free_shipping_nudge,1983,20,4
O000632,2026-02-06,S0011394,C03492,Bengaluru,Women Ethnic,Paid Search,free_shipping_nudge,1726,30,2
O000633,2026-02-06,S0011415,C01919,Hyderabad,Women Ethnic,Organic,control,2930,5,1
O000634,2026-02-06,S0011436,C00867,Mumbai,Men Casual,Paid Search,control,1421,15,5
O000635,2026-02-06,S0011443,C00390,Jaipur,Footwear,Paid Search,free_shipping_nudge,2161,5,3
O000636,2026-02-06,S0011458,C05188,Jaipur,Beauty,Paid Search,free_shipping_nudge,1142,0,6
O000637,2026-02-06,S0011490,C01658,Bengaluru,Women Ethnic,Influencer,control,1504,25,2
O000638,2026-02-06,S0011510,C02140,Indore,Women Ethnic,Paid Search,free_shipping_nudge,1500,25,3
O000639,2026-02-06,S0011537,C00885,Hyderabad,Kids,Affiliate,free_shipping_nudge,1436,25,2
O000640,2026-02-06,S0011546,C03488,Lucknow,Men Casual,Organic,control,1642,15,5
O000641,2026-02-06,S0011580,C00024,Delhi NCR,Beauty,Organic,control,1464,15,6
O000642,2026-02-06,S0011617,C03391,Hyderabad,Beauty,Organic,free_shipping_nudge,845,20,6
O000643,2026-02-06,S0011618,C00528,Bengaluru,Beauty,Organic,control,732,0,2
O000644,2026-02-06,S0011620,C03335,Bengaluru,Kids,Push,free_shipping_nudge,1650,10,4
O000645,2026-02-06,S0011644,C04743,Lucknow,Women Ethnic,Organic,control,1197,30,2
O000646,2026-02-06,S0011668,C01342,Pune,Beauty,Organic,control,1187,25,2
O000647,2026-02-06,S0011670,C04592,Bengaluru,Footwear,Paid Search,free_shipping_nudge,2019,20,6
O000648,2026-02-06,S0011684,C04596,Bengaluru,Kids,Influencer,free_shipping_nudge,1402,10,6
O000649,2026-02-06,S0011692,C00034,Mumbai,Footwear,Paid Search,free_shipping_nudge,1461,10,1
O000650,2026-02-06,S0011700,C01479,Lucknow,Men Casual,Push,free_shipping_nudge,1536,25,1
O000651,2026-02-06,S0011711,C04012,Delhi NCR,Men Casual,Organic,free_shipping_nudge,1705,15,1
O000652,2026-02-06,S0011714,C05193,Lucknow,Men Casual,Affiliate,control,1760,5,5
O000653,2026-02-07,S0011739,C03678,Jaipur,Footwear,Influencer,free_shipping_nudge,3146,0,3
O000654,2026-02-07,S0011743,C02574,Pune,Kids,Affiliate,free_shipping_nudge,1426,20,2
O000655,2026-02-07,S0011746,C02452,Hyderabad,Men Casual,Affiliate,control,1695,30,5
O000656,2026-02-07,S0011777,C02983,Pune,Beauty,Push,control,991,15,6
O000657,2026-02-07,S0011787,C00598,Delhi NCR,Footwear,Organic,control,1522,15,2
O000658,2026-02-07,S0011802,C00675,Indore,Men Casual,Influencer,free_shipping_nudge,2093,25,5
O000659,2026-02-07,S0011805,C04499,Bengaluru,Women Ethnic,Organic,free_shipping_nudge,1702,20,4
O000660,2026-02-07,S0011817,C00331,Bengaluru,Women Ethnic,Organic,free_shipping_nudge,1986,25,2
O000661,2026-02-07,S0011910,C04154,Lucknow,Men Casual,Organic,control,1772,15,2
O000662,2026-02-07,S0011924,C04034,Hyderabad,Women Ethnic,Affiliate,control,2112,20,4
O000663,2026-02-07,S0011930,C01358,Lucknow,Men Casual,Influencer,free_shipping_nudge,1983,20,1
O000664,2026-02-07,S0011938,C02428,Hyderabad,Beauty,Paid Search,control,1064,20,4
O000665,2026-02-07,S0011951,C02943,Pune,Beauty,Influencer,free_shipping_nudge,749,25,2
O000666,2026-02-07,S0011953,C04268,Mumbai,Men Casual,Influencer,control,1726,25,4
O000667,2026-02-07,S0012036,C05035,Lucknow,Women Ethnic,Paid Search,free_shipping_nudge,1646,10,2
O000668,2026-02-07,S0012039,C01624,Bengaluru,Kids,Organic,control,1756,20,1
O000669,2026-02-07,S0012072,C04332,Bengaluru,Beauty,Push,free_shipping_nudge,811,0,2
O000670,2026-02-08,S0012095,C02565,Pune,Men Casual,Affiliate,free_shipping_nudge,1429,15,1
O000671,2026-02-08,S0012107,C01194,Indore,Men Casual,Paid Search,control,2619,30,1
O000672,2026-02-08,S0012116,C03008,Jaipur,Footwear,Paid Search,free_shipping_nudge,1874,25,5
O000673,2026-02-08,S0012139,C01255,Indore,Beauty,Organic,control,969,0,5
O000674,2026-02-08,S0012164,C02167,Mumbai,Women Ethnic,Organic,control,2356,25,4
O000675,2026-02-08,S0012165,C03618,Mumbai,Kids,Influencer,free_shipping_nudge,782,5,1
O000676,2026-02-08,S0012179,C01692,Lucknow,Women Ethnic,Paid Search,free_shipping_nudge,650,30,2
O000677,2026-02-08,S0012199,C01780,Delhi NCR,Footwear,Push,control,2396,30,4
O000678,2026-02-08,S0012212,C05019,Mumbai,Men Casual,Influencer,control,2311,25,2
O000679,2026-02-08,S0012247,C01561,Pune,Women Ethnic,Organic,control,1339,20,5
O000680,2026-02-08,S0012248,C04956,Hyderabad,Women Ethnic,Organic,control,2724,30,1
O000681,2026-02-08,S0012283,C05043,Bengaluru,Footwear,Affiliate,control,1702,0,3
O000682,2026-02-08,S0012303,C01494,Mumbai,Men Casual,Paid Search,free_shipping_nudge,1764,30,4
O000683,2026-02-08,S0012305,C01390,Delhi NCR,Footwear,Organic,free_shipping_nudge,2388,5,4
O000684,2026-02-08,S0012318,C01746,Jaipur,Men Casual,Paid Search,control,1288,0,3
O000685,2026-02-08,S0012330,C01072,Indore,Men Casual,Paid Search,free_shipping_nudge,1889,20,3
O000686,2026-02-08,S0012374,C03842,Pune,Men Casual,Organic,control,3002,10,5
O000687,2026-02-08,S0012381,C00130,Delhi NCR,Footwear,Paid Search,control,2450,20,1
O000688,2026-02-09,S0012448,C00710,Delhi NCR,Women Ethnic,Organic,control,1287,25,5
O000689,2026-02-09,S0012490,C03877,Hyderabad,Men Casual,Push,free_shipping_nudge,1620,20,1
O000690,2026-02-09,S0012504,C05043,Bengaluru,Footwear,Organic,free_shipping_nudge,2745,30,6
O000691,2026-02-09,S0012506,C03440,Mumbai,Women Ethnic,Affiliate,control,2183,10,3
O000692,2026-02-09,S0012511,C01740,Delhi NCR,Women Ethnic,Paid Search,free_shipping_nudge,2331,10,3
O000693,2026-02-09,S0012523,C04908,Lucknow,Women Ethnic,Organic,free_shipping_nudge,2290,5,1
O000694,2026-02-09,S0012534,C02202,Mumbai,Women Ethnic,Push,control,1958,30,4
O000695,2026-02-09,S0012591,C01672,Mumbai,Footwear,Organic,control,3664,30,5
O000696,2026-02-09,S0012605,C04219,Jaipur,Kids,Organic,free_shipping_nudge,1895,25,5
O000697,2026-02-09,S0012610,C01010,Lucknow,Women Ethnic,Organic,free_shipping_nudge,1704,15,5
O000698,2026-02-09,S0012616,C03317,Indore,Women Ethnic,Paid Search,control,1210,0,5
O000699,2026-02-10,S0012745,C04324,Bengaluru,Men Casual,Paid Search,control,1325,30,6
O000700,2026-02-10,S0012772,C04403,Mumbai,Beauty,Organic,free_shipping_nudge,882,25,2
O000701,2026-02-10,S0012791,C00102,Pune,Women Ethnic,Organic,free_shipping_nudge,2222,10,2
O000702,2026-02-10,S0012820,C04350,Bengaluru,Kids,Push,free_shipping_nudge,952,20,2
O000703,2026-02-10,S0012850,C04098,Hyderabad,Men Casual,Push,control,1983,20,5
O000704,2026-02-10,S0012892,C00161,Lucknow,Beauty,Organic,free_shipping_nudge,1184,30,2
O000705,2026-02-10,S0012902,C00020,Bengaluru,Men Casual,Paid Search,control,2028,30,2
O000706,2026-02-10,S0012906,C01633,Jaipur,Women Ethnic,Paid Search,free_shipping_nudge,2433,15,6
O000707,2026-02-10,S0012908,C00438,Jaipur,Women Ethnic,Organic,free_shipping_nudge,1716,20,4
O000708,2026-02-10,S0012923,C03011,Delhi NCR,Women Ethnic,Influencer,control,2026,30,2
O000709,2026-02-10,S0012926,C00865,Bengaluru,Beauty,Paid Search,control,1127,10,2
O000710,2026-02-10,S0012965,C00819,Mumbai,Footwear,Influencer,control,2269,0,5
O000711,2026-02-10,S0012968,C01125,Bengaluru,Men Casual,Affiliate,control,2398,10,2
O000712,2026-02-10,S0012977,C04468,Delhi NCR,Kids,Organic,free_shipping_nudge,756,0,3
O000713,2026-02-10,S0012992,C03570,Hyderabad,Beauty,Paid Search,control,1207,15,3
O000714,2026-02-11,S0013042,C02512,Hyderabad,Men Casual,Influencer,control,1218,0,4
O000715,2026-02-11,S0013079,C03976,Lucknow,Women Ethnic,Paid Search,control,1087,0,1
O000716,2026-02-11,S0013151,C02571,Pune,Women Ethnic,Affiliate,control,1827,25,2
O000717,2026-02-11,S0013155,C03949,Hyderabad,Beauty,Influencer,control,975,25,4
O000718,2026-02-11,S0013164,C01987,Delhi NCR,Footwear,Push,control,2666,30,5
O000719,2026-02-11,S0013167,C01755,Bengaluru,Women Ethnic,Organic,free_shipping_nudge,2343,25,2
O000720,2026-02-11,S0013169,C02229,Pune,Women Ethnic,Paid Search,control,2182,15,6
O000721,2026-02-11,S0013185,C00494,Jaipur,Men Casual,Organic,free_shipping_nudge,1242,5,4
O000722,2026-02-11,S0013225,C02783,Delhi NCR,Women Ethnic,Organic,free_shipping_nudge,1419,10,5
O000723,2026-02-11,S0013231,C02752,Jaipur,Kids,Paid Search,control,1011,30,1
O000724,2026-02-12,S0013304,C04734,Delhi NCR,Women Ethnic,Organic,control,2505,20,6
O000725,2026-02-12,S0013306,C01282,Delhi NCR,Women Ethnic,Influencer,control,2521,15,3
O000726,2026-02-12,S0013324,C03143,Bengaluru,Footwear,Organic,control,1891,15,1
O000727,2026-02-12,S0013338,C03579,Indore,Women Ethnic,Affiliate,free_shipping_nudge,1151,25,5
O000728,2026-02-12,S0013347,C01005,Lucknow,Men Casual,Paid Search,free_shipping_nudge,641,5,6
O000729,2026-02-12,S0013365,C01462,Bengaluru,Women Ethnic,Organic,control,2333,0,2
O000730,2026-02-12,S0013370,C04240,Delhi NCR,Footwear,Organic,free_shipping_nudge,1684,15,5
O000731,2026-02-12,S0013373,C03658,Indore,Women Ethnic,Organic,control,1842,30,5
O000732,2026-02-12,S0013374,C02313,Delhi NCR,Women Ethnic,Influencer,control,1634,15,5
O000733,2026-02-12,S0013393,C01837,Lucknow,Women Ethnic,Paid Search,control,2120,10,2
O000734,2026-02-12,S0013395,C01026,Pune,Men Casual,Organic,control,1823,20,2
O000735,2026-02-12,S0013402,C01313,Mumbai,Beauty,Influencer,control,1150,30,3
O000736,2026-02-12,S0013409,C02308,Bengaluru,Footwear,Organic,free_shipping_nudge,1683,30,4
O000737,2026-02-12,S0013412,C05075,Bengaluru,Beauty,Organic,control,1047,10,6
O000738,2026-02-12,S0013420,C01608,Delhi NCR,Kids,Organic,control,1074,0,6
O000739,2026-02-12,S0013427,C02273,Indore,Kids,Organic,free_shipping_nudge,922,15,5
O000740,2026-02-12,S0013430,C01410,Lucknow,Women Ethnic,Influencer,free_shipping_nudge,2221,0,1
O000741,2026-02-12,S0013434,C04544,Delhi NCR,Kids,Organic,control,980,0,3
O000742,2026-02-12,S0013446,C02557,Lucknow,Women Ethnic,Organic,control,2113,30,5
O000743,2026-02-12,S0013457,C01523,Bengaluru,Kids,Paid Search,free_shipping_nudge,1486,10,2
O000744,2026-02-12,S0013469,C05161,Lucknow,Beauty,Paid Search,free_shipping_nudge,648,0,4
O000745,2026-02-12,S0013501,C03650,Bengaluru,Kids,Influencer,free_shipping_nudge,1567,10,4
O000746,2026-02-12,S0013507,C03201,Bengaluru,Women Ethnic,Paid Search,free_shipping_nudge,1958,0,3
O000747,2026-02-12,S0013561,C02292,Mumbai,Beauty,Organic,control,445,15,3
O000748,2026-02-12,S0013601,C02182,Hyderabad,Footwear,Influencer,free_shipping_nudge,1532,5,6
O000749,2026-02-13,S0013612,C04106,Delhi NCR,Men Casual,Influencer,control,1517,25,1
O000750,2026-02-13,S0013630,C02063,Mumbai,Men Casual,Organic,free_shipping_nudge,1543,5,6
O000751,2026-02-13,S0013645,C01433,Lucknow,Women Ethnic,Affiliate,free_shipping_nudge,1976,30,2
O000752,2026-02-13,S0013679,C00427,Mumbai,Women Ethnic,Organic,control,2042,30,4
O000753,2026-02-13,S0013724,C05114,Jaipur,Kids,Affiliate,control,988,30,4
O000754,2026-02-13,S0013729,C03773,Delhi NCR,Men Casual,Push,free_shipping_nudge,1958,30,1
O000755,2026-02-13,S0013732,C02393,Hyderabad,Beauty,Organic,free_shipping_nudge,1131,10,5
O000756,2026-02-13,S0013740,C04408,Mumbai,Beauty,Paid Search,control,752,25,5
O000757,2026-02-13,S0013742,C00903,Hyderabad,Kids,Influencer,control,1347,0,2
O000758,2026-02-13,S0013774,C00432,Mumbai,Women Ethnic,Organic,control,2002,20,3
O000759,2026-02-13,S0013809,C02067,Bengaluru,Beauty,Affiliate,free_shipping_nudge,564,5,1
O000760,2026-02-13,S0013823,C00823,Delhi NCR,Footwear,Organic,control,2570,0,6
O000761,2026-02-13,S0013835,C03763,Mumbai,Footwear,Push,control,2770,10,6
O000762,2026-02-13,S0013863,C04654,Lucknow,Men Casual,Influencer,free_shipping_nudge,1070,0,3
O000763,2026-02-13,S0013876,C01015,Delhi NCR,Footwear,Paid Search,free_shipping_nudge,2182,15,1
O000764,2026-02-13,S0013884,C00631,Bengaluru,Footwear,Paid Search,control,2405,0,3
O000765,2026-02-13,S0013887,C01348,Mumbai,Women Ethnic,Organic,free_shipping_nudge,1584,30,1
O000766,2026-02-13,S0013901,C02797,Delhi NCR,Footwear,Paid Search,control,2521,25,1
O000767,2026-02-13,S0013917,C01084,Lucknow,Women Ethnic,Affiliate,control,2827,25,2
O000768,2026-02-14,S0013930,C01904,Mumbai,Men Casual,Affiliate,free_shipping_nudge,1327,5,4
O000769,2026-02-14,S0013931,C03824,Bengaluru,Kids,Paid Search,control,668,5,5
O000770,2026-02-14,S0013941,C04091,Mumbai,Women Ethnic,Push,free_shipping_nudge,1055,5,5
O000771,2026-02-14,S0013961,C04688,Bengaluru,Women Ethnic,Organic,control,1961,15,2
O000772,2026-02-14,S0013980,C00978,Delhi NCR,Women Ethnic,Paid Search,free_shipping_nudge,2070,10,2
O000773,2026-02-14,S0013988,C01620,Mumbai,Women Ethnic,Influencer,control,1664,25,1
O000774,2026-02-14,S0014013,C03595,Hyderabad,Men Casual,Organic,control,1299,5,2
O000775,2026-02-14,S0014038,C01712,Delhi NCR,Footwear,Push,free_shipping_nudge,2415,5,4
O000776,2026-02-14,S0014046,C02056,Delhi NCR,Kids,Paid Search,control,707,20,2
O000777,2026-02-14,S0014066,C00271,Hyderabad,Men Casual,Paid Search,free_shipping_nudge,1909,20,1
O000778,2026-02-14,S0014088,C03282,Delhi NCR,Women Ethnic,Influencer,free_shipping_nudge,1871,15,3
O000779,2026-02-14,S0014117,C03027,Pune,Men Casual,Paid Search,free_shipping_nudge,1297,15,2
O000780,2026-02-14,S0014172,C03917,Jaipur,Women Ethnic,Push,free_shipping_nudge,919,10,1
O000781,2026-02-14,S0014188,C03854,Indore,Women Ethnic,Affiliate,free_shipping_nudge,1620,15,2
O000782,2026-02-14,S0014195,C00885,Hyderabad,Beauty,Paid Search,free_shipping_nudge,769,15,3
O000783,2026-02-14,S0014209,C05122,Mumbai,Footwear,Push,free_shipping_nudge,2428,5,4
O000784,2026-02-14,S0014240,C00165,Jaipur,Men Casual,Organic,free_shipping_nudge,1724,5,1
O000785,2026-02-14,S0014243,C00199,Hyderabad,Men Casual,Organic,control,1718,30,6
O000786,2026-02-14,S0014245,C03007,Lucknow,Beauty,Organic,control,1010,25,5
O000787,2026-02-15,S0014275,C04407,Lucknow,Beauty,Affiliate,control,724,10,3
O000788,2026-02-15,S0014298,C00975,Hyderabad,Men Casual,Organic,free_shipping_nudge,1539,15,2
O000789,2026-02-15,S0014306,C05129,Lucknow,Men Casual,Organic,control,841,20,5
O000790,2026-02-15,S0014322,C01107,Pune,Footwear,Paid Search,control,981,10,3
O000791,2026-02-15,S0014326,C00303,Mumbai,Women Ethnic,Influencer,control,1807,10,6
O000792,2026-02-15,S0014338,C02804,Jaipur,Men Casual,Organic,control,1517,30,4
O000793,2026-02-15,S0014342,C02324,Mumbai,Men Casual,Paid Search,free_shipping_nudge,250,0,1
O000794,2026-02-15,S0014347,C03639,Bengaluru,Women Ethnic,Organic,control,1919,20,5
O000795,2026-02-15,S0014401,C04850,Delhi NCR,Footwear,Organic,free_shipping_nudge,2405,0,3
O000796,2026-02-15,S0014423,C05052,Mumbai,Women Ethnic,Paid Search,control,1356,30,4
O000797,2026-02-15,S0014475,C05107,Bengaluru,Beauty,Push,free_shipping_nudge,901,10,5
O000798,2026-02-15,S0014496,C03569,Delhi NCR,Men Casual,Influencer,control,1503,15,2
O000799,2026-02-15,S0014501,C03105,Pune,Footwear,Affiliate,control,1377,15,1
O000800,2026-02-15,S0014511,C02570,Delhi NCR,Beauty,Influencer,free_shipping_nudge,928,15,4
O000801,2026-02-16,S0014567,C02607,Bengaluru,Men Casual,Influencer,free_shipping_nudge,1262,20,2
O000802,2026-02-16,S0014589,C01448,Delhi NCR,Women Ethnic,Organic,control,1715,15,5
O000803,2026-02-16,S0014626,C02319,Bengaluru,Men Casual,Organic,control,1706,0,5
O000804,2026-02-16,S0014629,C00245,Bengaluru,Beauty,Affiliate,control,880,20,4
O000805,2026-02-16,S0014652,C00814,Pune,Beauty,Paid Search,control,790,20,1
O000806,2026-02-16,S0014661,C03416,Indore,Men Casual,Organic,control,1674,15,6
O000807,2026-02-16,S0014681,C01114,Bengaluru,Men Casual,Affiliate,control,1413,0,4
O000808,2026-02-16,S0014719,C02995,Bengaluru,Women Ethnic,Push,control,1265,30,6
O000809,2026-02-16,S0014737,C03940,Delhi NCR,Beauty,Organic,free_shipping_nudge,980,0,5
O000810,2026-02-16,S0014775,C00144,Mumbai,Men Casual,Affiliate,free_shipping_nudge,2152,25,5
O000811,2026-02-16,S0014812,C01894,Delhi NCR,Women Ethnic,Organic,control,3138,25,6
O000812,2026-02-16,S0014820,C02010,Pune,Men Casual,Paid Search,free_shipping_nudge,1672,20,5
O000813,2026-02-16,S0014828,C01545,Hyderabad,Men Casual,Paid Search,control,1760,0,3
O000814,2026-02-16,S0014837,C02001,Bengaluru,Kids,Paid Search,free_shipping_nudge,1316,30,5
O000815,2026-02-17,S0014899,C04516,Delhi NCR,Men Casual,Influencer,free_shipping_nudge,1307,15,1
O000816,2026-02-17,S0014974,C00154,Hyderabad,Footwear,Influencer,control,1830,10,5
O000817,2026-02-17,S0014987,C02027,Pune,Footwear,Organic,free_shipping_nudge,1730,0,1
O000818,2026-02-17,S0015040,C01859,Jaipur,Women Ethnic,Influencer,free_shipping_nudge,1855,20,2
O000819,2026-02-17,S0015070,C03185,Bengaluru,Footwear,Paid Search,free_shipping_nudge,2583,10,4
O000820,2026-02-17,S0015082,C01305,Hyderabad,Men Casual,Organic,free_shipping_nudge,1018,0,2
O000821,2026-02-17,S0015101,C00836,Delhi NCR,Kids,Organic,free_shipping_nudge,1526,15,6
O000822,2026-02-17,S0015120,C02901,Bengaluru,Kids,Paid Search,control,1004,5,3
O000823,2026-02-17,S0015155,C02196,Jaipur,Kids,Organic,free_shipping_nudge,1068,30,2
O000824,2026-02-17,S0015160,C00422,Bengaluru,Beauty,Organic,control,846,20,6
O000825,2026-02-18,S0015187,C03752,Delhi NCR,Women Ethnic,Paid Search,free_shipping_nudge,2045,25,5
O000826,2026-02-18,S0015188,C03120,Pune,Beauty,Paid Search,free_shipping_nudge,879,10,4
O000827,2026-02-18,S0015219,C01999,Pune,Women Ethnic,Organic,control,1511,5,1
O000828,2026-02-18,S0015232,C04800,Lucknow,Kids,Organic,free_shipping_nudge,855,5,2
O000829,2026-02-18,S0015248,C01324,Mumbai,Beauty,Influencer,free_shipping_nudge,1036,10,6
O000830,2026-02-18,S0015250,C02609,Bengaluru,Beauty,Push,free_shipping_nudge,1245,25,4
O000831,2026-02-18,S0015259,C01931,Pune,Women Ethnic,Push,control,1739,10,5
O000832,2026-02-18,S0015285,C04229,Delhi NCR,Beauty,Organic,free_shipping_nudge,857,10,3
O000833,2026-02-18,S0015330,C01104,Bengaluru,Footwear,Organic,free_shipping_nudge,2483,15,4
O000834,2026-02-18,S0015332,C02095,Pune,Footwear,Push,control,2189,30,2
O000835,2026-02-18,S0015336,C03108,Delhi NCR,Men Casual,Influencer,free_shipping_nudge,1540,25,4
O000836,2026-02-18,S0015347,C05029,Mumbai,Men Casual,Organic,free_shipping_nudge,2336,15,5
O000837,2026-02-18,S0015355,C04474,Bengaluru,Beauty,Organic,free_shipping_nudge,1042,0,2
O000838,2026-02-18,S0015367,C05127,Mumbai,Women Ethnic,Organic,control,1385,0,4
O000839,2026-02-18,S0015401,C02913,Jaipur,Beauty,Organic,control,929,5,3
O000840,2026-02-18,S0015414,C01289,Lucknow,Footwear,Influencer,control,2547,20,4
O000841,2026-02-18,S0015444,C01179,Hyderabad,Footwear,Affiliate,control,2179,10,3
O000842,2026-02-18,S0015451,C01246,Bengaluru,Footwear,Affiliate,free_shipping_nudge,1678,15,2
O000843,2026-02-18,S0015466,C01796,Mumbai,Men Casual,Affiliate,free_shipping_nudge,2154,15,1
O000844,2026-02-19,S0015474,C04811,Jaipur,Beauty,Push,free_shipping_nudge,640,15,2
O000845,2026-02-19,S0015501,C01796,Mumbai,Men Casual,Organic,control,673,25,2
O000846,2026-02-19,S0015512,C00856,Mumbai,Beauty,Affiliate,control,902,15,3
O000847,2026-02-19,S0015515,C00601,Hyderabad,Women Ethnic,Influencer,control,1174,15,4
O000848,2026-02-19,S0015519,C01512,Mumbai,Women Ethnic,Push,free_shipping_nudge,2390,25,5
O000849,2026-02-19,S0015547,C04368,Delhi NCR,Footwear,Organic,free_shipping_nudge,2868,0,2
O000850,2026-02-19,S0015559,C02796,Pune,Beauty,Paid Search,control,883,10,2
O000851,2026-02-19,S0015586,C01967,Bengaluru,Women Ethnic,Paid Search,free_shipping_nudge,1959,5,4
O000852,2026-02-19,S0015591,C04979,Indore,Footwear,Organic,control,1931,20,2
O000853,2026-02-19,S0015630,C03391,Hyderabad,Footwear,Paid Search,free_shipping_nudge,2798,25,3
O000854,2026-02-19,S0015661,C04814,Delhi NCR,Men Casual,Push,free_shipping_nudge,1319,5,6
O000855,2026-02-19,S0015665,C04113,Bengaluru,Women Ethnic,Affiliate,free_shipping_nudge,1254,20,6
O000856,2026-02-19,S0015673,C02951,Bengaluru,Men Casual,Affiliate,control,1807,25,4
O000857,2026-02-19,S0015693,C01091,Jaipur,Women Ethnic,Paid Search,free_shipping_nudge,1421,30,5
O000858,2026-02-19,S0015731,C03555,Bengaluru,Men Casual,Organic,control,1511,30,5
O000859,2026-02-19,S0015737,C03813,Delhi NCR,Women Ethnic,Influencer,control,1694,30,3
O000860,2026-02-19,S0015752,C03153,Bengaluru,Women Ethnic,Organic,control,1794,25,2
O000861,2026-02-20,S0015781,C04061,Bengaluru,Men Casual,Influencer,control,1682,20,6
O000862,2026-02-20,S0015785,C05152,Pune,Footwear,Paid Search,free_shipping_nudge,2689,5,5
O000863,2026-02-20,S0015813,C00287,Lucknow,Footwear,Organic,free_shipping_nudge,1940,30,5
O000864,2026-02-20,S0015821,C02600,Bengaluru,Men Casual,Push,free_shipping_nudge,2165,15,6
O000865,2026-02-20,S0015826,C02382,Bengaluru,Footwear,Organic,free_shipping_nudge,1598,30,2
O000866,2026-02-20,S0015844,C04153,Bengaluru,Beauty,Paid Search,control,741,0,4
O000867,2026-02-20,S0015862,C04617,Pune,Footwear,Influencer,control,1847,0,2
O000868,2026-02-20,S0015959,C01143,Indore,Footwear,Organic,control,2542,0,5
O000869,2026-02-20,S0015961,C00709,Bengaluru,Beauty,Paid Search,control,1103,25,5
O000870,2026-02-20,S0015974,C01256,Delhi NCR,Kids,Influencer,free_shipping_nudge,1070,5,1
O000871,2026-02-20,S0015980,C01504,Mumbai,Men Casual,Push,free_shipping_nudge,2442,5,2
O000872,2026-02-20,S0016017,C03279,Bengaluru,Women Ethnic,Organic,free_shipping_nudge,1642,30,2
O000873,2026-02-20,S0016018,C03746,Bengaluru,Footwear,Affiliate,free_shipping_nudge,2236,20,2
O000874,2026-02-20,S0016025,C01265,Lucknow,Kids,Paid Search,control,694,30,2
O000875,2026-02-20,S0016027,C02010,Pune,Beauty,Affiliate,control,793,10,5
O000876,2026-02-20,S0016033,C03851,Delhi NCR,Beauty,Paid Search,control,943,0,2
O000877,2026-02-20,S0016055,C01269,Delhi NCR,Footwear,Organic,free_shipping_nudge,2267,30,2
O000878,2026-02-20,S0016065,C04003,Bengaluru,Men Casual,Paid Search,free_shipping_nudge,800,10,3
O000879,2026-02-20,S0016072,C00235,Delhi NCR,Men Casual,Push,free_shipping_nudge,1457,5,4
O000880,2026-02-21,S0016133,C04141,Delhi NCR,Beauty,Organic,free_shipping_nudge,724,10,5
O000881,2026-02-21,S0016136,C00162,Jaipur,Footwear,Influencer,free_shipping_nudge,3350,0,5
O000882,2026-02-21,S0016188,C03596,Jaipur,Women Ethnic,Push,control,2238,0,4
O000883,2026-02-21,S0016211,C01736,Bengaluru,Footwear,Influencer,control,1044,25,2
O000884,2026-02-21,S0016214,C04661,Indore,Beauty,Organic,control,998,5,6
O000885,2026-02-21,S0016228,C01513,Bengaluru,Beauty,Push,control,1096,30,6
O000886,2026-02-21,S0016245,C02515,Indore,Footwear,Paid Search,free_shipping_nudge,2669,25,2
O000887,2026-02-21,S0016251,C04443,Lucknow,Beauty,Organic,free_shipping_nudge,805,0,5
O000888,2026-02-21,S0016267,C01966,Indore,Kids,Push,control,1088,5,5
O000889,2026-02-21,S0016269,C03087,Bengaluru,Footwear,Push,free_shipping_nudge,2271,5,2
O000890,2026-02-21,S0016285,C02370,Bengaluru,Footwear,Paid Search,control,2378,5,2
O000891,2026-02-21,S0016297,C02407,Hyderabad,Women Ethnic,Push,free_shipping_nudge,2211,25,1
O000892,2026-02-21,S0016321,C02060,Jaipur,Beauty,Paid Search,control,729,5,4
O000893,2026-02-21,S0016344,C03736,Pune,Men Casual,Organic,control,703,0,5
O000894,2026-02-21,S0016350,C03955,Bengaluru,Footwear,Paid Search,control,3275,10,1
O000895,2026-02-21,S0016357,C04822,Indore,Men Casual,Influencer,free_shipping_nudge,1287,25,6
O000896,2026-02-21,S0016381,C00419,Indore,Women Ethnic,Push,control,1475,0,1
O000897,2026-02-21,S0016417,C01479,Lucknow,Kids,Organic,free_shipping_nudge,1028,20,3
O000898,2026-02-21,S0016419,C03129,Delhi NCR,Women Ethnic,Push,free_shipping_nudge,1283,20,3
O000899,2026-02-22,S0016451,C05150,Pune,Women Ethnic,Paid Search,control,2336,0,1
O000900,2026-02-22,S0016463,C01532,Indore,Women Ethnic,Organic,free_shipping_nudge,1709,25,1
O000901,2026-02-22,S0016519,C04991,Delhi NCR,Beauty,Organic,control,1112,5,3
O000902,2026-02-22,S0016532,C05091,Mumbai,Footwear,Paid Search,control,2296,0,1
O000903,2026-02-22,S0016553,C04723,Bengaluru,Men Casual,Organic,control,1569,0,3
O000904,2026-02-22,S0016564,C02549,Mumbai,Women Ethnic,Paid Search,free_shipping_nudge,1864,5,3
O000905,2026-02-22,S0016588,C02077,Hyderabad,Kids,Organic,control,1489,30,3
O000906,2026-02-22,S0016603,C01413,Pune,Kids,Organic,free_shipping_nudge,1757,10,4
O000907,2026-02-22,S0016641,C01412,Pune,Beauty,Organic,control,1139,5,6
O000908,2026-02-22,S0016651,C03989,Delhi NCR,Men Casual,Organic,free_shipping_nudge,2120,5,2
O000909,2026-02-22,S0016656,C01835,Pune,Women Ethnic,Organic,free_shipping_nudge,2030,10,5
O000910,2026-02-22,S0016684,C01560,Indore,Footwear,Organic,control,2355,30,2
O000911,2026-02-22,S0016694,C01648,Bengaluru,Women Ethnic,Organic,control,1654,0,6
O000912,2026-02-22,S0016713,C05046,Mumbai,Women Ethnic,Paid Search,free_shipping_nudge,1686,15,2
O000913,2026-02-22,S0016716,C03331,Lucknow,Men Casual,Paid Search,control,775,15,4
O000914,2026-02-22,S0016735,C02174,Lucknow,Men Casual,Influencer,free_shipping_nudge,1629,25,4
O000915,2026-02-23,S0016798,C01006,Mumbai,Women Ethnic,Push,control,2178,25,4
O000916,2026-02-23,S0016842,C00207,Bengaluru,Kids,Organic,free_shipping_nudge,1341,0,6
O000917,2026-02-23,S0016847,C02041,Delhi NCR,Women Ethnic,Paid Search,control,2543,15,4
O000918,2026-02-23,S0016864,C04678,Lucknow,Men Casual,Organic,free_shipping_nudge,2038,0,6
O000919,2026-02-23,S0016872,C01702,Hyderabad,Women Ethnic,Paid Search,control,2050,15,4
O000920,2026-02-23,S0016875,C01009,Mumbai,Women Ethnic,Influencer,free_shipping_nudge,1714,15,4
O000921,2026-02-23,S0016877,C00526,Hyderabad,Women Ethnic,Paid Search,free_shipping_nudge,1498,15,3
O000922,2026-02-23,S0016912,C01495,Bengaluru,Kids,Organic,free_shipping_nudge,1720,0,3
O000923,2026-02-23,S0016922,C01109,Mumbai,Men Casual,Push,free_shipping_nudge,2167,30,4
O000924,2026-02-23,S0016939,C04232,Mumbai,Women Ethnic,Push,free_shipping_nudge,2612,30,3
O000925,2026-02-23,S0016942,C04714,Mumbai,Men Casual,Paid Search,free_shipping_nudge,1259,25,3
O000926,2026-02-23,S0016946,C04239,Mumbai,Beauty,Influencer,free_shipping_nudge,877,0,1
O000927,2026-02-23,S0016954,C02809,Delhi NCR,Women Ethnic,Influencer,free_shipping_nudge,1687,15,6
O000928,2026-02-23,S0016962,C03914,Hyderabad,Women Ethnic,Affiliate,control,2247,10,5
O000929,2026-02-23,S0016972,C00021,Delhi NCR,Footwear,Organic,free_shipping_nudge,2019,5,3
O000930,2026-02-23,S0016981,C02304,Bengaluru,Footwear,Push,control,1281,10,6
O000931,2026-02-23,S0017044,C03549,Bengaluru,Beauty,Paid Search,control,659,10,4
O000932,2026-02-23,S0017054,C04669,Bengaluru,Kids,Affiliate,free_shipping_nudge,1258,0,1
O000933,2026-02-23,S0017056,C00353,Bengaluru,Beauty,Organic,control,933,20,2
O000934,2026-02-23,S0017057,C05072,Hyderabad,Men Casual,Push,control,1260,30,2
O000935,2026-02-23,S0017083,C00724,Mumbai,Men Casual,Paid Search,free_shipping_nudge,1544,20,3
O000936,2026-02-23,S0017090,C00950,Bengaluru,Beauty,Organic,free_shipping_nudge,1210,5,2
O000937,2026-02-23,S0017103,C02769,Mumbai,Men Casual,Paid Search,free_shipping_nudge,1806,20,5
O000938,2026-02-24,S0017164,C03134,Delhi NCR,Women Ethnic,Paid Search,free_shipping_nudge,1515,5,2
O000939,2026-02-24,S0017186,C02923,Indore,Kids,Paid Search,free_shipping_nudge,1054,20,4
O000940,2026-02-24,S0017196,C03346,Mumbai,Women Ethnic,Organic,free_shipping_nudge,1472,30,6
O000941,2026-02-24,S0017218,C00385,Bengaluru,Women Ethnic,Organic,control,1795,30,6
O000942,2026-02-24,S0017237,C02929,Delhi NCR,Kids,Influencer,free_shipping_nudge,1283,0,1
O000943,2026-02-24,S0017240,C04560,Pune,Women Ethnic,Paid Search,control,1664,0,6
O000944,2026-02-24,S0017267,C01858,Indore,Beauty,Affiliate,free_shipping_nudge,682,30,5
O000945,2026-02-24,S0017270,C05115,Mumbai,Men Casual,Organic,control,1889,30,1
O000946,2026-02-24,S0017305,C03307,Jaipur,Men Casual,Organic,free_shipping_nudge,1289,30,4
O000947,2026-02-24,S0017332,C01965,Hyderabad,Beauty,Organic,control,1260,20,4
O000948,2026-02-25,S0017419,C04073,Lucknow,Footwear,Organic,control,958,10,5
O000949,2026-02-25,S0017464,C03933,Mumbai,Beauty,Paid Search,control,336,10,6
O000950,2026-02-25,S0017478,C01541,Jaipur,Men Casual,Affiliate,free_shipping_nudge,2238,0,4
O000951,2026-02-25,S0017480,C03630,Bengaluru,Footwear,Paid Search,free_shipping_nudge,2988,30,3
O000952,2026-02-25,S0017506,C03616,Bengaluru,Women Ethnic,Organic,free_shipping_nudge,1372,0,1
O000953,2026-02-25,S0017508,C04323,Hyderabad,Men Casual,Paid Search,control,1438,5,5
O000954,2026-02-25,S0017514,C03058,Hyderabad,Footwear,Organic,control,1565,20,1
O000955,2026-02-25,S0017516,C00179,Indore,Women Ethnic,Paid Search,free_shipping_nudge,1516,30,3
O000956,2026-02-25,S0017572,C02692,Lucknow,Beauty,Paid Search,free_shipping_nudge,1000,5,3
O000957,2026-02-25,S0017576,C00164,Lucknow,Men Casual,Paid Search,free_shipping_nudge,1776,20,1
O000958,2026-02-25,S0017577,C00287,Lucknow,Kids,Paid Search,free_shipping_nudge,670,20,6
O000959,2026-02-25,S0017598,C02049,Delhi NCR,Women Ethnic,Paid Search,control,1654,15,2
O000960,2026-02-25,S0017602,C00975,Hyderabad,Beauty,Organic,control,473,20,5
O000961,2026-02-25,S0017617,C02804,Jaipur,Kids,Organic,control,1143,30,4
O000962,2026-02-26,S0017732,C00557,Hyderabad,Beauty,Paid Search,control,774,0,1
O000963,2026-02-26,S0017754,C02957,Lucknow,Beauty,Paid Search,control,1137,25,6
O000964,2026-02-26,S0017785,C03014,Lucknow,Footwear,Influencer,free_shipping_nudge,1555,20,4
O000965,2026-02-26,S0017798,C01000,Hyderabad,Women Ethnic,Organic,free_shipping_nudge,2659,0,4
O000966,2026-02-26,S0017809,C02053,Jaipur,Footwear,Push,free_shipping_nudge,2191,15,5
O000967,2026-02-26,S0017903,C03860,Lucknow,Kids,Paid Search,control,1557,5,3
O000968,2026-02-26,S0017913,C00616,Mumbai,Footwear,Organic,free_shipping_nudge,3505,0,2
O000969,2026-02-26,S0017966,C04598,Jaipur,Men Casual,Influencer,free_shipping_nudge,1626,20,3
O000970,2026-02-27,S0018016,C04641,Delhi NCR,Kids,Organic,free_shipping_nudge,1710,25,6
O000971,2026-02-27,S0018023,C03290,Jaipur,Men Casual,Push,free_shipping_nudge,1681,25,2
O000972,2026-02-27,S0018043,C04661,Indore,Beauty,Paid Search,free_shipping_nudge,745,25,6
O000973,2026-02-27,S0018047,C03407,Delhi NCR,Footwear,Influencer,control,2793,5,1
O000974,2026-02-27,S0018052,C00303,Mumbai,Men Casual,Paid Search,free_shipping_nudge,476,0,5
O000975,2026-02-27,S0018112,C04803,Delhi NCR,Women Ethnic,Push,control,1668,10,1
O000976,2026-02-27,S0018116,C02038,Pune,Footwear,Affiliate,free_shipping_nudge,3570,0,2
O000977,2026-02-27,S0018138,C02371,Delhi NCR,Beauty,Push,free_shipping_nudge,1086,25,1
O000978,2026-02-27,S0018142,C01305,Hyderabad,Footwear,Paid Search,free_shipping_nudge,1094,25,4
O000979,2026-02-27,S0018180,C02083,Mumbai,Men Casual,Organic,control,1386,30,6
O000980,2026-02-27,S0018181,C04255,Delhi NCR,Women Ethnic,Organic,free_shipping_nudge,2066,10,3
O000981,2026-02-27,S0018190,C01782,Bengaluru,Kids,Paid Search,free_shipping_nudge,1199,25,6
O000982,2026-02-27,S0018193,C03786,Hyderabad,Women Ethnic,Influencer,free_shipping_nudge,2827,30,3
O000983,2026-02-27,S0018205,C01773,Delhi NCR,Women Ethnic,Affiliate,free_shipping_nudge,1527,5,1
O000984,2026-02-27,S0018225,C00149,Delhi NCR,Women Ethnic,Affiliate,control,2406,30,4
O000985,2026-02-27,S0018227,C02455,Mumbai,Beauty,Influencer,free_shipping_nudge,1182,0,1
O000986,2026-02-27,S0018249,C01375,Bengaluru,Beauty,Organic,free_shipping_nudge,875,5,2
O000987,2026-02-27,S0018273,C01081,Hyderabad,Beauty,Influencer,free_shipping_nudge,817,20,3
O000988,2026-02-27,S0018278,C03528,Bengaluru,Women Ethnic,Organic,free_shipping_nudge,2619,5,1
O000989,2026-02-28,S0018299,C02045,Bengaluru,Footwear,Affiliate,control,2057,0,6
O000990,2026-02-28,S0018327,C04991,Delhi NCR,Women Ethnic,Paid Search,free_shipping_nudge,1379,15,3
O000991,2026-02-28,S0018379,C02499,Bengaluru,Footwear,Influencer,free_shipping_nudge,2315,5,6
O000992,2026-02-28,S0018404,C02963,Bengaluru,Men Casual,Organic,control,1826,30,6
O000993,2026-02-28,S0018448,C00786,Hyderabad,Footwear,Organic,free_shipping_nudge,2068,25,4
O000994,2026-02-28,S0018451,C05043,Bengaluru,Kids,Push,free_shipping_nudge,1462,20,1
O000995,2026-02-28,S0018487,C01398,Pune,Footwear,Paid Search,control,1886,20,6
O000996,2026-02-28,S0018504,C02877,Mumbai,Footwear,Push,control,2221,0,4
O000997,2026-02-28,S0018510,C01658,Bengaluru,Women Ethnic,Push,free_shipping_nudge,1555,5,2
O000998,2026-02-28,S0018512,C02883,Delhi NCR,Women Ethnic,Organic,free_shipping_nudge,2269,0,5
O000999,2026-02-28,S0018563,C00070,Hyderabad,Beauty,Influencer,free_shipping_nudge,880,25,5
O001000,2026-02-28,S0018568,C02213,Bengaluru,Men Casual,Push,control,2401,20,3
O001001,2026-02-28,S0018569,C02850,Bengaluru,Women Ethnic,Influencer,free_shipping_nudge,2328,25,5
O001002,2026-02-28,S0018572,C04882,Mumbai,Footwear,Push,control,2299,30,5
O001003,2026-02-28,S0018631,C02714,Bengaluru,Women Ethnic,Organic,control,2179,20,2
O001004,2026-02-28,S0018638,C00712,Pune,Beauty,Influencer,free_shipping_nudge,1082,0,2
O001005,2026-02-28,S0018650,C01078,Delhi NCR,Men Casual,Organic,free_shipping_nudge,1499,30,3
O001006,2026-03-01,S0018729,C01366,Bengaluru,Men Casual,Organic,free_shipping_nudge,1351,25,3
O001007,2026-03-01,S0018731,C01593,Delhi NCR,Women Ethnic,Influencer,free_shipping_nudge,1710,0,5
O001008,2026-03-01,S0018791,C00104,Delhi NCR,Women Ethnic,Organic,free_shipping_nudge,1661,30,4
O001009,2026-03-01,S0018837,C02591,Bengaluru,Men Casual,Push,free_shipping_nudge,1551,30,5
O001010,2026-03-01,S0018850,C01505,Bengaluru,Footwear,Push,free_shipping_nudge,2193,25,3
O001011,2026-03-01,S0018877,C02637,Delhi NCR,Women Ethnic,Organic,control,2231,0,1
O001012,2026-03-01,S0018893,C03270,Delhi NCR,Beauty,Push,control,1173,25,1
O001013,2026-03-01,S0018925,C04287,Indore,Beauty,Organic,free_shipping_nudge,1148,0,1
O001014,2026-03-01,S0018953,C03140,Bengaluru,Beauty,Affiliate,free_shipping_nudge,1190,15,3
O001015,2026-03-01,S0018993,C03248,Bengaluru,Women Ethnic,Paid Search,free_shipping_nudge,2081,0,1
O001016,2026-03-01,S0019003,C02232,Delhi NCR,Beauty,Affiliate,control,633,25,1
O001017,2026-03-01,S0019017,C01926,Hyderabad,Kids,Push,control,901,20,4
O001018,2026-03-02,S0019056,C02307,Hyderabad,Men Casual,Paid Search,free_shipping_nudge,1546,20,3
O001019,2026-03-02,S0019067,C00043,Indore,Footwear,Paid Search,free_shipping_nudge,1679,15,3
O001020,2026-03-02,S0019138,C02735,Hyderabad,Kids,Organic,control,1282,0,4
O001021,2026-03-02,S0019156,C02390,Delhi NCR,Beauty,Influencer,control,1487,5,4
O001022,2026-03-02,S0019181,C03099,Indore,Men Casual,Push,free_shipping_nudge,1465,15,6
O001023,2026-03-02,S0019202,C03377,Delhi NCR,Kids,Affiliate,control,1383,5,1
O001024,2026-03-02,S0019217,C02686,Hyderabad,Women Ethnic,Affiliate,free_shipping_nudge,1719,25,3
O001025,2026-03-02,S0019264,C04415,Mumbai,Women Ethnic,Paid Search,free_shipping_nudge,1240,0,1
O001026,2026-03-02,S0019289,C04628,Pune,Men Casual,Push,free_shipping_nudge,1157,20,1
O001027,2026-03-03,S0019356,C03140,Bengaluru,Women Ethnic,Paid Search,free_shipping_nudge,1479,15,3
O001028,2026-03-03,S0019373,C03221,Bengaluru,Men Casual,Paid Search,free_shipping_nudge,1493,0,2
O001029,2026-03-03,S0019402,C03834,Jaipur,Women Ethnic,Paid Search,control,1582,5,1
O001030,2026-03-03,S0019416,C00228,Mumbai,Kids,Push,free_shipping_nudge,860,10,2
O001031,2026-03-03,S0019428,C04785,Mumbai,Footwear,Affiliate,free_shipping_nudge,2015,10,5
O001032,2026-03-03,S0019442,C00048,Hyderabad,Kids,Push,free_shipping_nudge,1333,25,6
O001033,2026-03-03,S0019468,C02412,Delhi NCR,Women Ethnic,Paid Search,control,1830,30,1
O001034,2026-03-03,S0019479,C02705,Mumbai,Footwear,Organic,free_shipping_nudge,1849,25,2
O001035,2026-03-03,S0019526,C03199,Delhi NCR,Women Ethnic,Push,free_shipping_nudge,2371,10,2
O001036,2026-03-03,S0019528,C01501,Jaipur,Men Casual,Paid Search,control,1661,20,1
O001037,2026-03-03,S0019580,C00548,Pune,Footwear,Organic,control,2929,5,6
O001038,2026-03-04,S0019611,C01644,Hyderabad,Men Casual,Influencer,free_shipping_nudge,1387,15,1
O001039,2026-03-04,S0019675,C04151,Indore,Kids,Affiliate,control,1724,0,6
O001040,2026-03-04,S0019714,C01020,Bengaluru,Women Ethnic,Push,free_shipping_nudge,2043,30,1
O001041,2026-03-04,S0019732,C00134,Bengaluru,Men Casual,Organic,free_shipping_nudge,2118,0,4
O001042,2026-03-04,S0019740,C03262,Jaipur,Men Casual,Influencer,free_shipping_nudge,1852,30,6
O001043,2026-03-04,S0019747,C02261,Delhi NCR,Women Ethnic,Affiliate,control,2922,20,2
O001044,2026-03-04,S0019756,C03808,Bengaluru,Footwear,Affiliate,free_shipping_nudge,1689,20,1
O001045,2026-03-04,S0019757,C02750,Lucknow,Kids,Paid Search,free_shipping_nudge,747,30,6
O001046,2026-03-04,S0019762,C00151,Mumbai,Women Ethnic,Push,control,1248,10,3
O001047,2026-03-04,S0019764,C03606,Pune,Footwear,Affiliate,free_shipping_nudge,2067,30,3
O001048,2026-03-04,S0019772,C00419,Indore,Women Ethnic,Organic,control,2446,20,1
O001049,2026-03-04,S0019781,C02126,Mumbai,Women Ethnic,Organic,free_shipping_nudge,1406,20,6
O001050,2026-03-04,S0019813,C05053,Delhi NCR,Women Ethnic,Organic,free_shipping_nudge,1302,5,3
O001051,2026-03-04,S0019817,C02340,Hyderabad,Kids,Paid Search,control,1055,20,5
O001052,2026-03-04,S0019829,C01498,Lucknow,Men Casual,Affiliate,free_shipping_nudge,1409,5,4
O001053,2026-03-04,S0019834,C00185,Pune,Men Casual,Organic,free_shipping_nudge,2111,5,6
O001054,2026-03-04,S0019841,C02219,Delhi NCR,Men Casual,Affiliate,free_shipping_nudge,2106,30,1
O001055,2026-03-04,S0019842,C04190,Delhi NCR,Kids,Influencer,control,1217,15,4
O001056,2026-03-04,S0019843,C00808,Bengaluru,Footwear,Organic,free_shipping_nudge,2710,10,1
O001057,2026-03-05,S0019878,C01334,Pune,Men Casual,Push,free_shipping_nudge,2270,20,5
O001058,2026-03-05,S0019883,C04697,Lucknow,Women Ethnic,Organic,free_shipping_nudge,2630,30,5
O001059,2026-03-05,S0019901,C04860,Lucknow,Beauty,Paid Search,control,951,20,4
O001060,2026-03-05,S0019924,C02277,Delhi NCR,Beauty,Push,control,1358,25,6
O001061,2026-03-05,S0019939,C02429,Jaipur,Women Ethnic,Influencer,control,1791,5,2
O001062,2026-03-05,S0019952,C03744,Jaipur,Beauty,Affiliate,free_shipping_nudge,853,0,6
O001063,2026-03-05,S0019964,C00152,Jaipur,Men Casual,Paid Search,free_shipping_nudge,2416,15,1
O001064,2026-03-05,S0019975,C04628,Pune,Footwear,Paid Search,free_shipping_nudge,1160,30,4
O001065,2026-03-05,S0019983,C03572,Indore,Beauty,Push,free_shipping_nudge,997,30,4
O001066,2026-03-05,S0020003,C02103,Mumbai,Men Casual,Paid Search,control,1294,0,5
O001067,2026-03-05,S0020005,C02045,Bengaluru,Kids,Organic,free_shipping_nudge,1797,20,5
O001068,2026-03-05,S0020054,C01109,Mumbai,Women Ethnic,Push,free_shipping_nudge,1260,10,4
O001069,2026-03-05,S0020059,C03830,Pune,Kids,Paid Search,free_shipping_nudge,1388,20,5
O001070,2026-03-05,S0020061,C03620,Lucknow,Men Casual,Affiliate,control,2450,0,1
O001071,2026-03-05,S0020065,C01678,Jaipur,Kids,Organic,free_shipping_nudge,1314,30,2
O001072,2026-03-05,S0020071,C00213,Lucknow,Beauty,Organic,free_shipping_nudge,905,15,1
O001073,2026-03-05,S0020074,C01833,Indore,Beauty,Paid Search,control,977,0,2
O001074,2026-03-05,S0020109,C02843,Mumbai,Women Ethnic,Organic,free_shipping_nudge,1240,0,3
O001075,2026-03-06,S0020119,C04503,Bengaluru,Women Ethnic,Paid Search,control,2446,30,4
O001076,2026-03-06,S0020131,C00229,Hyderabad,Women Ethnic,Organic,control,2105,15,4
O001077,2026-03-06,S0020133,C04280,Mumbai,Men Casual,Influencer,control,882,0,3
O001078,2026-03-06,S0020135,C01141,Pune,Beauty,Paid Search,control,1277,5,2
O001079,2026-03-06,S0020140,C04629,Hyderabad,Women Ethnic,Organic,control,2552,15,1
O001080,2026-03-06,S0020144,C01659,Delhi NCR,Women Ethnic,Influencer,control,1887,25,4
O001081,2026-03-06,S0020154,C04072,Delhi NCR,Beauty,Paid Search,control,299,10,1
O001082,2026-03-06,S0020206,C01667,Hyderabad,Beauty,Paid Search,free_shipping_nudge,399,25,4
O001083,2026-03-06,S0020209,C04803,Delhi NCR,Footwear,Push,control,1150,0,6
O001084,2026-03-06,S0020219,C01148,Bengaluru,Women Ethnic,Organic,control,1132,5,1
O001085,2026-03-06,S0020239,C02159,Delhi NCR,Women Ethnic,Push,free_shipping_nudge,1475,10,5
O001086,2026-03-06,S0020246,C02543,Delhi NCR,Women Ethnic,Influencer,free_shipping_nudge,2161,15,3
O001087,2026-03-06,S0020257,C03666,Bengaluru,Women Ethnic,Influencer,control,1914,25,3
O001088,2026-03-06,S0020268,C00510,Delhi NCR,Women Ethnic,Paid Search,free_shipping_nudge,829,25,5
O001089,2026-03-06,S0020284,C01741,Hyderabad,Men Casual,Organic,free_shipping_nudge,1448,0,5
O001090,2026-03-06,S0020312,C05102,Mumbai,Women Ethnic,Paid Search,free_shipping_nudge,1687,20,4
O001091,2026-03-06,S0020313,C00419,Indore,Kids,Influencer,free_shipping_nudge,1589,0,6
O001092,2026-03-06,S0020317,C00572,Delhi NCR,Men Casual,Push,control,1765,30,4
O001093,2026-03-06,S0020323,C03717,Bengaluru,Footwear,Organic,free_shipping_nudge,1718,20,2
O001094,2026-03-06,S0020340,C01486,Delhi NCR,Men Casual,Paid Search,control,937,5,6
O001095,2026-03-06,S0020367,C03149,Indore,Women Ethnic,Influencer,free_shipping_nudge,1328,20,4
O001096,2026-03-06,S0020389,C04276,Delhi NCR,Men Casual,Paid Search,control,2313,20,2
O001097,2026-03-06,S0020399,C01703,Bengaluru,Men Casual,Organic,control,1513,0,4
O001098,2026-03-06,S0020411,C01562,Mumbai,Beauty,Influencer,free_shipping_nudge,931,10,1
O001099,2026-03-06,S0020420,C01393,Pune,Men Casual,Paid Search,free_shipping_nudge,2169,10,6
O001100,2026-03-07,S0020437,C02459,Pune,Kids,Organic,control,1211,30,5
O001101,2026-03-07,S0020533,C03761,Lucknow,Men Casual,Push,free_shipping_nudge,1634,5,6
O001102,2026-03-07,S0020539,C01727,Hyderabad,Footwear,Organic,free_shipping_nudge,1983,5,2
O001103,2026-03-07,S0020562,C02213,Bengaluru,Women Ethnic,Paid Search,control,2845,15,3
O001104,2026-03-07,S0020603,C03708,Delhi NCR,Beauty,Push,control,1109,25,2
O001105,2026-03-07,S0020618,C00046,Bengaluru,Footwear,Organic,free_shipping_nudge,2458,30,3
O001106,2026-03-07,S0020642,C04285,Hyderabad,Women Ethnic,Influencer,control,1294,30,4
O001107,2026-03-07,S0020658,C04021,Delhi NCR,Footwear,Paid Search,control,1892,15,6
O001108,2026-03-07,S0020660,C00052,Jaipur,Footwear,Influencer,control,2556,10,1
O001109,2026-03-07,S0020678,C02607,Bengaluru,Men Casual,Push,free_shipping_nudge,2204,20,4
O001110,2026-03-07,S0020681,C03711,Hyderabad,Women Ethnic,Affiliate,control,2804,25,1
O001111,2026-03-07,S0020689,C02136,Mumbai,Men Casual,Paid Search,free_shipping_nudge,1068,0,1
O001112,2026-03-07,S0020722,C04404,Mumbai,Beauty,Paid Search,free_shipping_nudge,930,20,3
O001113,2026-03-07,S0020724,C02268,Bengaluru,Men Casual,Influencer,control,1445,15,6
O001114,2026-03-07,S0020729,C03042,Delhi NCR,Beauty,Paid Search,control,747,10,4
O001115,2026-03-08,S0020793,C02174,Lucknow,Women Ethnic,Influencer,free_shipping_nudge,1538,0,3
O001116,2026-03-08,S0020812,C00239,Bengaluru,Footwear,Organic,control,2046,0,2
O001117,2026-03-08,S0020815,C01855,Bengaluru,Women Ethnic,Organic,control,1869,15,4
O001118,2026-03-08,S0020877,C04712,Hyderabad,Beauty,Affiliate,control,1000,30,6
O001119,2026-03-08,S0020922,C02512,Hyderabad,Men Casual,Organic,free_shipping_nudge,1075,5,1
O001120,2026-03-08,S0020923,C00899,Mumbai,Men Casual,Push,free_shipping_nudge,2074,20,6
O001121,2026-03-08,S0020961,C02215,Bengaluru,Beauty,Paid Search,free_shipping_nudge,597,20,3
O001122,2026-03-08,S0020973,C01673,Bengaluru,Kids,Organic,free_shipping_nudge,729,0,1
O001123,2026-03-08,S0020978,C03936,Indore,Men Casual,Paid Search,control,1404,0,4
O001124,2026-03-08,S0021015,C04586,Delhi NCR,Men Casual,Paid Search,control,1370,20,6
O001125,2026-03-08,S0021019,C00805,Mumbai,Men Casual,Push,control,1010,20,2
O001126,2026-03-08,S0021032,C04835,Bengaluru,Women Ethnic,Paid Search,free_shipping_nudge,2864,15,1
O001127,2026-03-08,S0021033,C00279,Jaipur,Women Ethnic,Paid Search,control,1141,30,5
O001128,2026-03-08,S0021048,C01285,Mumbai,Footwear,Organic,free_shipping_nudge,1992,10,1
O001129,2026-03-09,S0021084,C02422,Mumbai,Beauty,Organic,free_shipping_nudge,610,10,4
O001130,2026-03-09,S0021087,C05049,Bengaluru,Beauty,Push,free_shipping_nudge,770,10,2
O001131,2026-03-09,S0021134,C00375,Mumbai,Women Ethnic,Paid Search,free_shipping_nudge,2233,10,5
O001132,2026-03-09,S0021142,C04524,Mumbai,Women Ethnic,Push,free_shipping_nudge,1618,5,6
O001133,2026-03-09,S0021209,C01455,Delhi NCR,Footwear,Paid Search,free_shipping_nudge,1686,15,3
O001134,2026-03-09,S0021225,C01171,Pune,Beauty,Paid Search,free_shipping_nudge,1169,25,6
O001135,2026-03-09,S0021230,C02105,Bengaluru,Men Casual,Affiliate,free_shipping_nudge,1978,5,2
O001136,2026-03-09,S0021240,C00036,Mumbai,Women Ethnic,Push,free_shipping_nudge,1645,5,4
O001137,2026-03-09,S0021251,C02420,Mumbai,Beauty,Influencer,control,455,25,5
O001138,2026-03-09,S0021260,C00519,Mumbai,Men Casual,Affiliate,free_shipping_nudge,2199,10,3
O001139,2026-03-09,S0021278,C02086,Mumbai,Beauty,Affiliate,free_shipping_nudge,722,20,2
O001140,2026-03-09,S0021288,C02360,Delhi NCR,Kids,Push,control,604,15,5
O001141,2026-03-09,S0021317,C04400,Indore,Men Casual,Organic,free_shipping_nudge,1989,30,4
O001142,2026-03-09,S0021322,C04241,Bengaluru,Women Ethnic,Organic,control,2174,25,1
O001143,2026-03-09,S0021339,C02585,Mumbai,Footwear,Paid Search,control,1607,20,4
O001144,2026-03-09,S0021342,C01669,Bengaluru,Beauty,Affiliate,free_shipping_nudge,1101,0,4
O001145,2026-03-09,S0021347,C01339,Bengaluru,Men Casual,Push,free_shipping_nudge,1798,25,6
O001146,2026-03-09,S0021356,C01283,Mumbai,Men Casual,Affiliate,free_shipping_nudge,1034,15,2
O001147,2026-03-10,S0021382,C03029,Bengaluru,Women Ethnic,Push,control,2070,20,6
O001148,2026-03-10,S0021383,C00064,Delhi NCR,Beauty,Influencer,free_shipping_nudge,1175,10,2
O001149,2026-03-10,S0021483,C04064,Pune,Men Casual,Paid Search,free_shipping_nudge,1658,20,5
O001150,2026-03-10,S0021508,C04384,Bengaluru,Men Casual,Influencer,control,821,10,3
O001151,2026-03-10,S0021510,C00646,Delhi NCR,Footwear,Paid Search,free_shipping_nudge,2197,20,4
O001152,2026-03-10,S0021511,C00263,Bengaluru,Beauty,Paid Search,control,1387,30,3
O001153,2026-03-10,S0021525,C03769,Bengaluru,Men Casual,Influencer,free_shipping_nudge,2320,20,3
O001154,2026-03-10,S0021556,C03886,Delhi NCR,Men Casual,Paid Search,free_shipping_nudge,2405,25,2
O001155,2026-03-10,S0021647,C03611,Jaipur,Kids,Influencer,free_shipping_nudge,698,5,3
O001156,2026-03-10,S0021654,C00611,Mumbai,Women Ethnic,Push,free_shipping_nudge,2419,30,3
O001157,2026-03-10,S0021665,C01021,Delhi NCR,Women Ethnic,Paid Search,free_shipping_nudge,2349,0,4
O001158,2026-03-10,S0021672,C04175,Pune,Men Casual,Push,control,2762,15,4
O001159,2026-03-11,S0021692,C03528,Bengaluru,Footwear,Organic,free_shipping_nudge,2198,10,2
O001160,2026-03-11,S0021702,C04189,Bengaluru,Women Ethnic,Push,free_shipping_nudge,822,10,1
O001161,2026-03-11,S0021751,C05047,Pune,Women Ethnic,Organic,free_shipping_nudge,1593,25,4
O001162,2026-03-11,S0021764,C01687,Mumbai,Beauty,Organic,free_shipping_nudge,735,15,5
O001163,2026-03-11,S0021783,C02592,Bengaluru,Men Casual,Push,free_shipping_nudge,1785,20,6
O001164,2026-03-11,S0021793,C03737,Indore,Footwear,Organic,free_shipping_nudge,3639,20,5
O001165,2026-03-11,S0021803,C03580,Bengaluru,Footwear,Influencer,free_shipping_nudge,2762,15,1
O001166,2026-03-11,S0021818,C00796,Hyderabad,Men Casual,Paid Search,free_shipping_nudge,1557,25,6
O001167,2026-03-11,S0021828,C04597,Bengaluru,Women Ethnic,Organic,control,2181,25,5
O001168,2026-03-11,S0021849,C03730,Bengaluru,Women Ethnic,Influencer,free_shipping_nudge,1260,5,6
O001169,2026-03-11,S0021851,C02375,Pune,Women Ethnic,Push,free_shipping_nudge,1945,25,4
O001170,2026-03-11,S0021872,C04314,Indore,Women Ethnic,Push,free_shipping_nudge,1769,30,1
O001171,2026-03-11,S0021885,C04813,Delhi NCR,Kids,Organic,free_shipping_nudge,1409,5,2
O001172,2026-03-11,S0021890,C05160,Hyderabad,Men Casual,Organic,control,2144,0,1
O001173,2026-03-11,S0021953,C01779,Hyderabad,Beauty,Organic,control,1101,0,5
O001174,2026-03-12,S0021971,C01373,Mumbai,Women Ethnic,Influencer,control,1942,20,6
O001175,2026-03-12,S0022004,C05039,Pune,Men Casual,Paid Search,free_shipping_nudge,1719,0,1
O001176,2026-03-12,S0022019,C00740,Bengaluru,Women Ethnic,Organic,control,1886,15,3
O001177,2026-03-12,S0022020,C03916,Delhi NCR,Footwear,Push,free_shipping_nudge,2029,25,1
O001178,2026-03-12,S0022045,C02882,Bengaluru,Men Casual,Organic,control,1867,20,3
O001179,2026-03-12,S0022050,C01344,Hyderabad,Women Ethnic,Affiliate,control,2026,25,4
O001180,2026-03-12,S0022059,C00875,Bengaluru,Beauty,Paid Search,free_shipping_nudge,766,0,5
O001181,2026-03-12,S0022064,C02977,Bengaluru,Women Ethnic,Organic,free_shipping_nudge,1643,25,6
O001182,2026-03-12,S0022071,C00042,Bengaluru,Beauty,Influencer,control,1150,25,4
O001183,2026-03-12,S0022072,C01301,Delhi NCR,Women Ethnic,Influencer,free_shipping_nudge,2127,15,4
O001184,2026-03-12,S0022077,C01053,Bengaluru,Footwear,Paid Search,free_shipping_nudge,1914,25,6
O001185,2026-03-12,S0022080,C00425,Bengaluru,Beauty,Paid Search,free_shipping_nudge,1086,0,1
O001186,2026-03-12,S0022106,C03790,Mumbai,Women Ethnic,Organic,free_shipping_nudge,1528,30,6
O001187,2026-03-12,S0022111,C04830,Jaipur,Men Casual,Paid Search,free_shipping_nudge,2293,25,4
O001188,2026-03-12,S0022116,C02259,Mumbai,Women Ethnic,Push,free_shipping_nudge,1295,10,2
O001189,2026-03-12,S0022143,C00527,Delhi NCR,Women Ethnic,Paid Search,free_shipping_nudge,2334,15,3
O001190,2026-03-12,S0022144,C00862,Hyderabad,Kids,Organic,free_shipping_nudge,1169,15,1
O001191,2026-03-12,S0022155,C00337,Indore,Men Casual,Push,free_shipping_nudge,1868,25,4
O001192,2026-03-12,S0022188,C03381,Mumbai,Footwear,Organic,free_shipping_nudge,2519,15,6
O001193,2026-03-12,S0022193,C01407,Bengaluru,Beauty,Organic,free_shipping_nudge,666,10,6
O001194,2026-03-12,S0022194,C04284,Hyderabad,Kids,Organic,free_shipping_nudge,786,15,1
O001195,2026-03-12,S0022204,C04546,Hyderabad,Beauty,Push,free_shipping_nudge,596,20,2
O001196,2026-03-12,S0022208,C04378,Delhi NCR,Men Casual,Paid Search,control,1941,0,5
O001197,2026-03-13,S0022226,C02912,Mumbai,Footwear,Affiliate,control,1383,20,4
O001198,2026-03-13,S0022243,C02101,Indore,Men Casual,Influencer,control,1572,5,1
O001199,2026-03-13,S0022245,C03615,Mumbai,Kids,Paid Search,free_shipping_nudge,1213,5,5
O001200,2026-03-13,S0022267,C01932,Jaipur,Footwear,Organic,control,2543,30,3
O001201,2026-03-13,S0022301,C05116,Mumbai,Women Ethnic,Push,control,2934,15,6
O001202,2026-03-13,S0022353,C02797,Delhi NCR,Beauty,Paid Search,control,827,25,5
O001203,2026-03-13,S0022368,C04190,Delhi NCR,Women Ethnic,Paid Search,control,1779,0,4
O001204,2026-03-13,S0022398,C04582,Pune,Men Casual,Organic,control,1647,15,5
O001205,2026-03-13,S0022445,C01751,Indore,Men Casual,Affiliate,control,1122,5,2
O001206,2026-03-13,S0022476,C01524,Jaipur,Kids,Push,control,1140,10,4
O001207,2026-03-13,S0022529,C00832,Pune,Beauty,Influencer,free_shipping_nudge,1114,30,5
O001208,2026-03-13,S0022539,C05184,Lucknow,Women Ethnic,Organic,free_shipping_nudge,1563,20,3
O001209,2026-03-13,S0022544,C01362,Jaipur,Footwear,Push,control,2229,0,2
O001210,2026-03-14,S0022570,C01231,Delhi NCR,Men Casual,Paid Search,control,1601,20,1
O001211,2026-03-14,S0022595,C04166,Lucknow,Women Ethnic,Paid Search,control,1333,25,1
O001212,2026-03-14,S0022640,C01418,Hyderabad,Footwear,Organic,free_shipping_nudge,2048,5,1
O001213,2026-03-14,S0022660,C01622,Bengaluru,Kids,Organic,free_shipping_nudge,1174,10,5
O001214,2026-03-14,S0022678,C03353,Delhi NCR,Women Ethnic,Organic,free_shipping_nudge,1740,15,3
O001215,2026-03-14,S0022706,C02750,Lucknow,Footwear,Paid Search,control,2601,30,1
O001216,2026-03-14,S0022747,C01772,Hyderabad,Women Ethnic,Push,control,2120,10,1
O001217,2026-03-14,S0022760,C04403,Mumbai,Women Ethnic,Organic,free_shipping_nudge,1497,25,6
O001218,2026-03-14,S0022762,C00115,Lucknow,Men Casual,Influencer,control,2069,25,5
O001219,2026-03-14,S0022812,C01323,Lucknow,Kids,Influencer,free_shipping_nudge,1002,5,5
O001220,2026-03-14,S0022813,C01944,Bengaluru,Women Ethnic,Organic,control,263,5,3
O001221,2026-03-14,S0022819,C03119,Bengaluru,Women Ethnic,Paid Search,control,1327,0,4
O001222,2026-03-14,S0022839,C03119,Bengaluru,Women Ethnic,Organic,free_shipping_nudge,1486,25,4
O001223,2026-03-14,S0022846,C03127,Indore,Kids,Organic,control,498,20,1
O001224,2026-03-14,S0022849,C01224,Indore,Footwear,Push,free_shipping_nudge,1521,20,3
O001225,2026-03-14,S0022851,C04360,Bengaluru,Men Casual,Paid Search,free_shipping_nudge,1416,0,5
O001226,2026-03-14,S0022904,C04332,Bengaluru,Men Casual,Organic,free_shipping_nudge,1962,10,4
O001227,2026-03-14,S0022907,C02169,Bengaluru,Footwear,Influencer,control,1799,30,3
O001228,2026-03-14,S0022913,C00763,Pune,Footwear,Paid Search,free_shipping_nudge,2635,20,6
O001229,2026-03-14,S0022924,C03352,Mumbai,Men Casual,Paid Search,free_shipping_nudge,1229,10,1
O001230,2026-03-14,S0022926,C05162,Indore,Women Ethnic,Organic,control,2020,30,6
O001231,2026-03-14,S0022932,C02695,Lucknow,Men Casual,Paid Search,free_shipping_nudge,1789,10,3
O001232,2026-03-14,S0022939,C02307,Hyderabad,Women Ethnic,Paid Search,control,2014,10,4
O001233,2026-03-14,S0022949,C03751,Jaipur,Women Ethnic,Organic,free_shipping_nudge,1010,20,1
O001234,2026-03-14,S0022967,C02345,Bengaluru,Footwear,Paid Search,free_shipping_nudge,927,10,3
O001235,2026-03-14,S0022977,C00733,Indore,Beauty,Paid Search,control,1537,15,1
O001236,2026-03-14,S0022989,C00746,Hyderabad,Footwear,Affiliate,free_shipping_nudge,2381,5,1
O001237,2026-03-14,S0023006,C01797,Mumbai,Women Ethnic,Paid Search,free_shipping_nudge,1509,10,4
O001238,2026-03-14,S0023013,C01489,Mumbai,Men Casual,Push,free_shipping_nudge,1570,20,1
O001239,2026-03-14,S0023023,C04211,Indore,Women Ethnic,Paid Search,control,1915,30,3
O001240,2026-03-14,S0023034,C04503,Bengaluru,Beauty,Organic,free_shipping_nudge,912,25,1
O001241,2026-03-14,S0023047,C00548,Pune,Women Ethnic,Paid Search,control,2300,0,4
O001242,2026-03-14,S0023048,C03305,Mumbai,Men Casual,Organic,free_shipping_nudge,1769,10,6
O001243,2026-03-14,S0023080,C02464,Bengaluru,Women Ethnic,Organic,free_shipping_nudge,1225,5,3
O001244,2026-03-15,S0023109,C01931,Pune,Women Ethnic,Influencer,free_shipping_nudge,2039,5,6
O001245,2026-03-15,S0023116,C02548,Jaipur,Beauty,Paid Search,free_shipping_nudge,1392,5,5
O001246,2026-03-15,S0023150,C01979,Jaipur,Men Casual,Paid Search,control,802,20,2
O001247,2026-03-15,S0023185,C04866,Mumbai,Footwear,Organic,free_shipping_nudge,3076,10,5
O001248,2026-03-15,S0023202,C03325,Lucknow,Footwear,Affiliate,free_shipping_nudge,2805,30,5
O001249,2026-03-15,S0023216,C02841,Bengaluru,Women Ethnic,Influencer,free_shipping_nudge,1936,30,1
O001250,2026-03-15,S0023255,C04913,Hyderabad,Footwear,Paid Search,control,2815,0,6
O001251,2026-03-15,S0023261,C04408,Mumbai,Beauty,Influencer,free_shipping_nudge,780,20,2
O001252,2026-03-15,S0023263,C00634,Indore,Kids,Paid Search,control,1304,0,6
O001253,2026-03-15,S0023301,C02633,Lucknow,Beauty,Influencer,control,888,30,2
O001254,2026-03-15,S0023313,C04017,Jaipur,Women Ethnic,Affiliate,free_shipping_nudge,1873,10,6
O001255,2026-03-15,S0023327,C00731,Hyderabad,Beauty,Paid Search,control,487,10,6
O001256,2026-03-15,S0023328,C02692,Lucknow,Beauty,Push,free_shipping_nudge,851,15,2
O001257,2026-03-15,S0023349,C03036,Mumbai,Beauty,Push,free_shipping_nudge,1430,25,6
O001258,2026-03-15,S0023363,C03500,Jaipur,Women Ethnic,Push,control,2677,10,5
O001259,2026-03-15,S0023415,C01889,Pune,Women Ethnic,Push,control,2281,30,3
O001260,2026-03-15,S0023417,C03865,Pune,Beauty,Organic,free_shipping_nudge,1153,0,4
O001261,2026-03-15,S0023437,C02182,Hyderabad,Beauty,Paid Search,free_shipping_nudge,943,25,4
O001262,2026-03-15,S0023477,C03168,Mumbai,Men Casual,Affiliate,free_shipping_nudge,1952,20,3
O001263,2026-03-15,S0023522,C00314,Delhi NCR,Women Ethnic,Affiliate,control,2212,5,2
O001264,2026-03-15,S0023599,C01778,Bengaluru,Footwear,Organic,free_shipping_nudge,3048,10,5
O001265,2026-03-16,S0023624,C02159,Delhi NCR,Women Ethnic,Push,control,1896,20,5
O001266,2026-03-16,S0023628,C00385,Bengaluru,Beauty,Affiliate,free_shipping_nudge,973,15,3
O001267,2026-03-16,S0023669,C04909,Delhi NCR,Women Ethnic,Push,free_shipping_nudge,2014,0,3
O001268,2026-03-16,S0023674,C02951,Bengaluru,Men Casual,Push,free_shipping_nudge,702,5,2
O001269,2026-03-16,S0023719,C00748,Pune,Kids,Organic,control,693,5,1
O001270,2026-03-16,S0023722,C02783,Delhi NCR,Women Ethnic,Organic,control,2062,10,2
O001271,2026-03-16,S0023745,C03570,Hyderabad,Beauty,Paid Search,control,850,30,2
O001272,2026-03-16,S0023752,C04320,Delhi NCR,Women Ethnic,Push,control,2156,30,6
O001273,2026-03-16,S0023757,C00976,Indore,Kids,Paid Search,free_shipping_nudge,1026,10,4
O001274,2026-03-16,S0023786,C03972,Lucknow,Men Casual,Push,control,1111,15,3
O001275,2026-03-16,S0023789,C04133,Bengaluru,Beauty,Influencer,control,1030,30,2
O001276,2026-03-16,S0023814,C00581,Hyderabad,Beauty,Organic,free_shipping_nudge,1094,25,4
O001277,2026-03-16,S0023818,C04575,Jaipur,Women Ethnic,Push,control,1953,30,1
O001278,2026-03-16,S0023832,C01353,Delhi NCR,Men Casual,Paid Search,control,1008,20,5
O001279,2026-03-16,S0023836,C01390,Delhi NCR,Men Casual,Affiliate,free_shipping_nudge,2323,20,4
O001280,2026-03-16,S0023844,C02383,Delhi NCR,Beauty,Paid Search,control,688,25,1
O001281,2026-03-16,S0023857,C01799,Jaipur,Men Casual,Affiliate,free_shipping_nudge,1529,15,3
O001282,2026-03-16,S0023866,C01435,Mumbai,Women Ethnic,Organic,control,1848,10,6
O001283,2026-03-16,S0023876,C03234,Indore,Men Casual,Organic,free_shipping_nudge,2359,20,3
O001284,2026-03-16,S0023893,C05022,Delhi NCR,Men Casual,Paid Search,control,2750,5,4
O001285,2026-03-16,S0023895,C00304,Indore,Beauty,Organic,control,1198,15,1
O001286,2026-03-16,S0023898,C01477,Pune,Kids,Organic,control,1292,15,4
O001287,2026-03-16,S0023930,C02035,Lucknow,Beauty,Paid Search,control,1804,20,4
O001288,2026-03-16,S0023942,C01557,Bengaluru,Women Ethnic,Affiliate,control,1360,10,1
O001289,2026-03-16,S0023989,C04159,Delhi NCR,Men Casual,Organic,control,1948,25,1
O001290,2026-03-16,S0023994,C01423,Mumbai,Beauty,Organic,control,894,25,4
O001291,2026-03-16,S0024004,C00626,Mumbai,Women Ethnic,Organic,free_shipping_nudge,2317,5,2
O001292,2026-03-16,S0024008,C01649,Pune,Kids,Paid Search,control,671,30,4
O001293,2026-03-17,S0024034,C03169,Lucknow,Footwear,Organic,free_shipping_nudge,2065,15,4
O001294,2026-03-17,S0024100,C04328,Bengaluru,Footwear,Organic,control,3122,0,4
O001295,2026-03-17,S0024110,C02925,Mumbai,Beauty,Affiliate,control,851,5,6
O001296,2026-03-17,S0024124,C00921,Delhi NCR,Women Ethnic,Paid Search,control,1966,5,4
O001297,2026-03-17,S0024130,C00555,Hyderabad,Women Ethnic,Push,control,2565,10,4
O001298,2026-03-17,S0024164,C01290,Hyderabad,Footwear,Organic,control,1935,5,4
O001299,2026-03-17,S0024190,C02317,Indore,Footwear,Push,control,2471,0,4
O001300,2026-03-17,S0024195,C02211,Bengaluru,Kids,Affiliate,control,1621,5,6
O001301,2026-03-17,S0024227,C00935,Bengaluru,Footwear,Organic,control,2653,10,1
O001302,2026-03-17,S0024240,C04221,Bengaluru,Beauty,Influencer,free_shipping_nudge,812,20,3
O001303,2026-03-17,S0024253,C00518,Pune,Women Ethnic,Organic,control,2518,10,4
O001304,2026-03-17,S0024263,C03050,Mumbai,Women Ethnic,Influencer,control,1702,15,2
O001305,2026-03-17,S0024288,C03131,Mumbai,Men Casual,Affiliate,control,1452,30,3
O001306,2026-03-17,S0024331,C02477,Lucknow,Women Ethnic,Paid Search,control,1437,5,2
O001307,2026-03-17,S0024332,C03680,Bengaluru,Men Casual,Paid Search,free_shipping_nudge,2636,30,3
O001308,2026-03-17,S0024339,C00288,Indore,Footwear,Paid Search,control,1570,5,5
O001309,2026-03-17,S0024358,C02717,Mumbai,Beauty,Paid Search,free_shipping_nudge,1080,10,6
O001310,2026-03-17,S0024363,C00183,Lucknow,Beauty,Paid Search,control,839,20,2
O001311,2026-03-17,S0024408,C00849,Hyderabad,Women Ethnic,Paid Search,free_shipping_nudge,2265,25,3
O001312,2026-03-17,S0024415,C02803,Delhi NCR,Women Ethnic,Affiliate,free_shipping_nudge,1192,15,1
O001313,2026-03-17,S0024445,C04439,Indore,Footwear,Organic,free_shipping_nudge,390,5,5
O001314,2026-03-17,S0024451,C04004,Bengaluru,Beauty,Push,control,1349,25,6
O001315,2026-03-18,S0024511,C00017,Delhi NCR,Beauty,Paid Search,control,1019,30,6
O001316,2026-03-18,S0024516,C03431,Delhi NCR,Men Casual,Push,free_shipping_nudge,2209,15,5
O001317,2026-03-18,S0024527,C04905,Bengaluru,Women Ethnic,Push,control,1725,5,1
O001318,2026-03-18,S0024544,C02454,Bengaluru,Men Casual,Push,free_shipping_nudge,2065,15,3
O001319,2026-03-18,S0024551,C01898,Mumbai,Kids,Influencer,free_shipping_nudge,1512,10,2
O001320,2026-03-18,S0024588,C04967,Jaipur,Kids,Paid Search,free_shipping_nudge,1758,15,6
O001321,2026-03-18,S0024600,C04963,Indore,Footwear,Organic,free_shipping_nudge,1897,20,2
O001322,2026-03-18,S0024605,C04086,Mumbai,Footwear,Organic,free_shipping_nudge,1927,10,1
O001323,2026-03-18,S0024621,C03324,Bengaluru,Women Ethnic,Organic,control,775,5,2
O001324,2026-03-18,S0024649,C02133,Lucknow,Women Ethnic,Paid Search,control,1846,15,1
O001325,2026-03-18,S0024657,C04552,Lucknow,Women Ethnic,Paid Search,free_shipping_nudge,2410,30,3
O001326,2026-03-18,S0024670,C03081,Delhi NCR,Women Ethnic,Organic,control,2219,30,2
O001327,2026-03-18,S0024693,C03543,Delhi NCR,Women Ethnic,Organic,free_shipping_nudge,2613,10,6
O001328,2026-03-18,S0024716,C02715,Lucknow,Footwear,Influencer,free_shipping_nudge,1525,5,3
O001329,2026-03-18,S0024720,C03806,Indore,Beauty,Organic,free_shipping_nudge,668,30,5
O001330,2026-03-18,S0024742,C03743,Mumbai,Women Ethnic,Organic,free_shipping_nudge,1097,10,2
O001331,2026-03-18,S0024781,C01998,Hyderabad,Women Ethnic,Organic,control,2195,30,3
O001332,2026-03-18,S0024806,C01748,Mumbai,Beauty,Push,control,1004,0,1
O001333,2026-03-18,S0024825,C02615,Hyderabad,Beauty,Push,free_shipping_nudge,1023,0,3
O001334,2026-03-18,S0024832,C01605,Mumbai,Footwear,Affiliate,free_shipping_nudge,1267,10,4
O001335,2026-03-18,S0024846,C02856,Bengaluru,Women Ethnic,Organic,control,1477,30,3
O001336,2026-03-18,S0024847,C03972,Lucknow,Women Ethnic,Push,control,2248,5,2
O001337,2026-03-18,S0024855,C03636,Mumbai,Kids,Organic,control,1564,0,1
O001338,2026-03-18,S0024874,C05059,Delhi NCR,Men Casual,Organic,free_shipping_nudge,1663,5,4
O001339,2026-03-18,S0024878,C03757,Delhi NCR,Footwear,Organic,free_shipping_nudge,1425,5,5
O001340,2026-03-18,S0024880,C01435,Mumbai,Footwear,Organic,control,1917,10,2
O001341,2026-03-18,S0024883,C02672,Pune,Women Ethnic,Organic,free_shipping_nudge,1433,25,1
O001342,2026-03-19,S0024908,C00824,Bengaluru,Beauty,Paid Search,control,951,5,6
O001343,2026-03-19,S0024943,C01728,Delhi NCR,Beauty,Organic,control,719,5,4
O001344,2026-03-19,S0024953,C04133,Bengaluru,Footwear,Organic,control,1483,5,4
O001345,2026-03-19,S0024967,C00127,Lucknow,Men Casual,Organic,control,1598,5,4
O001346,2026-03-19,S0024984,C00488,Lucknow,Kids,Affiliate,control,1145,5,5
O001347,2026-03-19,S0024993,C00672,Mumbai,Kids,Paid Search,control,981,20,2
O001348,2026-03-19,S0025008,C03862,Mumbai,Women Ethnic,Affiliate,free_shipping_nudge,1646,20,3
O001349,2026-03-19,S0025010,C04940,Jaipur,Women Ethnic,Paid Search,control,1203,5,1
O001350,2026-03-19,S0025030,C01710,Hyderabad,Footwear,Organic,free_shipping_nudge,1900,0,1
O001351,2026-03-19,S0025032,C03365,Bengaluru,Footwear,Influencer,free_shipping_nudge,1611,30,5
O001352,2026-03-19,S0025035,C05042,Mumbai,Beauty,Organic,control,302,10,4
O001353,2026-03-19,S0025038,C00764,Pune,Men Casual,Paid Search,control,1697,10,6
O001354,2026-03-19,S0025043,C01307,Delhi NCR,Men Casual,Organic,control,371,20,3
O001355,2026-03-19,S0025086,C02510,Bengaluru,Footwear,Paid Search,free_shipping_nudge,2479,10,5
O001356,2026-03-19,S0025090,C00200,Delhi NCR,Beauty,Push,free_shipping_nudge,947,0,3
O001357,2026-03-19,S0025091,C00138,Mumbai,Footwear,Paid Search,free_shipping_nudge,2299,0,1
O001358,2026-03-19,S0025131,C03115,Jaipur,Men Casual,Paid Search,free_shipping_nudge,1427,20,5
O001359,2026-03-19,S0025152,C01818,Indore,Footwear,Paid Search,control,1439,25,6
O001360,2026-03-19,S0025158,C03804,Pune,Women Ethnic,Organic,control,1106,20,1
O001361,2026-03-19,S0025213,C00640,Delhi NCR,Men Casual,Affiliate,free_shipping_nudge,2136,25,5
O001362,2026-03-19,S0025249,C00537,Bengaluru,Men Casual,Organic,free_shipping_nudge,2118,30,6
O001363,2026-03-19,S0025257,C00674,Indore,Women Ethnic,Push,control,2488,0,6
O001364,2026-03-19,S0025269,C02312,Mumbai,Men Casual,Organic,control,2071,0,1
O001365,2026-03-19,S0025271,C01317,Bengaluru,Beauty,Organic,free_shipping_nudge,862,0,5
O001366,2026-03-19,S0025299,C03642,Mumbai,Men Casual,Organic,free_shipping_nudge,1694,5,1
O001367,2026-03-19,S0025320,C00364,Bengaluru,Women Ethnic,Organic,control,826,25,4
O001368,2026-03-19,S0025342,C03390,Jaipur,Men Casual,Influencer,control,1882,15,6
O001369,2026-03-19,S0025345,C04851,Mumbai,Kids,Paid Search,control,1751,30,4
O001370,2026-03-20,S0025451,C04607,Lucknow,Women Ethnic,Organic,control,2147,10,6
O001371,2026-03-20,S0025472,C04591,Hyderabad,Women Ethnic,Influencer,control,1455,15,2
O001372,2026-03-20,S0025527,C00759,Jaipur,Footwear,Organic,control,2302,25,3
O001373,2026-03-20,S0025529,C04164,Mumbai,Footwear,Influencer,free_shipping_nudge,3565,20,4
O001374,2026-03-20,S0025537,C03218,Jaipur,Footwear,Paid Search,free_shipping_nudge,2625,30,1
O001375,2026-03-20,S0025551,C04676,Delhi NCR,Women Ethnic,Push,free_shipping_nudge,1037,10,5
O001376,2026-03-20,S0025554,C04703,Pune,Kids,Organic,free_shipping_nudge,991,30,4
O001377,2026-03-20,S0025561,C00262,Bengaluru,Beauty,Paid Search,free_shipping_nudge,1002,0,2
O001378,2026-03-20,S0025573,C01567,Delhi NCR,Men Casual,Paid Search,control,1508,25,4
O001379,2026-03-20,S0025583,C03068,Delhi NCR,Men Casual,Paid Search,free_shipping_nudge,1688,20,4
O001380,2026-03-20,S0025659,C02912,Mumbai,Men Casual,Organic,control,1985,0,1
O001381,2026-03-20,S0025667,C03723,Mumbai,Women Ethnic,Paid Search,free_shipping_nudge,1971,5,2
O001382,2026-03-20,S0025671,C00773,Pune,Beauty,Paid Search,free_shipping_nudge,1061,20,1
O001383,2026-03-20,S0025674,C02033,Indore,Men Casual,Push,control,1691,15,2
O001384,2026-03-20,S0025683,C03942,Bengaluru,Kids,Influencer,control,1241,0,5
O001385,2026-03-20,S0025687,C01556,Mumbai,Women Ethnic,Paid Search,control,1846,25,6
O001386,2026-03-20,S0025693,C01396,Mumbai,Men Casual,Paid Search,free_shipping_nudge,1612,10,6
O001387,2026-03-20,S0025695,C01215,Delhi NCR,Beauty,Organic,control,1175,5,6
O001388,2026-03-20,S0025704,C04699,Bengaluru,Women Ethnic,Influencer,free_shipping_nudge,1431,5,4
O001389,2026-03-20,S0025708,C03422,Mumbai,Men Casual,Paid Search,free_shipping_nudge,1539,0,2
O001390,2026-03-20,S0025709,C01704,Bengaluru,Men Casual,Organic,control,494,0,1
O001391,2026-03-20,S0025715,C02391,Indore,Kids,Organic,free_shipping_nudge,1647,25,5
O001392,2026-03-20,S0025763,C02746,Bengaluru,Men Casual,Organic,free_shipping_nudge,1553,20,3
O001393,2026-03-20,S0025772,C03181,Delhi NCR,Women Ethnic,Paid Search,control,1301,5,1
O001394,2026-03-20,S0025797,C00633,Hyderabad,Men Casual,Paid Search,control,1933,5,6
O001395,2026-03-20,S0025798,C02134,Delhi NCR,Beauty,Paid Search,free_shipping_nudge,940,20,6
O001396,2026-03-20,S0025804,C03581,Hyderabad,Women Ethnic,Influencer,control,1666,25,2
O001397,2026-03-20,S0025839,C00251,Indore,Kids,Organic,control,611,25,4
O001398,2026-03-20,S0025864,C04068,Delhi NCR,Men Casual,Push,control,1439,5,2
O001399,2026-03-20,S0025872,C01084,Lucknow,Men Casual,Organic,free_shipping_nudge,1753,10,3
O001400,2026-03-20,S0025913,C02124,Hyderabad,Beauty,Paid Search,control,1189,10,5
O001401,2026-03-20,S0025914,C04901,Hyderabad,Women Ethnic,Organic,free_shipping_nudge,3020,25,3
O001402,2026-03-21,S0025955,C01868,Lucknow,Women Ethnic,Affiliate,free_shipping_nudge,1950,20,6
O001403,2026-03-21,S0026016,C02477,Lucknow,Women Ethnic,Paid Search,free_shipping_nudge,1189,25,2
O001404,2026-03-21,S0026033,C02272,Hyderabad,Beauty,Paid Search,control,1179,0,3
O001405,2026-03-21,S0026057,C04652,Indore,Men Casual,Paid Search,free_shipping_nudge,1348,15,3
O001406,2026-03-21,S0026079,C02691,Mumbai,Women Ethnic,Paid Search,free_shipping_nudge,1976,30,3
O001407,2026-03-21,S0026084,C03572,Indore,Footwear,Organic,control,1850,0,5
O001408,2026-03-21,S0026164,C03923,Indore,Footwear,Affiliate,free_shipping_nudge,2698,20,5
O001409,2026-03-21,S0026165,C02492,Bengaluru,Footwear,Influencer,control,1375,20,6
O001410,2026-03-21,S0026169,C01247,Hyderabad,Footwear,Push,free_shipping_nudge,1615,15,6
O001411,2026-03-21,S0026208,C03324,Bengaluru,Beauty,Paid Search,control,909,15,2
O001412,2026-03-21,S0026220,C03900,Mumbai,Women Ethnic,Paid Search,control,1308,0,4
O001413,2026-03-21,S0026222,C02441,Pune,Women Ethnic,Affiliate,free_shipping_nudge,2638,10,6
O001414,2026-03-21,S0026275,C01189,Pune,Beauty,Influencer,free_shipping_nudge,956,25,3
O001415,2026-03-21,S0026276,C00876,Bengaluru,Beauty,Influencer,free_shipping_nudge,827,5,2
O001416,2026-03-21,S0026284,C00941,Lucknow,Footwear,Affiliate,control,1350,5,6
O001417,2026-03-21,S0026285,C03525,Delhi NCR,Beauty,Organic,free_shipping_nudge,1183,0,4
O001418,2026-03-21,S0026288,C04052,Mumbai,Kids,Paid Search,control,1207,0,6
O001419,2026-03-21,S0026318,C02163,Bengaluru,Beauty,Organic,free_shipping_nudge,1030,5,4
O001420,2026-03-21,S0026320,C04137,Hyderabad,Men Casual,Push,control,1885,5,3
O001421,2026-03-21,S0026361,C04169,Hyderabad,Footwear,Push,control,2180,30,3
O001422,2026-03-21,S0026378,C04707,Hyderabad,Footwear,Organic,free_shipping_nudge,2039,0,1
O001423,2026-03-21,S0026411,C03560,Delhi NCR,Beauty,Influencer,control,731,20,4
O001424,2026-03-22,S0026464,C03944,Delhi NCR,Footwear,Push,control,2409,20,4
O001425,2026-03-22,S0026472,C02736,Mumbai,Kids,Organic,control,420,5,2
O001426,2026-03-22,S0026473,C03554,Bengaluru,Men Casual,Organic,free_shipping_nudge,2197,30,5
O001427,2026-03-22,S0026567,C03287,Lucknow,Beauty,Affiliate,free_shipping_nudge,809,25,2
O001428,2026-03-22,S0026598,C00325,Hyderabad,Women Ethnic,Paid Search,control,2031,25,4
O001429,2026-03-22,S0026605,C01794,Mumbai,Women Ethnic,Paid Search,free_shipping_nudge,1755,25,5
O001430,2026-03-22,S0026606,C00547,Jaipur,Men Casual,Influencer,control,1563,25,1
O001431,2026-03-22,S0026611,C00499,Bengaluru,Women Ethnic,Push,free_shipping_nudge,1405,10,3
O001432,2026-03-22,S0026638,C03330,Hyderabad,Beauty,Paid Search,control,1017,10,6
O001433,2026-03-22,S0026667,C00569,Mumbai,Men Casual,Push,free_shipping_nudge,1582,25,3
O001434,2026-03-22,S0026677,C01991,Mumbai,Beauty,Paid Search,control,763,5,1
O001435,2026-03-22,S0026685,C04679,Bengaluru,Footwear,Paid Search,free_shipping_nudge,2171,25,2
O001436,2026-03-22,S0026700,C04694,Pune,Men Casual,Influencer,control,1122,15,4
O001437,2026-03-22,S0026702,C02347,Lucknow,Men Casual,Organic,control,1627,30,5
O001438,2026-03-22,S0026720,C03432,Pune,Women Ethnic,Organic,free_shipping_nudge,2182,5,4
O001439,2026-03-22,S0026721,C05142,Delhi NCR,Women Ethnic,Influencer,free_shipping_nudge,2445,15,1
O001440,2026-03-22,S0026724,C03802,Lucknow,Men Casual,Push,free_shipping_nudge,2072,25,2
O001441,2026-03-22,S0026727,C03188,Indore,Beauty,Organic,control,1000,20,5
O001442,2026-03-22,S0026750,C02738,Delhi NCR,Beauty,Paid Search,control,790,10,5
O001443,2026-03-22,S0026755,C04519,Mumbai,Men Casual,Organic,control,1536,0,3
O001444,2026-03-22,S0026757,C00494,Jaipur,Women Ethnic,Affiliate,free_shipping_nudge,2596,0,4
O001445,2026-03-22,S0026773,C02508,Bengaluru,Men Casual,Organic,control,1608,30,4
O001446,2026-03-22,S0026777,C02037,Indore,Women Ethnic,Paid Search,control,2298,10,1
O001447,2026-03-22,S0026844,C01050,Bengaluru,Beauty,Organic,control,1213,10,2
O001448,2026-03-22,S0026855,C00225,Mumbai,Women Ethnic,Organic,control,1862,0,5
O001449,2026-03-22,S0026858,C01180,Jaipur,Kids,Push,control,1110,30,5
O001450,2026-03-22,S0026868,C03583,Mumbai,Footwear,Affiliate,free_shipping_nudge,2889,5,2
O001451,2026-03-22,S0026891,C00191,Mumbai,Beauty,Organic,control,955,20,5
O001452,2026-03-22,S0026908,C02918,Delhi NCR,Beauty,Influencer,free_shipping_nudge,1223,25,4
O001453,2026-03-22,S0026919,C04220,Bengaluru,Men Casual,Push,free_shipping_nudge,903,15,2
O001454,2026-03-23,S0026929,C00325,Hyderabad,Beauty,Push,free_shipping_nudge,725,30,2
O001455,2026-03-23,S0026959,C00586,Bengaluru,Men Casual,Influencer,control,1679,0,5
O001456,2026-03-23,S0027021,C00069,Mumbai,Men Casual,Organic,free_shipping_nudge,1087,10,3
O001457,2026-03-23,S0027025,C03289,Hyderabad,Kids,Affiliate,free_shipping_nudge,1072,10,6
O001458,2026-03-23,S0027029,C04497,Pune,Kids,Influencer,control,1695,30,4
O001459,2026-03-23,S0027043,C02557,Lucknow,Beauty,Paid Search,control,865,20,1
O001460,2026-03-23,S0027085,C05111,Pune,Women Ethnic,Influencer,control,1866,0,6
O001461,2026-03-23,S0027112,C01033,Indore,Men Casual,Push,free_shipping_nudge,1726,20,5
O001462,2026-03-23,S0027114,C03104,Lucknow,Men Casual,Organic,control,1270,25,4
O001463,2026-03-23,S0027124,C02786,Hyderabad,Kids,Influencer,control,1492,15,5
O001464,2026-03-23,S0027138,C03370,Lucknow,Beauty,Push,control,708,20,2
O001465,2026-03-23,S0027160,C03054,Pune,Kids,Paid Search,control,936,10,3
O001466,2026-03-23,S0027162,C02030,Jaipur,Beauty,Organic,control,1350,10,4
O001467,2026-03-23,S0027166,C00683,Hyderabad,Beauty,Organic,control,1326,15,5
O001468,2026-03-23,S0027173,C04302,Hyderabad,Men Casual,Push,free_shipping_nudge,1913,25,5
O001469,2026-03-23,S0027188,C03974,Delhi NCR,Footwear,Affiliate,control,1270,20,6
O001470,2026-03-23,S0027197,C03067,Indore,Beauty,Push,control,570,20,2
O001471,2026-03-23,S0027216,C03684,Bengaluru,Men Casual,Organic,control,1903,0,5
O001472,2026-03-23,S0027243,C04149,Delhi NCR,Footwear,Organic,control,952,30,6
O001473,2026-03-23,S0027251,C03651,Mumbai,Footwear,Paid Search,free_shipping_nudge,2048,10,2
O001474,2026-03-23,S0027253,C05034,Delhi NCR,Beauty,Influencer,control,1071,15,1
O001475,2026-03-23,S0027269,C00680,Indore,Women Ethnic,Paid Search,control,1681,10,3
O001476,2026-03-23,S0027278,C02954,Bengaluru,Women Ethnic,Organic,free_shipping_nudge,2073,30,6
O001477,2026-03-23,S0027285,C03759,Jaipur,Women Ethnic,Paid Search,free_shipping_nudge,2369,10,3
O001478,2026-03-24,S0027375,C04310,Delhi NCR,Men Casual,Organic,control,1562,25,3
O001479,2026-03-24,S0027412,C04331,Indore,Women Ethnic,Paid Search,free_shipping_nudge,1990,25,5
O001480,2026-03-24,S0027439,C01039,Delhi NCR,Men Casual,Organic,control,1900,0,3
O001481,2026-03-24,S0027456,C02578,Pune,Beauty,Paid Search,control,1254,15,1
O001482,2026-03-24,S0027470,C01044,Mumbai,Beauty,Organic,free_shipping_nudge,663,5,1
O001483,2026-03-24,S0027524,C03206,Mumbai,Women Ethnic,Affiliate,free_shipping_nudge,1498,15,2
O001484,2026-03-24,S0027526,C04921,Bengaluru,Kids,Organic,free_shipping_nudge,1263,20,1
O001485,2026-03-24,S0027572,C03226,Bengaluru,Women Ethnic,Affiliate,free_shipping_nudge,2170,15,6
O001486,2026-03-24,S0027575,C02758,Pune,Women Ethnic,Influencer,control,1846,15,1
O001487,2026-03-24,S0027584,C00616,Mumbai,Beauty,Organic,control,1030,15,1
O001488,2026-03-24,S0027587,C01037,Mumbai,Women Ethnic,Paid Search,free_shipping_nudge,1234,0,1
O001489,2026-03-24,S0027595,C02466,Indore,Women Ethnic,Paid Search,free_shipping_nudge,1518,20,2
O001490,2026-03-24,S0027598,C04755,Delhi NCR,Kids,Paid Search,free_shipping_nudge,773,25,2
O001491,2026-03-24,S0027627,C04706,Mumbai,Beauty,Affiliate,control,1221,5,5
O001492,2026-03-24,S0027643,C01455,Delhi NCR,Beauty,Influencer,free_shipping_nudge,1251,20,2
O001493,2026-03-24,S0027662,C01480,Mumbai,Beauty,Push,control,945,20,4
O001494,2026-03-24,S0027717,C02632,Mumbai,Men Casual,Paid Search,control,2144,5,2
O001495,2026-03-24,S0027729,C02392,Bengaluru,Beauty,Influencer,free_shipping_nudge,1104,10,1
O001496,2026-03-24,S0027747,C00324,Delhi NCR,Beauty,Organic,free_shipping_nudge,1035,10,4
O001497,2026-03-25,S0027780,C00961,Hyderabad,Women Ethnic,Organic,free_shipping_nudge,1040,25,3
O001498,2026-03-25,S0027791,C00702,Delhi NCR,Women Ethnic,Paid Search,control,1901,5,6
O001499,2026-03-25,S0027802,C03494,Indore,Kids,Push,free_shipping_nudge,1244,10,5
O001500,2026-03-25,S0027806,C02390,Delhi NCR,Men Casual,Paid Search,control,1473,30,6
O001501,2026-03-25,S0027819,C05105,Delhi NCR,Women Ethnic,Push,free_shipping_nudge,1676,20,1
O001502,2026-03-25,S0027871,C00494,Jaipur,Women Ethnic,Affiliate,control,1922,0,5
O001503,2026-03-25,S0027875,C04383,Bengaluru,Women Ethnic,Organic,control,2559,25,4
O001504,2026-03-25,S0027889,C02312,Mumbai,Women Ethnic,Organic,free_shipping_nudge,1757,15,3
O001505,2026-03-25,S0027935,C03020,Lucknow,Footwear,Organic,free_shipping_nudge,1486,30,5
O001506,2026-03-25,S0027948,C03076,Hyderabad,Footwear,Influencer,control,2512,30,5
O001507,2026-03-25,S0027982,C04665,Pune,Beauty,Organic,free_shipping_nudge,910,20,1
O001508,2026-03-25,S0027990,C02286,Bengaluru,Footwear,Paid Search,free_shipping_nudge,1399,15,4
O001509,2026-03-25,S0027994,C03910,Hyderabad,Footwear,Push,control,1863,25,4
O001510,2026-03-25,S0027995,C04104,Pune,Men Casual,Affiliate,free_shipping_nudge,2198,30,1
O001511,2026-03-25,S0028010,C00408,Jaipur,Women Ethnic,Organic,free_shipping_nudge,1694,20,2
O001512,2026-03-25,S0028021,C01311,Bengaluru,Women Ethnic,Paid Search,free_shipping_nudge,1894,20,3
O001513,2026-03-25,S0028053,C00560,Jaipur,Men Casual,Paid Search,control,1648,0,6
O001514,2026-03-25,S0028063,C01569,Bengaluru,Beauty,Influencer,free_shipping_nudge,942,0,2
O001515,2026-03-25,S0028082,C02512,Hyderabad,Women Ethnic,Push,free_shipping_nudge,1784,30,2
O001516,2026-03-25,S0028097,C03851,Delhi NCR,Women Ethnic,Paid Search,free_shipping_nudge,1515,30,6
O001517,2026-03-25,S0028103,C03172,Mumbai,Men Casual,Influencer,control,1431,10,6
O001518,2026-03-25,S0028111,C01696,Delhi NCR,Women Ethnic,Organic,control,1721,20,2
O001519,2026-03-25,S0028114,C02449,Indore,Women Ethnic,Organic,free_shipping_nudge,1841,25,4
O001520,2026-03-25,S0028211,C02904,Hyderabad,Footwear,Affiliate,free_shipping_nudge,1985,15,5
O001521,2026-03-25,S0028212,C00395,Mumbai,Women Ethnic,Influencer,free_shipping_nudge,2055,5,4
O001522,2026-03-25,S0028214,C04883,Hyderabad,Women Ethnic,Paid Search,free_shipping_nudge,2095,15,1
O001523,2026-03-26,S0028249,C01879,Jaipur,Footwear,Organic,free_shipping_nudge,2203,30,5
O001524,2026-03-26,S0028251,C02010,Pune,Women Ethnic,Influencer,free_shipping_nudge,2413,0,5
O001525,2026-03-26,S0028269,C02096,Delhi NCR,Women Ethnic,Organic,free_shipping_nudge,1241,30,2
O001526,2026-03-26,S0028291,C03362,Delhi NCR,Women Ethnic,Affiliate,control,1938,5,2
O001527,2026-03-26,S0028303,C03363,Jaipur,Beauty,Push,control,749,20,2
O001528,2026-03-26,S0028307,C02048,Lucknow,Men Casual,Organic,control,1677,20,1
O001529,2026-03-26,S0028391,C00695,Mumbai,Kids,Paid Search,free_shipping_nudge,2194,20,1
O001530,2026-03-26,S0028424,C04086,Mumbai,Kids,Push,free_shipping_nudge,1759,30,3
O001531,2026-03-26,S0028439,C02070,Bengaluru,Beauty,Influencer,control,754,5,6
O001532,2026-03-26,S0028456,C02210,Bengaluru,Women Ethnic,Paid Search,control,1662,10,2
O001533,2026-03-26,S0028466,C02172,Pune,Women Ethnic,Paid Search,free_shipping_nudge,1416,0,3
O001534,2026-03-26,S0028467,C05024,Hyderabad,Men Casual,Influencer,control,1957,20,2
O001535,2026-03-26,S0028473,C03485,Bengaluru,Kids,Organic,control,1460,5,6
O001536,2026-03-26,S0028486,C01366,Bengaluru,Men Casual,Affiliate,control,1920,5,5
O001537,2026-03-26,S0028499,C04841,Bengaluru,Footwear,Paid Search,free_shipping_nudge,1318,30,3
O001538,2026-03-26,S0028539,C01398,Pune,Footwear,Organic,free_shipping_nudge,2554,0,6
O001539,2026-03-26,S0028558,C00159,Pune,Men Casual,Organic,free_shipping_nudge,1412,0,4
O001540,2026-03-26,S0028567,C03924,Mumbai,Women Ethnic,Paid Search,free_shipping_nudge,1920,0,5
O001541,2026-03-26,S0028589,C04373,Bengaluru,Women Ethnic,Paid Search,free_shipping_nudge,2456,25,4
O001542,2026-03-26,S0028594,C03538,Indore,Men Casual,Paid Search,control,1913,15,6
O001543,2026-03-26,S0028616,C02450,Bengaluru,Beauty,Organic,control,957,15,4
O001544,2026-03-26,S0028654,C04439,Indore,Men Casual,Organic,control,1880,25,5
O001545,2026-03-26,S0028656,C00673,Pune,Women Ethnic,Organic,control,1736,30,3
O001546,2026-03-26,S0028670,C03068,Delhi NCR,Women Ethnic,Affiliate,free_shipping_nudge,1276,20,6
O001547,2026-03-26,S0028675,C02049,Delhi NCR,Women Ethnic,Organic,control,2018,30,1
O001548,2026-03-26,S0028690,C04081,Jaipur,Women Ethnic,Organic,free_shipping_nudge,1677,5,3
O001549,2026-03-27,S0028713,C05152,Pune,Beauty,Push,free_shipping_nudge,834,15,4
O001550,2026-03-27,S0028751,C02393,Hyderabad,Beauty,Push,control,842,15,4
O001551,2026-03-27,S0028753,C02149,Delhi NCR,Men Casual,Organic,free_shipping_nudge,1053,0,2
O001552,2026-03-27,S0028756,C04795,Mumbai,Men Casual,Push,free_shipping_nudge,2079,0,3
O001553,2026-03-27,S0028771,C04348,Delhi NCR,Men Casual,Paid Search,control,2237,10,1
O001554,2026-03-27,S0028779,C03880,Jaipur,Men Casual,Paid Search,free_shipping_nudge,1229,20,3
O001555,2026-03-27,S0028790,C01086,Bengaluru,Men Casual,Organic,free_shipping_nudge,1540,20,5
O001556,2026-03-27,S0028806,C03571,Pune,Beauty,Organic,free_shipping_nudge,884,15,6
O001557,2026-03-27,S0028873,C00470,Mumbai,Men Casual,Organic,control,1941,30,4
O001558,2026-03-27,S0028874,C01920,Pune,Women Ethnic,Organic,free_shipping_nudge,1790,25,5
O001559,2026-03-27,S0028905,C02183,Delhi NCR,Beauty,Organic,free_shipping_nudge,1173,5,6
O001560,2026-03-27,S0028911,C00563,Delhi NCR,Footwear,Paid Search,control,1220,0,2
O001561,2026-03-27,S0028957,C04060,Mumbai,Beauty,Influencer,control,1139,20,5
O001562,2026-03-27,S0028973,C03827,Bengaluru,Beauty,Organic,free_shipping_nudge,1178,20,3
O001563,2026-03-27,S0029018,C01852,Bengaluru,Women Ethnic,Influencer,free_shipping_nudge,2175,30,5
O001564,2026-03-27,S0029027,C01064,Delhi NCR,Women Ethnic,Paid Search,free_shipping_nudge,1571,30,3
O001565,2026-03-27,S0029056,C01774,Bengaluru,Women Ethnic,Push,free_shipping_nudge,1649,30,4
O001566,2026-03-27,S0029060,C03491,Delhi NCR,Beauty,Push,control,769,20,6
O001567,2026-03-27,S0029102,C00933,Mumbai,Men Casual,Paid Search,control,1569,10,4
O001568,2026-03-27,S0029103,C03467,Delhi NCR,Women Ethnic,Affiliate,free_shipping_nudge,1750,5,5
O001569,2026-03-27,S0029113,C04280,Mumbai,Women Ethnic,Organic,control,1668,0,6
O001570,2026-03-27,S0029114,C04801,Delhi NCR,Kids,Paid Search,free_shipping_nudge,1546,0,1
O001571,2026-03-27,S0029115,C04938,Bengaluru,Men Casual,Organic,free_shipping_nudge,2014,5,5
O001572,2026-03-27,S0029144,C00525,Bengaluru,Women Ethnic,Influencer,free_shipping_nudge,3231,5,6
O001573,2026-03-27,S0029182,C05085,Pune,Footwear,Organic,free_shipping_nudge,1354,5,6
O001574,2026-03-27,S0029188,C00077,Indore,Footwear,Organic,control,2367,15,4
O001575,2026-03-27,S0029190,C03878,Indore,Men Casual,Paid Search,control,1147,15,5
O001576,2026-03-27,S0029215,C02149,Delhi NCR,Kids,Paid Search,free_shipping_nudge,820,25,4
O001577,2026-03-27,S0029258,C03721,Delhi NCR,Beauty,Influencer,control,876,20,4
O001578,2026-03-27,S0029259,C02384,Delhi NCR,Kids,Affiliate,control,1054,0,1
O001579,2026-03-28,S0029316,C00819,Mumbai,Men Casual,Paid Search,free_shipping_nudge,2031,25,1
O001580,2026-03-28,S0029317,C00173,Pune,Beauty,Influencer,free_shipping_nudge,638,30,3
O001581,2026-03-28,S0029318,C01835,Pune,Women Ethnic,Affiliate,free_shipping_nudge,1900,15,1
O001582,2026-03-28,S0029330,C01148,Bengaluru,Women Ethnic,Paid Search,free_shipping_nudge,2308,15,1
O001583,2026-03-28,S0029351,C04838,Hyderabad,Kids,Organic,control,1351,15,4
O001584,2026-03-28,S0029358,C02521,Indore,Footwear,Organic,free_shipping_nudge,2120,5,1
O001585,2026-03-28,S0029394,C01554,Delhi NCR,Men Casual,Organic,free_shipping_nudge,1938,10,1
O001586,2026-03-28,S0029426,C05052,Mumbai,Women Ethnic,Organic,free_shipping_nudge,1920,20,2
O001587,2026-03-28,S0029429,C00755,Delhi NCR,Women Ethnic,Influencer,control,2410,30,4
O001588,2026-03-28,S0029430,C02515,Indore,Men Casual,Paid Search,free_shipping_nudge,2042,25,5
O001589,2026-03-28,S0029437,C02482,Delhi NCR,Men Casual,Influencer,free_shipping_nudge,1547,20,3
O001590,2026-03-28,S0029502,C03555,Bengaluru,Kids,Paid Search,free_shipping_nudge,1198,5,4
O001591,2026-03-28,S0029509,C03721,Delhi NCR,Beauty,Organic,control,555,20,4
O001592,2026-03-28,S0029513,C00027,Mumbai,Women Ethnic,Push,free_shipping_nudge,2200,25,5
O001593,2026-03-28,S0029520,C02967,Lucknow,Beauty,Organic,free_shipping_nudge,1096,10,4
O001594,2026-03-28,S0029566,C05170,Delhi NCR,Men Casual,Paid Search,control,1319,20,3
O001595,2026-03-28,S0029602,C01844,Indore,Men Casual,Organic,control,2302,30,5
O001596,2026-03-28,S0029608,C05014,Delhi NCR,Women Ethnic,Paid Search,free_shipping_nudge,1591,0,1
O001597,2026-03-28,S0029611,C05022,Delhi NCR,Footwear,Push,control,1285,25,5
O001598,2026-03-28,S0029630,C03081,Delhi NCR,Footwear,Affiliate,control,1640,0,6
O001599,2026-03-28,S0029642,C02887,Delhi NCR,Beauty,Paid Search,free_shipping_nudge,1416,10,1
O001600,2026-03-28,S0029660,C05083,Mumbai,Women Ethnic,Organic,control,2323,10,4
O001601,2026-03-28,S0029671,C03245,Hyderabad,Women Ethnic,Push,free_shipping_nudge,2569,5,5
O001602,2026-03-28,S0029676,C02251,Indore,Kids,Paid Search,free_shipping_nudge,1622,30,1
O001603,2026-03-28,S0029754,C02745,Hyderabad,Footwear,Organic,control,2113,30,2
O001604,2026-03-28,S0029757,C00846,Indore,Beauty,Organic,free_shipping_nudge,1172,15,1
O001605,2026-03-28,S0029785,C02140,Indore,Women Ethnic,Paid Search,free_shipping_nudge,2456,0,5
O001606,2026-03-28,S0029794,C01908,Pune,Kids,Affiliate,free_shipping_nudge,1171,10,2
O001607,2026-03-28,S0029806,C03549,Bengaluru,Women Ethnic,Organic,control,2108,10,5
O001608,2026-03-29,S0029812,C02756,Bengaluru,Men Casual,Organic,free_shipping_nudge,1369,15,2
O001609,2026-03-29,S0029828,C01930,Hyderabad,Beauty,Paid Search,free_shipping_nudge,718,30,6
O001610,2026-03-29,S0029856,C04927,Mumbai,Women Ethnic,Organic,free_shipping_nudge,1410,10,5
O001611,2026-03-29,S0029871,C04361,Bengaluru,Men Casual,Influencer,free_shipping_nudge,1783,10,3
O001612,2026-03-29,S0029876,C02211,Bengaluru,Beauty,Organic,control,573,5,4
O001613,2026-03-29,S0029899,C02612,Hyderabad,Beauty,Influencer,control,1196,5,5
O001614,2026-03-29,S0029910,C03229,Bengaluru,Women Ethnic,Organic,free_shipping_nudge,1757,10,1
O001615,2026-03-29,S0029917,C02755,Lucknow,Footwear,Organic,free_shipping_nudge,1141,10,2
O001616,2026-03-29,S0029936,C02446,Mumbai,Women Ethnic,Influencer,free_shipping_nudge,1137,30,1
O001617,2026-03-29,S0029978,C04240,Delhi NCR,Women Ethnic,Organic,control,1303,15,3
O001618,2026-03-29,S0029983,C03722,Lucknow,Men Casual,Push,free_shipping_nudge,1836,25,2
O001619,2026-03-29,S0029988,C01479,Lucknow,Men Casual,Influencer,control,827,15,1
O001620,2026-03-29,S0029992,C04412,Bengaluru,Men Casual,Affiliate,control,2372,30,3
O001621,2026-03-29,S0029993,C04757,Delhi NCR,Beauty,Influencer,free_shipping_nudge,944,25,6
O001622,2026-03-29,S0030020,C00535,Delhi NCR,Women Ethnic,Paid Search,free_shipping_nudge,2053,0,4
O001623,2026-03-29,S0030028,C03446,Bengaluru,Men Casual,Push,control,1722,5,5
O001624,2026-03-29,S0030044,C03965,Indore,Men Casual,Organic,control,1416,20,5
O001625,2026-03-29,S0030057,C03660,Bengaluru,Men Casual,Influencer,free_shipping_nudge,1888,15,4
O001626,2026-03-29,S0030077,C04724,Jaipur,Women Ethnic,Organic,free_shipping_nudge,1017,25,3
O001627,2026-03-29,S0030091,C03960,Pune,Beauty,Push,control,283,15,4
O001628,2026-03-29,S0030115,C00578,Bengaluru,Kids,Push,free_shipping_nudge,1231,10,1
O001629,2026-03-29,S0030117,C02909,Delhi NCR,Kids,Paid Search,control,1220,15,6
O001630,2026-03-29,S0030146,C03972,Lucknow,Kids,Organic,free_shipping_nudge,747,10,4
O001631,2026-03-29,S0030147,C01632,Indore,Women Ethnic,Paid Search,free_shipping_nudge,1489,15,2
O001632,2026-03-29,S0030188,C03535,Bengaluru,Women Ethnic,Organic,free_shipping_nudge,2437,25,1
O001633,2026-03-29,S0030208,C01343,Bengaluru,Beauty,Organic,free_shipping_nudge,857,0,5
O001634,2026-03-29,S0030231,C01155,Jaipur,Women Ethnic,Organic,control,1812,30,2
O001635,2026-03-29,S0030261,C02389,Jaipur,Footwear,Organic,control,1453,25,4
O001636,2026-03-29,S0030303,C02545,Pune,Men Casual,Organic,control,2233,15,4
O001637,2026-03-29,S0030309,C04655,Hyderabad,Beauty,Organic,free_shipping_nudge,1282,5,3
O001638,2026-03-29,S0030314,C01652,Pune,Men Casual,Paid Search,free_shipping_nudge,1745,25,3
O001639,2026-03-29,S0030317,C02129,Bengaluru,Men Casual,Paid Search,control,1470,15,2
O001640,2026-03-29,S0030329,C04670,Mumbai,Kids,Push,free_shipping_nudge,1355,20,3
O001641,2026-03-29,S0030352,C00332,Delhi NCR,Beauty,Organic,control,1118,0,3
O001642,2026-03-30,S0030375,C03192,Pune,Kids,Paid Search,control,615,15,3
O001643,2026-03-30,S0030425,C02776,Bengaluru,Beauty,Paid Search,control,1064,20,1
O001644,2026-03-30,S0030441,C04570,Bengaluru,Beauty,Paid Search,control,781,30,3
O001645,2026-03-30,S0030445,C02385,Jaipur,Men Casual,Influencer,control,1440,10,5
O001646,2026-03-30,S0030453,C03897,Hyderabad,Beauty,Affiliate,free_shipping_nudge,1202,20,2
O001647,2026-03-30,S0030454,C03119,Bengaluru,Beauty,Paid Search,control,821,25,6
O001648,2026-03-30,S0030484,C01616,Jaipur,Women Ethnic,Organic,free_shipping_nudge,2425,15,4
O001649,2026-03-30,S0030487,C03821,Mumbai,Beauty,Organic,free_shipping_nudge,1093,15,4
O001650,2026-03-30,S0030507,C03746,Bengaluru,Women Ethnic,Organic,control,1334,0,3
O001651,2026-03-30,S0030516,C04032,Mumbai,Men Casual,Affiliate,free_shipping_nudge,1722,15,3
O001652,2026-03-30,S0030518,C02564,Bengaluru,Men Casual,Affiliate,control,2036,25,1
O001653,2026-03-30,S0030520,C03725,Bengaluru,Beauty,Paid Search,free_shipping_nudge,928,10,2
O001654,2026-03-30,S0030523,C00848,Delhi NCR,Kids,Paid Search,control,1406,0,4
O001655,2026-03-30,S0030532,C01561,Pune,Footwear,Paid Search,free_shipping_nudge,3010,15,3
O001656,2026-03-30,S0030536,C03354,Bengaluru,Kids,Organic,free_shipping_nudge,1607,5,3
O001657,2026-03-30,S0030573,C01722,Bengaluru,Women Ethnic,Organic,control,2401,15,3
O001658,2026-03-30,S0030576,C03652,Bengaluru,Footwear,Influencer,control,2059,30,6
O001659,2026-03-30,S0030585,C02637,Delhi NCR,Men Casual,Push,control,1783,10,6
O001660,2026-03-30,S0030620,C02728,Hyderabad,Men Casual,Affiliate,free_shipping_nudge,1301,30,2
O001661,2026-03-30,S0030647,C01715,Hyderabad,Kids,Paid Search,control,1502,15,4
O001662,2026-03-30,S0030669,C00352,Jaipur,Women Ethnic,Organic,free_shipping_nudge,1705,25,4
O001663,2026-03-30,S0030670,C01015,Delhi NCR,Men Casual,Organic,control,1397,0,5
O001664,2026-03-30,S0030673,C01846,Jaipur,Men Casual,Organic,control,1502,15,3
O001665,2026-03-30,S0030679,C01917,Delhi NCR,Beauty,Push,control,1210,10,2
O001666,2026-03-30,S0030702,C00146,Delhi NCR,Women Ethnic,Paid Search,free_shipping_nudge,992,5,5
O001667,2026-03-30,S0030728,C03589,Bengaluru,Beauty,Push,control,707,20,5
O001668,2026-03-30,S0030749,C03865,Pune,Men Casual,Organic,free_shipping_nudge,1229,25,3
O001669,2026-03-30,S0030752,C00381,Delhi NCR,Footwear,Paid Search,free_shipping_nudge,2016,25,6
O001670,2026-03-30,S0030763,C04652,Indore,Beauty,Organic,control,1163,0,1
O001671,2026-03-31,S0030778,C05025,Lucknow,Kids,Affiliate,free_shipping_nudge,1168,30,1
O001672,2026-03-31,S0030809,C02240,Pune,Kids,Influencer,free_shipping_nudge,1302,5,1
O001673,2026-03-31,S0030829,C04920,Lucknow,Kids,Paid Search,control,2071,20,2
O001674,2026-03-31,S0030846,C04172,Delhi NCR,Beauty,Affiliate,control,579,10,1
O001675,2026-03-31,S0030847,C00538,Jaipur,Women Ethnic,Influencer,control,1528,0,5
O001676,2026-03-31,S0030856,C04380,Mumbai,Men Casual,Influencer,control,2068,30,2
O001677,2026-03-31,S0030876,C03316,Bengaluru,Men Casual,Organic,control,1340,15,3
O001678,2026-03-31,S0030882,C00901,Indore,Beauty,Paid Search,control,499,5,6
O001679,2026-03-31,S0030886,C05018,Pune,Beauty,Push,control,1038,30,5
O001680,2026-03-31,S0030910,C03119,Bengaluru,Beauty,Organic,free_shipping_nudge,844,10,4
O001681,2026-03-31,S0030919,C04499,Bengaluru,Beauty,Push,control,865,20,6
O001682,2026-03-31,S0030969,C00312,Pune,Beauty,Push,control,600,20,6
O001683,2026-03-31,S0030980,C04613,Lucknow,Footwear,Organic,free_shipping_nudge,2305,25,2
O001684,2026-03-31,S0030982,C03502,Lucknow,Footwear,Organic,free_shipping_nudge,1845,0,4
O001685,2026-03-31,S0030995,C04495,Hyderabad,Women Ethnic,Organic,control,1672,15,2
O001686,2026-03-31,S0031001,C01975,Bengaluru,Women Ethnic,Push,control,2283,0,3
O001687,2026-03-31,S0031023,C03099,Indore,Women Ethnic,Paid Search,control,1081,10,5
O001688,2026-03-31,S0031039,C02613,Pune,Men Casual,Organic,control,1556,30,3
O001689,2026-03-31,S0031071,C01584,Hyderabad,Women Ethnic,Paid Search,free_shipping_nudge,1226,5,1
O001690,2026-03-31,S0031102,C03348,Mumbai,Beauty,Affiliate,free_shipping_nudge,786,15,3
O001691,2026-03-31,S0031133,C04817,Hyderabad,Men Casual,Paid Search,free_shipping_nudge,2258,10,6
O001692,2026-03-31,S0031135,C02833,Hyderabad,Beauty,Organic,free_shipping_nudge,1396,15,5
O001693,2026-03-31,S0031138,C01026,Pune,Beauty,Affiliate,free_shipping_nudge,1067,20,2
O001694,2026-03-31,S0031139,C02363,Bengaluru,Women Ethnic,Affiliate,control,2887,25,1
O001695,2026-03-31,S0031154,C04986,Hyderabad,Footwear,Paid Search,control,2542,0,3
O001696,2026-03-31,S0031167,C04012,Delhi NCR,Men Casual,Organic,free_shipping_nudge,2188,0,1
O001697,2026-03-31,S0031197,C03558,Jaipur,Women Ethnic,Organic,free_shipping_nudge,1364,0,5
O001698,2026-03-31,S0031199,C01749,Delhi NCR,Footwear,Organic,control,2510,5,1
O001699,2026-03-31,S0031216,C04101,Indore,Women Ethnic,Paid Search,free_shipping_nudge,2143,25,5
O001700,2026-03-31,S0031249,C01330,Delhi NCR,Men Casual,Organic,free_shipping_nudge,2480,5,5
O001701,2026-04-01,S0031277,C04100,Jaipur,Beauty,Affiliate,control,928,0,6
O001702,2026-04-01,S0031296,C04343,Mumbai,Women Ethnic,Push,free_shipping_nudge,2431,15,1
O001703,2026-04-01,S0031316,C04954,Mumbai,Beauty,Paid Search,control,909,20,3
O001704,2026-04-01,S0031327,C03452,Bengaluru,Women Ethnic,Influencer,control,1929,25,5
O001705,2026-04-01,S0031332,C01181,Bengaluru,Footwear,Push,free_shipping_nudge,3155,10,3
O001706,2026-04-01,S0031337,C01442,Bengaluru,Footwear,Push,free_shipping_nudge,2151,30,5
O001707,2026-04-01,S0031342,C02103,Mumbai,Women Ethnic,Organic,free_shipping_nudge,2724,15,5
O001708,2026-04-01,S0031392,C04866,Mumbai,Men Casual,Push,control,1627,25,5
O001709,2026-04-01,S0031409,C04255,Delhi NCR,Beauty,Push,free_shipping_nudge,856,25,2
O001710,2026-04-01,S0031416,C01438,Mumbai,Kids,Organic,control,1359,30,3
O001711,2026-04-01,S0031448,C04878,Bengaluru,Women Ethnic,Organic,control,2219,25,1
O001712,2026-04-01,S0031450,C00746,Hyderabad,Women Ethnic,Influencer,free_shipping_nudge,2007,15,4
O001713,2026-04-01,S0031459,C02174,Lucknow,Footwear,Organic,free_shipping_nudge,2657,0,4
O001714,2026-04-01,S0031469,C04512,Bengaluru,Women Ethnic,Paid Search,free_shipping_nudge,1979,5,3
O001715,2026-04-01,S0031477,C04795,Mumbai,Men Casual,Organic,free_shipping_nudge,2164,25,6
O001716,2026-04-01,S0031488,C04497,Pune,Footwear,Affiliate,control,1559,0,6
O001717,2026-04-01,S0031493,C01653,Delhi NCR,Beauty,Organic,free_shipping_nudge,603,20,4
O001718,2026-04-01,S0031512,C04671,Mumbai,Beauty,Organic,free_shipping_nudge,1357,5,6
O001719,2026-04-01,S0031524,C01920,Pune,Footwear,Organic,free_shipping_nudge,3326,20,6
O001720,2026-04-01,S0031548,C01947,Hyderabad,Women Ethnic,Push,control,1324,10,1
O001721,2026-04-01,S0031561,C03465,Jaipur,Women Ethnic,Influencer,free_shipping_nudge,1418,0,1
O001722,2026-04-01,S0031617,C04541,Hyderabad,Kids,Affiliate,free_shipping_nudge,1334,20,6
O001723,2026-04-01,S0031618,C03727,Bengaluru,Footwear,Influencer,free_shipping_nudge,2304,15,2
O001724,2026-04-01,S0031643,C00496,Bengaluru,Women Ethnic,Affiliate,free_shipping_nudge,1036,10,4
O001725,2026-04-02,S0031708,C03971,Pune,Men Casual,Affiliate,free_shipping_nudge,1738,5,6
O001726,2026-04-02,S0031711,C01552,Mumbai,Footwear,Organic,control,2900,15,6
O001727,2026-04-02,S0031735,C03572,Indore,Footwear,Push,control,2384,25,1
O001728,2026-04-02,S0031736,C03857,Mumbai,Men Casual,Organic,free_shipping_nudge,2141,5,1
O001729,2026-04-02,S0031762,C01697,Bengaluru,Footwear,Paid Search,control,2374,30,2
O001730,2026-04-02,S0031765,C03718,Indore,Beauty,Organic,free_shipping_nudge,1097,20,5
O001731,2026-04-02,S0031767,C00479,Hyderabad,Men Casual,Organic,free_shipping_nudge,2458,0,6
O001732,2026-04-02,S0031770,C01557,Bengaluru,Footwear,Influencer,control,2033,30,5
O001733,2026-04-02,S0031773,C02792,Indore,Women Ethnic,Organic,control,1105,5,6
O001734,2026-04-02,S0031786,C04337,Pune,Kids,Organic,free_shipping_nudge,618,5,3
O001735,2026-04-02,S0031789,C03923,Indore,Women Ethnic,Organic,control,2223,20,2
O001736,2026-04-02,S0031800,C01598,Lucknow,Kids,Push,free_shipping_nudge,641,0,5
O001737,2026-04-02,S0031834,C01682,Bengaluru,Women Ethnic,Paid Search,control,1775,15,4
O001738,2026-04-02,S0031839,C04876,Bengaluru,Men Casual,Organic,free_shipping_nudge,1628,0,2
O001739,2026-04-02,S0031857,C02952,Bengaluru,Kids,Influencer,control,943,0,4
O001740,2026-04-02,S0031862,C02120,Hyderabad,Women Ethnic,Push,free_shipping_nudge,2496,10,6
O001741,2026-04-02,S0031876,C03713,Bengaluru,Beauty,Organic,control,1026,5,6
O001742,2026-04-02,S0031888,C01374,Mumbai,Women Ethnic,Influencer,control,2153,25,1
O001743,2026-04-02,S0031890,C03767,Hyderabad,Beauty,Paid Search,control,605,0,6
O001744,2026-04-02,S0031892,C03777,Bengaluru,Women Ethnic,Organic,free_shipping_nudge,1479,30,2
O001745,2026-04-02,S0031923,C00602,Hyderabad,Footwear,Paid Search,free_shipping_nudge,3319,5,5
O001746,2026-04-03,S0031951,C03685,Bengaluru,Kids,Affiliate,free_shipping_nudge,1305,0,2
O001747,2026-04-03,S0031952,C02815,Lucknow,Men Casual,Push,control,2583,0,3
O001748,2026-04-03,S0031967,C04158,Delhi NCR,Women Ethnic,Organic,free_shipping_nudge,2109,15,3
O001749,2026-04-03,S0032013,C03439,Lucknow,Men Casual,Paid Search,control,1965,30,5
O001750,2026-04-03,S0032016,C01469,Hyderabad,Women Ethnic,Organic,free_shipping_nudge,1460,25,2
O001751,2026-04-03,S0032029,C01054,Mumbai,Women Ethnic,Organic,free_shipping_nudge,2582,0,6
O001752,2026-04-03,S0032050,C01473,Mumbai,Women Ethnic,Influencer,control,1949,15,3
O001753,2026-04-03,S0032101,C00830,Hyderabad,Men Casual,Influencer,control,2443,5,2
O001754,2026-04-03,S0032143,C04605,Indore,Beauty,Affiliate,control,459,30,6
O001755,2026-04-03,S0032209,C02285,Delhi NCR,Men Casual,Paid Search,free_shipping_nudge,1703,30,6
O001756,2026-04-03,S0032212,C03548,Delhi NCR,Women Ethnic,Organic,free_shipping_nudge,2056,10,3
O001757,2026-04-03,S0032221,C03148,Bengaluru,Women Ethnic,Push,free_shipping_nudge,2128,30,5
O001758,2026-04-03,S0032222,C03601,Bengaluru,Kids,Push,free_shipping_nudge,990,10,6
O001759,2026-04-03,S0032234,C01923,Bengaluru,Beauty,Organic,control,1123,15,2
O001760,2026-04-03,S0032236,C00651,Pune,Women Ethnic,Push,free_shipping_nudge,2960,30,3
O001761,2026-04-03,S0032260,C04240,Delhi NCR,Beauty,Influencer,free_shipping_nudge,633,25,5
O001762,2026-04-03,S0032268,C00043,Indore,Men Casual,Influencer,control,2050,10,2
O001763,2026-04-03,S0032284,C03936,Indore,Kids,Influencer,control,1135,5,5
O001764,2026-04-04,S0032309,C03348,Mumbai,Men Casual,Organic,free_shipping_nudge,1367,10,3
O001765,2026-04-04,S0032342,C00075,Jaipur,Women Ethnic,Influencer,free_shipping_nudge,1883,5,1
O001766,2026-04-04,S0032367,C04661,Indore,Footwear,Organic,free_shipping_nudge,2616,20,2
O001767,2026-04-04,S0032402,C04314,Indore,Footwear,Affiliate,control,2713,30,1
O001768,2026-04-04,S0032403,C01906,Delhi NCR,Beauty,Organic,control,1009,25,5
O001769,2026-04-04,S0032430,C00437,Bengaluru,Beauty,Push,free_shipping_nudge,1108,25,3
O001770,2026-04-04,S0032459,C01340,Pune,Women Ethnic,Organic,control,1743,0,3
O001771,2026-04-04,S0032471,C03562,Pune,Beauty,Organic,control,701,0,5
O001772,2026-04-04,S0032500,C04225,Hyderabad,Men Casual,Affiliate,control,1510,0,3
O001773,2026-04-04,S0032506,C03624,Mumbai,Men Casual,Organic,control,1702,0,6
O001774,2026-04-04,S0032522,C04104,Pune,Men Casual,Influencer,free_shipping_nudge,1284,20,3
O001775,2026-04-04,S0032525,C05096,Pune,Beauty,Paid Search,control,848,10,6
O001776,2026-04-04,S0032538,C02220,Mumbai,Men Casual,Organic,free_shipping_nudge,1376,15,4
O001777,2026-04-04,S0032539,C00199,Hyderabad,Women Ethnic,Paid Search,control,1360,20,3
O001778,2026-04-04,S0032543,C03527,Pune,Women Ethnic,Push,control,806,20,4
O001779,2026-04-04,S0032572,C01507,Hyderabad,Men Casual,Paid Search,free_shipping_nudge,423,20,1
O001780,2026-04-04,S0032591,C02420,Mumbai,Men Casual,Organic,free_shipping_nudge,1474,10,3
O001781,2026-04-04,S0032592,C01698,Hyderabad,Footwear,Organic,control,2695,25,5
O001782,2026-04-04,S0032607,C01087,Jaipur,Women Ethnic,Influencer,free_shipping_nudge,1785,15,5
O001783,2026-04-04,S0032613,C05120,Delhi NCR,Beauty,Paid Search,control,916,25,5
O001784,2026-04-04,S0032656,C00968,Hyderabad,Footwear,Organic,free_shipping_nudge,1332,15,2
O001785,2026-04-05,S0032694,C03807,Lucknow,Women Ethnic,Organic,free_shipping_nudge,1252,10,2
O001786,2026-04-05,S0032696,C02930,Indore,Women Ethnic,Paid Search,control,1628,20,1
O001787,2026-04-05,S0032701,C02325,Mumbai,Men Casual,Paid Search,free_shipping_nudge,1491,30,5
O001788,2026-04-05,S0032711,C01742,Mumbai,Women Ethnic,Push,control,627,10,5
O001789,2026-04-05,S0032725,C01169,Pune,Men Casual,Push,control,1496,30,5
O001790,2026-04-05,S0032744,C01170,Mumbai,Kids,Organic,free_shipping_nudge,1153,25,5
O001791,2026-04-05,S0032753,C02748,Pune,Footwear,Push,control,2195,20,2
O001792,2026-04-05,S0032786,C02436,Bengaluru,Beauty,Affiliate,free_shipping_nudge,669,10,2
O001793,2026-04-05,S0032814,C04635,Bengaluru,Beauty,Organic,free_shipping_nudge,996,5,5
O001794,2026-04-05,S0032820,C03871,Bengaluru,Beauty,Push,control,1287,0,4
O001795,2026-04-05,S0032840,C04320,Delhi NCR,Beauty,Paid Search,control,1072,20,1
O001796,2026-04-05,S0032845,C05175,Mumbai,Beauty,Organic,control,1087,5,6
O001797,2026-04-05,S0032871,C03666,Bengaluru,Footwear,Affiliate,free_shipping_nudge,1752,15,1
O001798,2026-04-05,S0032878,C04768,Mumbai,Men Casual,Organic,free_shipping_nudge,1852,15,1
O001799,2026-04-05,S0032881,C02840,Lucknow,Men Casual,Push,control,1917,30,4
O001800,2026-04-05,S0032899,C00203,Bengaluru,Women Ethnic,Organic,free_shipping_nudge,1411,25,3
O001801,2026-04-05,S0032922,C05023,Mumbai,Men Casual,Organic,free_shipping_nudge,1453,25,3
O001802,2026-04-05,S0032925,C01838,Mumbai,Kids,Organic,control,789,30,2
O001803,2026-04-05,S0032947,C00441,Mumbai,Men Casual,Influencer,control,1478,30,5
O001804,2026-04-05,S0032975,C03367,Bengaluru,Women Ethnic,Influencer,control,2223,15,2
O001805,2026-04-05,S0032990,C02521,Indore,Beauty,Push,free_shipping_nudge,1040,30,5
O001806,2026-04-05,S0032994,C03350,Pune,Men Casual,Paid Search,control,2064,10,6
O001807,2026-04-05,S0032997,C00548,Pune,Men Casual,Paid Search,control,1108,25,1
O001808,2026-04-05,S0033006,C01992,Pune,Men Casual,Influencer,control,2280,15,3
O001809,2026-04-05,S0033033,C05054,Pune,Men Casual,Organic,free_shipping_nudge,1333,5,2
O001810,2026-04-05,S0033035,C04310,Delhi NCR,Kids,Organic,free_shipping_nudge,1505,0,5
O001811,2026-04-05,S0033037,C03773,Delhi NCR,Footwear,Push,control,2714,25,3
O001812,2026-04-06,S0033049,C01523,Bengaluru,Beauty,Affiliate,free_shipping_nudge,683,20,6
O001813,2026-04-06,S0033097,C04859,Hyderabad,Beauty,Organic,control,688,0,6
O001814,2026-04-06,S0033098,C00164,Lucknow,Footwear,Paid Search,free_shipping_nudge,1298,20,4
O001815,2026-04-06,S0033120,C04750,Delhi NCR,Footwear,Paid Search,control,1247,10,3
O001816,2026-04-06,S0033153,C01706,Bengaluru,Footwear,Paid Search,control,2574,10,6
O001817,2026-04-06,S0033170,C04053,Hyderabad,Women Ethnic,Influencer,free_shipping_nudge,1229,20,2
O001818,2026-04-06,S0033180,C02157,Bengaluru,Men Casual,Organic,free_shipping_nudge,1029,5,5
O001819,2026-04-06,S0033193,C02366,Indore,Kids,Paid Search,free_shipping_nudge,410,25,5
O001820,2026-04-06,S0033204,C01445,Pune,Beauty,Affiliate,free_shipping_nudge,930,25,3
O001821,2026-04-06,S0033232,C03385,Mumbai,Women Ethnic,Affiliate,free_shipping_nudge,1723,0,3
O001822,2026-04-06,S0033234,C01161,Delhi NCR,Women Ethnic,Push,free_shipping_nudge,2462,5,4
O001823,2026-04-06,S0033297,C02702,Delhi NCR,Footwear,Organic,free_shipping_nudge,2224,25,3
O001824,2026-04-07,S0033315,C03456,Mumbai,Footwear,Organic,control,2734,10,1
O001825,2026-04-07,S0033355,C02068,Hyderabad,Women Ethnic,Organic,control,1785,15,4
O001826,2026-04-07,S0033357,C01854,Mumbai,Footwear,Influencer,free_shipping_nudge,2135,25,6
O001827,2026-04-07,S0033380,C02219,Delhi NCR,Footwear,Influencer,control,2439,15,4
O001828,2026-04-07,S0033394,C03282,Delhi NCR,Women Ethnic,Paid Search,control,1573,15,4
O001829,2026-04-07,S0033396,C04343,Mumbai,Women Ethnic,Influencer,control,2147,25,2
O001830,2026-04-07,S0033449,C04187,Delhi NCR,Women Ethnic,Push,free_shipping_nudge,2782,5,3
O001831,2026-04-07,S0033452,C05124,Hyderabad,Beauty,Paid Search,control,316,30,6
O001832,2026-04-07,S0033463,C00078,Bengaluru,Beauty,Affiliate,control,1274,0,3
O001833,2026-04-07,S0033527,C04084,Delhi NCR,Women Ethnic,Paid Search,control,936,30,5
O001834,2026-04-07,S0033548,C03268,Delhi NCR,Men Casual,Organic,free_shipping_nudge,1666,5,1
O001835,2026-04-07,S0033567,C04993,Lucknow,Women Ethnic,Paid Search,free_shipping_nudge,2215,0,3
O001836,2026-04-07,S0033595,C01948,Bengaluru,Men Casual,Paid Search,control,1728,10,1
O001837,2026-04-07,S0033598,C04392,Delhi NCR,Beauty,Paid Search,control,517,25,6
O001838,2026-04-07,S0033603,C02393,Hyderabad,Men Casual,Organic,control,2403,0,1
O001839,2026-04-07,S0033611,C02130,Hyderabad,Women Ethnic,Organic,free_shipping_nudge,1708,25,1
O001840,2026-04-07,S0033639,C02716,Hyderabad,Men Casual,Paid Search,control,1657,25,4
O001841,2026-04-07,S0033646,C04750,Delhi NCR,Footwear,Organic,control,3807,20,4
O001842,2026-04-08,S0033666,C04536,Pune,Kids,Organic,control,1265,15,4
O001843,2026-04-08,S0033739,C03671,Bengaluru,Beauty,Affiliate,free_shipping_nudge,979,0,4
O001844,2026-04-08,S0033789,C00511,Jaipur,Women Ethnic,Organic,control,1960,0,5
O001845,2026-04-08,S0033795,C00161,Lucknow,Men Casual,Push,free_shipping_nudge,1318,20,6
O001846,2026-04-08,S0033800,C04820,Bengaluru,Women Ethnic,Organic,free_shipping_nudge,1873,30,5
O001847,2026-04-08,S0033804,C00105,Delhi NCR,Beauty,Paid Search,control,787,0,6
O001848,2026-04-08,S0033828,C05011,Delhi NCR,Kids,Push,control,1062,10,5
O001849,2026-04-08,S0033830,C02634,Bengaluru,Women Ethnic,Affiliate,control,1682,15,3
O001850,2026-04-08,S0033833,C02625,Bengaluru,Men Casual,Organic,free_shipping_nudge,1659,5,6
O001851,2026-04-08,S0033836,C04756,Delhi NCR,Beauty,Paid Search,free_shipping_nudge,861,10,5
O001852,2026-04-08,S0033851,C04142,Delhi NCR,Women Ethnic,Organic,control,2475,0,1
O001853,2026-04-08,S0033855,C05133,Jaipur,Men Casual,Push,free_shipping_nudge,1896,0,6
O001854,2026-04-08,S0033877,C04071,Jaipur,Beauty,Paid Search,free_shipping_nudge,885,5,5
O001855,2026-04-08,S0033882,C01917,Delhi NCR,Women Ethnic,Organic,control,1471,5,2
O001856,2026-04-08,S0033883,C02424,Pune,Men Casual,Push,free_shipping_nudge,1262,30,1
O001857,2026-04-08,S0033909,C05141,Pune,Beauty,Paid Search,control,632,20,5
O001858,2026-04-08,S0033925,C02149,Delhi NCR,Men Casual,Push,free_shipping_nudge,1976,10,6
O001859,2026-04-08,S0033969,C00076,Bengaluru,Men Casual,Organic,control,1114,0,4
O001860,2026-04-09,S0033982,C05121,Delhi NCR,Kids,Organic,free_shipping_nudge,1153,25,2
O001861,2026-04-09,S0034001,C02518,Delhi NCR,Beauty,Influencer,free_shipping_nudge,998,20,6
O001862,2026-04-09,S0034002,C04121,Delhi NCR,Men Casual,Organic,free_shipping_nudge,2572,5,3
O001863,2026-04-09,S0034007,C01389,Mumbai,Men Casual,Push,control,1185,5,3
O001864,2026-04-09,S0034009,C01830,Delhi NCR,Men Casual,Organic,control,1648,0,2
O001865,2026-04-09,S0034014,C03772,Bengaluru,Kids,Organic,free_shipping_nudge,1311,30,6
O001866,2026-04-09,S0034043,C03439,Lucknow,Beauty,Organic,free_shipping_nudge,1094,15,2
O001867,2026-04-09,S0034052,C02078,Mumbai,Women Ethnic,Paid Search,control,2259,5,2
O001868,2026-04-09,S0034081,C00590,Jaipur,Beauty,Organic,free_shipping_nudge,308,25,2
O001869,2026-04-09,S0034089,C03236,Hyderabad,Footwear,Influencer,control,1586,15,6
O001870,2026-04-09,S0034094,C02461,Mumbai,Beauty,Paid Search,control,798,10,6
O001871,2026-04-09,S0034128,C01515,Indore,Men Casual,Paid Search,free_shipping_nudge,1703,15,2
O001872,2026-04-09,S0034135,C02902,Indore,Beauty,Organic,control,1569,30,5
O001873,2026-04-09,S0034140,C05045,Jaipur,Kids,Paid Search,control,441,25,6
O001874,2026-04-09,S0034149,C03870,Delhi NCR,Beauty,Affiliate,control,595,0,2
O001875,2026-04-09,S0034157,C02410,Indore,Women Ethnic,Push,free_shipping_nudge,1912,25,3
O001876,2026-04-09,S0034201,C00616,Mumbai,Beauty,Organic,control,978,10,3
O001877,2026-04-09,S0034211,C01447,Hyderabad,Men Casual,Paid Search,control,1486,5,6
O001878,2026-04-09,S0034212,C00046,Bengaluru,Beauty,Affiliate,free_shipping_nudge,1058,0,3
O001879,2026-04-09,S0034230,C00892,Lucknow,Men Casual,Organic,control,1406,25,2
O001880,2026-04-09,S0034234,C04292,Pune,Beauty,Organic,control,540,10,4
O001881,2026-04-09,S0034243,C01744,Hyderabad,Women Ethnic,Organic,control,2317,30,2
O001882,2026-04-09,S0034254,C04981,Mumbai,Footwear,Organic,free_shipping_nudge,2088,5,4
O001883,2026-04-10,S0034263,C03386,Hyderabad,Women Ethnic,Paid Search,free_shipping_nudge,2103,30,2
O001884,2026-04-10,S0034265,C03335,Bengaluru,Beauty,Push,free_shipping_nudge,906,25,1
O001885,2026-04-10,S0034266,C02940,Bengaluru,Women Ethnic,Affiliate,free_shipping_nudge,1930,0,3
O001886,2026-04-10,S0034271,C00178,Delhi NCR,Men Casual,Organic,free_shipping_nudge,1644,20,5
O001887,2026-04-10,S0034289,C04026,Bengaluru,Women Ethnic,Push,free_shipping_nudge,2081,5,2
O001888,2026-04-10,S0034332,C04734,Delhi NCR,Women Ethnic,Push,control,3092,0,3
O001889,2026-04-10,S0034374,C05040,Delhi NCR,Footwear,Push,free_shipping_nudge,1634,30,3
O001890,2026-04-10,S0034378,C04646,Indore,Beauty,Paid Search,free_shipping_nudge,674,5,3
O001891,2026-04-10,S0034386,C00701,Pune,Men Casual,Organic,control,672,10,4
O001892,2026-04-10,S0034398,C00901,Indore,Men Casual,Affiliate,free_shipping_nudge,1390,15,4
O001893,2026-04-10,S0034406,C00273,Mumbai,Women Ethnic,Push,free_shipping_nudge,1164,5,5
O001894,2026-04-10,S0034416,C02402,Delhi NCR,Men Casual,Organic,control,1811,15,4
O001895,2026-04-10,S0034430,C05020,Bengaluru,Footwear,Organic,control,2465,20,5
O001896,2026-04-10,S0034443,C00996,Bengaluru,Women Ethnic,Push,free_shipping_nudge,719,5,6
O001897,2026-04-10,S0034448,C05156,Lucknow,Beauty,Paid Search,free_shipping_nudge,902,0,4
O001898,2026-04-10,S0034450,C05078,Delhi NCR,Footwear,Paid Search,control,2287,15,4
O001899,2026-04-10,S0034471,C02265,Mumbai,Beauty,Influencer,control,1206,30,5
O001900,2026-04-10,S0034480,C04923,Mumbai,Footwear,Push,control,2498,30,5
O001901,2026-04-10,S0034494,C00174,Delhi NCR,Men Casual,Push,control,1717,20,3
O001902,2026-04-10,S0034498,C03965,Indore,Beauty,Paid Search,free_shipping_nudge,988,0,6
O001903,2026-04-10,S0034559,C04257,Lucknow,Footwear,Push,control,1521,15,4
O001904,2026-04-10,S0034569,C03024,Indore,Men Casual,Organic,free_shipping_nudge,1942,30,2
O001905,2026-04-10,S0034575,C02756,Bengaluru,Men Casual,Paid Search,free_shipping_nudge,1660,15,3
O001906,2026-04-10,S0034583,C00388,Bengaluru,Women Ethnic,Paid Search,control,1825,0,5
O001907,2026-04-10,S0034587,C04179,Bengaluru,Kids,Push,control,1693,20,6
O001908,2026-04-11,S0034607,C00442,Bengaluru,Footwear,Affiliate,free_shipping_nudge,2050,5,3
O001909,2026-04-11,S0034639,C00675,Indore,Men Casual,Organic,control,1724,25,2
O001910,2026-04-11,S0034652,C01093,Pune,Men Casual,Affiliate,free_shipping_nudge,1839,5,2
O001911,2026-04-11,S0034657,C05145,Pune,Footwear,Influencer,control,3169,10,1
O001912,2026-04-11,S0034738,C01322,Bengaluru,Men Casual,Organic,control,2202,10,1
O001913,2026-04-11,S0034764,C02848,Pune,Beauty,Paid Search,free_shipping_nudge,1158,5,5
O001914,2026-04-11,S0034812,C02044,Indore,Kids,Paid Search,control,1295,5,2
O001915,2026-04-11,S0034814,C04328,Bengaluru,Footwear,Influencer,free_shipping_nudge,2101,0,6
O001916,2026-04-11,S0034850,C04798,Hyderabad,Beauty,Organic,control,768,25,1
O001917,2026-04-11,S0034890,C03455,Delhi NCR,Women Ethnic,Influencer,control,2951,15,6
O001918,2026-04-11,S0034898,C01401,Mumbai,Men Casual,Organic,control,1444,5,1
O001919,2026-04-11,S0034903,C05083,Mumbai,Women Ethnic,Affiliate,free_shipping_nudge,1038,0,5
O001920,2026-04-11,S0034904,C02420,Mumbai,Beauty,Paid Search,free_shipping_nudge,986,0,3
O001921,2026-04-11,S0034926,C04361,Bengaluru,Footwear,Influencer,free_shipping_nudge,3070,5,6
O001922,2026-04-11,S0034944,C04875,Delhi NCR,Men Casual,Push,control,1999,20,5
O001923,2026-04-11,S0034946,C05100,Hyderabad,Men Casual,Paid Search,free_shipping_nudge,412,5,6
O001924,2026-04-11,S0034950,C00262,Bengaluru,Men Casual,Organic,free_shipping_nudge,968,30,6
O001925,2026-04-12,S0034978,C04401,Bengaluru,Footwear,Paid Search,free_shipping_nudge,2273,20,5
O001926,2026-04-12,S0035016,C01288,Mumbai,Footwear,Push,free_shipping_nudge,3019,5,1
O001927,2026-04-12,S0035026,C02230,Lucknow,Beauty,Affiliate,control,1057,10,3
O001928,2026-04-12,S0035027,C03701,Bengaluru,Women Ethnic,Push,free_shipping_nudge,2073,5,3
O001929,2026-04-12,S0035031,C00176,Pune,Men Casual,Paid Search,free_shipping_nudge,1479,0,3
O001930,2026-04-12,S0035037,C02961,Bengaluru,Kids,Push,free_shipping_nudge,563,5,2
O001931,2026-04-12,S0035038,C01425,Hyderabad,Women Ethnic,Affiliate,free_shipping_nudge,1540,10,3
O001932,2026-04-12,S0035070,C03005,Indore,Beauty,Influencer,free_shipping_nudge,298,10,6
O001933,2026-04-12,S0035084,C02007,Bengaluru,Beauty,Push,control,524,15,4
O001934,2026-04-12,S0035086,C02464,Bengaluru,Women Ethnic,Affiliate,control,1090,20,5
O001935,2026-04-12,S0035096,C04435,Pune,Men Casual,Organic,free_shipping_nudge,2018,10,6
O001936,2026-04-12,S0035108,C01594,Indore,Men Casual,Affiliate,control,1687,20,3
O001937,2026-04-12,S0035158,C00626,Mumbai,Men Casual,Paid Search,free_shipping_nudge,2289,0,6
O001938,2026-04-12,S0035163,C03416,Indore,Women Ethnic,Paid Search,free_shipping_nudge,1402,10,2
O001939,2026-04-12,S0035179,C05114,Jaipur,Men Casual,Organic,control,1192,0,1
O001940,2026-04-12,S0035188,C02331,Pune,Women Ethnic,Organic,free_shipping_nudge,1372,15,6
O001941,2026-04-12,S0035204,C04999,Lucknow,Beauty,Paid Search,control,804,25,6
O001942,2026-04-12,S0035231,C00950,Bengaluru,Women Ethnic,Organic,free_shipping_nudge,2269,20,2
O001943,2026-04-12,S0035258,C04004,Bengaluru,Beauty,Organic,free_shipping_nudge,1250,30,4
O001944,2026-04-12,S0035274,C03846,Bengaluru,Footwear,Paid Search,free_shipping_nudge,2212,25,4
O001945,2026-04-12,S0035297,C03883,Delhi NCR,Women Ethnic,Push,free_shipping_nudge,1717,10,4
O001946,2026-04-12,S0035301,C00628,Mumbai,Women Ethnic,Organic,control,1612,15,2
O001947,2026-04-12,S0035303,C01184,Delhi NCR,Women Ethnic,Organic,control,1661,0,3
O001948,2026-04-12,S0035314,C03919,Delhi NCR,Women Ethnic,Affiliate,control,989,25,2
O001949,2026-04-12,S0035323,C02473,Bengaluru,Beauty,Influencer,control,663,20,5
O001950,2026-04-12,S0035329,C01869,Bengaluru,Beauty,Influencer,free_shipping_nudge,1027,25,2
O001951,2026-04-12,S0035334,C01529,Mumbai,Men Casual,Affiliate,free_shipping_nudge,1526,10,6
O001952,2026-04-12,S0035335,C03160,Bengaluru,Footwear,Push,control,1825,0,2
O001953,2026-04-13,S0035373,C04170,Mumbai,Men Casual,Organic,free_shipping_nudge,1725,30,6
O001954,2026-04-13,S0035376,C01879,Jaipur,Beauty,Paid Search,control,878,5,2
O001955,2026-04-13,S0035390,C04332,Bengaluru,Women Ethnic,Organic,free_shipping_nudge,1696,15,4
O001956,2026-04-13,S0035398,C01935,Mumbai,Men Casual,Organic,free_shipping_nudge,2015,15,2
O001957,2026-04-13,S0035418,C03844,Pune,Women Ethnic,Organic,control,2953,20,3
O001958,2026-04-13,S0035423,C02963,Bengaluru,Footwear,Paid Search,free_shipping_nudge,2852,30,2
O001959,2026-04-13,S0035424,C00793,Delhi NCR,Beauty,Affiliate,control,803,20,3
O001960,2026-04-13,S0035425,C04861,Jaipur,Women Ethnic,Paid Search,free_shipping_nudge,990,25,4
O001961,2026-04-13,S0035474,C04192,Delhi NCR,Footwear,Organic,control,1873,0,3
O001962,2026-04-13,S0035478,C02477,Lucknow,Beauty,Organic,control,641,0,1
O001963,2026-04-13,S0035482,C01685,Pune,Women Ethnic,Affiliate,free_shipping_nudge,1987,0,4
O001964,2026-04-13,S0035487,C04997,Bengaluru,Beauty,Influencer,free_shipping_nudge,702,0,6
O001965,2026-04-13,S0035528,C00685,Mumbai,Women Ethnic,Influencer,free_shipping_nudge,2035,30,2
O001966,2026-04-13,S0035547,C01406,Delhi NCR,Men Casual,Organic,free_shipping_nudge,2539,20,4
O001967,2026-04-13,S0035548,C01640,Lucknow,Beauty,Organic,free_shipping_nudge,1287,25,3
O001968,2026-04-13,S0035557,C03310,Delhi NCR,Women Ethnic,Paid Search,free_shipping_nudge,2023,10,6
O001969,2026-04-13,S0035570,C05006,Lucknow,Kids,Influencer,control,1167,20,2
O001970,2026-04-14,S0035578,C04102,Pune,Kids,Affiliate,control,1260,30,6
O001971,2026-04-14,S0035579,C00795,Bengaluru,Women Ethnic,Paid Search,control,1730,5,4
O001972,2026-04-14,S0035598,C03956,Bengaluru,Men Casual,Organic,free_shipping_nudge,1448,5,1
O001973,2026-04-14,S0035604,C03304,Hyderabad,Men Casual,Influencer,free_shipping_nudge,1992,0,5
O001974,2026-04-14,S0035650,C00981,Bengaluru,Kids,Organic,free_shipping_nudge,1418,5,5
O001975,2026-04-14,S0035691,C04715,Delhi NCR,Men Casual,Influencer,control,908,20,3
O001976,2026-04-14,S0035716,C03529,Hyderabad,Women Ethnic,Influencer,free_shipping_nudge,1880,5,5
O001977,2026-04-14,S0035726,C02270,Bengaluru,Beauty,Influencer,free_shipping_nudge,864,0,1
O001978,2026-04-14,S0035748,C04938,Bengaluru,Kids,Organic,free_shipping_nudge,1561,20,5
O001979,2026-04-14,S0035750,C04752,Mumbai,Kids,Paid Search,control,1330,30,2
O001980,2026-04-14,S0035776,C04168,Lucknow,Footwear,Influencer,free_shipping_nudge,2342,15,1
O001981,2026-04-14,S0035802,C02192,Bengaluru,Footwear,Push,control,2615,30,3
O001982,2026-04-14,S0035820,C00332,Delhi NCR,Women Ethnic,Paid Search,free_shipping_nudge,1643,20,2
O001983,2026-04-14,S0035823,C03448,Bengaluru,Men Casual,Organic,free_shipping_nudge,1632,15,4
O001984,2026-04-14,S0035830,C04725,Bengaluru,Kids,Organic,control,909,30,4
O001985,2026-04-14,S0035833,C03108,Delhi NCR,Women Ethnic,Organic,control,1451,30,5
O001986,2026-04-14,S0035872,C04624,Mumbai,Women Ethnic,Organic,free_shipping_nudge,2003,10,6
O001987,2026-04-14,S0035918,C01672,Mumbai,Footwear,Influencer,free_shipping_nudge,1417,5,3
O001988,2026-04-15,S0035937,C04705,Pune,Women Ethnic,Organic,control,1146,20,2
O001989,2026-04-15,S0035940,C02887,Delhi NCR,Women Ethnic,Push,free_shipping_nudge,2283,5,3
O001990,2026-04-15,S0035946,C00242,Mumbai,Women Ethnic,Paid Search,control,1446,5,6
O001991,2026-04-15,S0035958,C04806,Pune,Footwear,Organic,free_shipping_nudge,2280,30,4
O001992,2026-04-15,S0035961,C03519,Jaipur,Women Ethnic,Organic,control,2087,0,2
O001993,2026-04-15,S0036004,C02122,Delhi NCR,Beauty,Affiliate,control,915,30,4
O001994,2026-04-15,S0036015,C03284,Mumbai,Beauty,Affiliate,free_shipping_nudge,1486,25,6
O001995,2026-04-15,S0036024,C01671,Hyderabad,Kids,Paid Search,control,910,0,1
O001996,2026-04-15,S0036038,C03445,Hyderabad,Footwear,Organic,free_shipping_nudge,2928,25,1
O001997,2026-04-15,S0036054,C01522,Bengaluru,Kids,Affiliate,control,1039,15,1
O001998,2026-04-15,S0036069,C00317,Hyderabad,Women Ethnic,Influencer,control,1661,5,1
O001999,2026-04-15,S0036077,C01766,Bengaluru,Men Casual,Influencer,free_shipping_nudge,1611,15,6
O002000,2026-04-15,S0036093,C03389,Bengaluru,Women Ethnic,Affiliate,control,1822,5,4
O002001,2026-04-15,S0036122,C03538,Indore,Men Casual,Paid Search,control,1828,5,1
O002002,2026-04-15,S0036124,C00370,Hyderabad,Men Casual,Push,control,1733,25,4
O002003,2026-04-15,S0036138,C00251,Indore,Beauty,Paid Search,free_shipping_nudge,608,20,4
O002004,2026-04-15,S0036152,C01384,Hyderabad,Footwear,Organic,free_shipping_nudge,1358,0,3
O002005,2026-04-15,S0036159,C03911,Bengaluru,Women Ethnic,Organic,control,2227,0,1
O002006,2026-04-15,S0036166,C04251,Indore,Men Casual,Affiliate,control,2212,25,4
O002007,2026-04-15,S0036168,C01344,Hyderabad,Beauty,Organic,control,837,30,5
O002008,2026-04-15,S0036173,C03056,Mumbai,Men Casual,Influencer,control,1621,0,3
O002009,2026-04-16,S0036194,C02970,Jaipur,Men Casual,Affiliate,control,2368,10,6
O002010,2026-04-16,S0036202,C03434,Bengaluru,Beauty,Organic,free_shipping_nudge,1027,15,3
O002011,2026-04-16,S0036210,C00607,Mumbai,Women Ethnic,Organic,control,1132,15,1
O002012,2026-04-16,S0036237,C04012,Delhi NCR,Men Casual,Paid Search,free_shipping_nudge,940,15,4
O002013,2026-04-16,S0036243,C02361,Delhi NCR,Women Ethnic,Organic,free_shipping_nudge,1760,5,5
O002014,2026-04-16,S0036276,C03993,Lucknow,Kids,Influencer,control,813,15,1
O002015,2026-04-16,S0036302,C00654,Lucknow,Footwear,Push,control,1701,20,6
O002016,2026-04-16,S0036308,C04948,Jaipur,Beauty,Paid Search,control,1052,15,4
O002017,2026-04-16,S0036341,C02684,Pune,Beauty,Affiliate,free_shipping_nudge,1186,20,6
O002018,2026-04-16,S0036356,C04182,Pune,Footwear,Push,control,2845,10,3
O002019,2026-04-16,S0036365,C04787,Mumbai,Women Ethnic,Push,control,2038,10,1
O002020,2026-04-16,S0036376,C05196,Bengaluru,Men Casual,Affiliate,control,1375,0,6
O002021,2026-04-16,S0036378,C02196,Jaipur,Beauty,Paid Search,free_shipping_nudge,911,5,5
O002022,2026-04-16,S0036391,C02189,Pune,Women Ethnic,Organic,control,2041,25,3
O002023,2026-04-16,S0036396,C01950,Hyderabad,Kids,Influencer,control,1265,20,4
O002024,2026-04-16,S0036428,C03914,Hyderabad,Kids,Affiliate,control,1297,20,6
O002025,2026-04-16,S0036436,C04931,Lucknow,Women Ethnic,Affiliate,free_shipping_nudge,2338,30,3
O002026,2026-04-16,S0036450,C01673,Bengaluru,Women Ethnic,Influencer,free_shipping_nudge,1968,5,2
O002027,2026-04-16,S0036462,C01276,Bengaluru,Beauty,Affiliate,free_shipping_nudge,1501,0,4
O002028,2026-04-17,S0036479,C00720,Indore,Women Ethnic,Influencer,control,2260,20,4
O002029,2026-04-17,S0036484,C02439,Mumbai,Beauty,Paid Search,control,741,10,2
O002030,2026-04-17,S0036492,C03665,Delhi NCR,Footwear,Influencer,control,2381,10,4
O002031,2026-04-17,S0036517,C02155,Bengaluru,Beauty,Push,free_shipping_nudge,744,0,3
O002032,2026-04-17,S0036538,C00006,Delhi NCR,Beauty,Organic,control,577,30,5
O002033,2026-04-17,S0036543,C03003,Pune,Beauty,Organic,control,463,25,1
O002034,2026-04-17,S0036551,C03697,Lucknow,Men Casual,Paid Search,control,1104,30,3
O002035,2026-04-17,S0036553,C04032,Mumbai,Women Ethnic,Influencer,free_shipping_nudge,2229,5,1
O002036,2026-04-17,S0036558,C04800,Lucknow,Women Ethnic,Organic,control,1276,10,5
O002037,2026-04-17,S0036571,C04025,Mumbai,Kids,Push,control,1182,10,4
O002038,2026-04-17,S0036621,C00211,Delhi NCR,Women Ethnic,Push,free_shipping_nudge,1786,30,1
O002039,2026-04-17,S0036638,C01245,Hyderabad,Footwear,Organic,control,2658,10,6
O002040,2026-04-17,S0036642,C03207,Delhi NCR,Women Ethnic,Affiliate,control,1803,15,6
O002041,2026-04-17,S0036647,C00048,Hyderabad,Men Casual,Organic,free_shipping_nudge,1534,10,3
O002042,2026-04-17,S0036720,C01599,Indore,Men Casual,Paid Search,free_shipping_nudge,2206,0,5
O002043,2026-04-17,S0036727,C03635,Mumbai,Beauty,Organic,free_shipping_nudge,1361,10,6
O002044,2026-04-17,S0036784,C03418,Jaipur,Kids,Influencer,control,1333,30,4
O002045,2026-04-17,S0036789,C00847,Mumbai,Beauty,Organic,free_shipping_nudge,740,15,1
O002046,2026-04-17,S0036796,C02452,Hyderabad,Beauty,Paid Search,control,1195,5,5
O002047,2026-04-17,S0036808,C00505,Mumbai,Kids,Organic,control,575,20,3
O002048,2026-04-18,S0036819,C02396,Mumbai,Beauty,Push,free_shipping_nudge,756,30,5
O002049,2026-04-18,S0036857,C01449,Mumbai,Men Casual,Organic,control,1333,5,1
O002050,2026-04-18,S0036864,C02286,Bengaluru,Footwear,Affiliate,free_shipping_nudge,2040,0,3
O002051,2026-04-18,S0036866,C03077,Mumbai,Kids,Push,free_shipping_nudge,1036,30,4
O002052,2026-04-18,S0036875,C05088,Delhi NCR,Kids,Influencer,free_shipping_nudge,844,0,1
O002053,2026-04-18,S0036882,C01906,Delhi NCR,Men Casual,Paid Search,free_shipping_nudge,1499,20,3
O002054,2026-04-18,S0036913,C00515,Delhi NCR,Beauty,Paid Search,control,1354,20,1
O002055,2026-04-18,S0036921,C03962,Mumbai,Women Ethnic,Paid Search,control,1884,30,6
O002056,2026-04-18,S0036927,C03777,Bengaluru,Footwear,Paid Search,control,1562,30,5
O002057,2026-04-18,S0036958,C03494,Indore,Women Ethnic,Organic,control,1903,5,4
O002058,2026-04-18,S0036977,C03375,Mumbai,Women Ethnic,Push,control,2018,15,1
O002059,2026-04-18,S0036979,C03853,Bengaluru,Women Ethnic,Organic,control,2648,5,6
O002060,2026-04-18,S0036981,C01259,Bengaluru,Women Ethnic,Organic,free_shipping_nudge,2026,5,5
O002061,2026-04-18,S0037021,C00812,Pune,Men Casual,Affiliate,control,807,0,5
O002062,2026-04-18,S0037056,C05067,Mumbai,Men Casual,Paid Search,free_shipping_nudge,1927,20,6
O002063,2026-04-18,S0037087,C01209,Lucknow,Men Casual,Affiliate,free_shipping_nudge,1284,5,5
O002064,2026-04-18,S0037097,C03621,Pune,Beauty,Organic,control,1090,0,3
O002065,2026-04-18,S0037102,C01953,Hyderabad,Women Ethnic,Affiliate,free_shipping_nudge,1580,30,4
O002066,2026-04-18,S0037118,C01528,Pune,Beauty,Paid Search,free_shipping_nudge,470,0,5
O002067,2026-04-18,S0037141,C02354,Jaipur,Men Casual,Paid Search,control,2913,20,5
O002068,2026-04-18,S0037142,C03899,Lucknow,Kids,Paid Search,control,481,5,2
O002069,2026-04-18,S0037160,C00645,Jaipur,Women Ethnic,Paid Search,free_shipping_nudge,2870,0,4
O002070,2026-04-18,S0037173,C00937,Pune,Kids,Influencer,control,741,10,3
O002071,2026-04-19,S0037189,C01310,Mumbai,Women Ethnic,Affiliate,free_shipping_nudge,1650,25,2
O002072,2026-04-19,S0037204,C02753,Delhi NCR,Footwear,Push,control,3135,5,1
O002073,2026-04-19,S0037226,C03804,Pune,Men Casual,Paid Search,free_shipping_nudge,2125,10,1
O002074,2026-04-19,S0037229,C01282,Delhi NCR,Footwear,Organic,free_shipping_nudge,2034,10,6
O002075,2026-04-19,S0037241,C00035,Bengaluru,Men Casual,Affiliate,control,2086,15,5
O002076,2026-04-19,S0037298,C02116,Bengaluru,Beauty,Paid Search,free_shipping_nudge,949,10,4
O002077,2026-04-19,S0037302,C02587,Mumbai,Kids,Influencer,free_shipping_nudge,338,0,5
O002078,2026-04-19,S0037316,C01816,Mumbai,Kids,Organic,control,1319,5,4
O002079,2026-04-19,S0037343,C03506,Hyderabad,Footwear,Affiliate,control,1426,10,6
O002080,2026-04-19,S0037344,C00127,Lucknow,Men Casual,Influencer,control,1769,10,6
O002081,2026-04-19,S0037361,C02717,Mumbai,Beauty,Affiliate,control,1333,10,5
O002082,2026-04-19,S0037423,C01744,Hyderabad,Beauty,Affiliate,free_shipping_nudge,789,20,6
O002083,2026-04-19,S0037426,C03952,Jaipur,Men Casual,Organic,free_shipping_nudge,1224,5,4
O002084,2026-04-19,S0037458,C05053,Delhi NCR,Men Casual,Organic,free_shipping_nudge,1432,10,6
O002085,2026-04-19,S0037486,C02098,Lucknow,Men Casual,Affiliate,free_shipping_nudge,2047,25,2
O002086,2026-04-19,S0037498,C03533,Delhi NCR,Beauty,Organic,control,836,5,1
O002087,2026-04-20,S0037520,C03274,Hyderabad,Women Ethnic,Organic,free_shipping_nudge,1689,20,5
O002088,2026-04-20,S0037559,C02670,Bengaluru,Women Ethnic,Push,control,2255,0,2
O002089,2026-04-20,S0037568,C05011,Delhi NCR,Men Casual,Paid Search,control,1827,30,2
O002090,2026-04-20,S0037582,C02884,Bengaluru,Women Ethnic,Influencer,control,1430,25,4
O002091,2026-04-20,S0037622,C04649,Mumbai,Men Casual,Organic,free_shipping_nudge,2176,5,2
O002092,2026-04-20,S0037628,C04587,Bengaluru,Men Casual,Organic,control,1896,5,6
O002093,2026-04-20,S0037634,C04664,Lucknow,Men Casual,Push,free_shipping_nudge,1814,20,5
O002094,2026-04-20,S0037653,C04149,Delhi NCR,Men Casual,Influencer,free_shipping_nudge,1739,0,6
O002095,2026-04-20,S0037670,C01451,Mumbai,Footwear,Paid Search,free_shipping_nudge,2520,25,4
O002096,2026-04-20,S0037699,C03905,Hyderabad,Men Casual,Affiliate,control,1928,10,3
O002097,2026-04-20,S0037719,C04107,Hyderabad,Beauty,Paid Search,free_shipping_nudge,976,30,6
O002098,2026-04-20,S0037720,C01615,Bengaluru,Footwear,Influencer,control,1868,15,1
O002099,2026-04-20,S0037771,C01114,Bengaluru,Women Ethnic,Paid Search,control,2090,15,1
O002100,2026-04-21,S0037807,C04244,Hyderabad,Women Ethnic,Influencer,control,1865,25,1
O002101,2026-04-21,S0037821,C04041,Bengaluru,Beauty,Organic,control,1270,15,4
O002102,2026-04-21,S0037859,C00428,Delhi NCR,Footwear,Paid Search,control,1480,30,5
O002103,2026-04-21,S0037866,C01131,Mumbai,Women Ethnic,Organic,free_shipping_nudge,1680,0,6
O002104,2026-04-21,S0037927,C01728,Delhi NCR,Women Ethnic,Influencer,control,2492,30,4
O002105,2026-04-21,S0037968,C01835,Pune,Kids,Organic,control,1358,5,3
O002106,2026-04-21,S0037970,C04732,Indore,Women Ethnic,Paid Search,free_shipping_nudge,1533,15,2
O002107,2026-04-21,S0038000,C02623,Delhi NCR,Men Casual,Organic,control,1531,25,4
O002108,2026-04-21,S0038004,C02852,Bengaluru,Women Ethnic,Organic,free_shipping_nudge,1985,5,4
O002109,2026-04-21,S0038054,C00229,Hyderabad,Men Casual,Paid Search,control,1478,25,4
O002110,2026-04-21,S0038055,C01188,Delhi NCR,Footwear,Organic,control,2919,25,5
O002111,2026-04-21,S0038056,C01349,Delhi NCR,Women Ethnic,Paid Search,free_shipping_nudge,1266,15,3
O002112,2026-04-21,S0038092,C02833,Hyderabad,Beauty,Organic,free_shipping_nudge,1140,5,5
O002113,2026-04-22,S0038123,C01947,Hyderabad,Kids,Paid Search,free_shipping_nudge,1322,15,1
O002114,2026-04-22,S0038125,C02173,Delhi NCR,Women Ethnic,Push,free_shipping_nudge,1734,5,4
O002115,2026-04-22,S0038141,C02751,Jaipur,Men Casual,Organic,free_shipping_nudge,2242,5,2
O002116,2026-04-22,S0038170,C03075,Indore,Women Ethnic,Organic,control,1910,25,2
O002117,2026-04-22,S0038190,C00120,Lucknow,Women Ethnic,Push,control,1070,25,2
O002118,2026-04-22,S0038206,C02036,Hyderabad,Men Casual,Paid Search,free_shipping_nudge,1881,5,6
O002119,2026-04-22,S0038211,C02649,Delhi NCR,Men Casual,Affiliate,free_shipping_nudge,885,10,3
O002120,2026-04-22,S0038253,C00614,Jaipur,Women Ethnic,Paid Search,free_shipping_nudge,1764,30,5
O002121,2026-04-22,S0038254,C01710,Hyderabad,Beauty,Organic,control,890,20,1
O002122,2026-04-22,S0038275,C04038,Jaipur,Kids,Organic,control,932,5,6
O002123,2026-04-22,S0038288,C05167,Hyderabad,Beauty,Paid Search,free_shipping_nudge,671,20,5
O002124,2026-04-22,S0038296,C03829,Indore,Beauty,Push,control,1028,15,5
O002125,2026-04-22,S0038322,C04893,Indore,Men Casual,Organic,free_shipping_nudge,2213,30,2
O002126,2026-04-22,S0038383,C03481,Delhi NCR,Women Ethnic,Push,free_shipping_nudge,2636,15,2
O002127,2026-04-23,S0038400,C05039,Pune,Footwear,Paid Search,free_shipping_nudge,2123,25,3
O002128,2026-04-23,S0038482,C02407,Hyderabad,Women Ethnic,Affiliate,control,1933,10,4
O002129,2026-04-23,S0038485,C02255,Delhi NCR,Men Casual,Paid Search,control,1438,25,6
O002130,2026-04-23,S0038487,C02499,Bengaluru,Women Ethnic,Push,control,1977,30,5
O002131,2026-04-23,S0038495,C00561,Bengaluru,Beauty,Paid Search,control,989,15,6
O002132,2026-04-23,S0038508,C00741,Jaipur,Men Casual,Affiliate,free_shipping_nudge,734,25,2
O002133,2026-04-23,S0038539,C04347,Mumbai,Men Casual,Organic,control,2189,5,3
O002134,2026-04-23,S0038541,C05098,Indore,Women Ethnic,Paid Search,control,2832,0,2
O002135,2026-04-23,S0038596,C02799,Delhi NCR,Beauty,Push,free_shipping_nudge,739,0,5
O002136,2026-04-23,S0038653,C04411,Pune,Women Ethnic,Affiliate,control,1754,10,4
O002137,2026-04-24,S0038669,C03690,Delhi NCR,Men Casual,Paid Search,control,784,5,2
O002138,2026-04-24,S0038673,C03676,Hyderabad,Kids,Affiliate,control,1743,15,6
O002139,2026-04-24,S0038712,C01960,Bengaluru,Footwear,Affiliate,control,1323,30,1
O002140,2026-04-24,S0038737,C01303,Delhi NCR,Beauty,Paid Search,control,792,0,4
O002141,2026-04-24,S0038760,C02767,Pune,Men Casual,Influencer,free_shipping_nudge,1072,20,2
O002142,2026-04-24,S0038763,C04418,Jaipur,Footwear,Paid Search,control,1470,10,3
O002143,2026-04-24,S0038764,C04364,Mumbai,Men Casual,Paid Search,free_shipping_nudge,1702,25,5
O002144,2026-04-24,S0038811,C02536,Bengaluru,Men Casual,Organic,control,1156,5,4
O002145,2026-04-24,S0038825,C01735,Delhi NCR,Beauty,Push,control,1077,15,2
O002146,2026-04-24,S0038827,C04814,Delhi NCR,Beauty,Push,free_shipping_nudge,1502,10,6
O002147,2026-04-24,S0038880,C04171,Delhi NCR,Men Casual,Organic,free_shipping_nudge,2130,10,6
O002148,2026-04-24,S0038902,C04713,Mumbai,Beauty,Influencer,free_shipping_nudge,801,10,2
O002149,2026-04-24,S0038927,C02404,Indore,Men Casual,Influencer,control,1659,5,3
O002150,2026-04-24,S0038954,C04640,Mumbai,Footwear,Paid Search,control,2745,15,4
O002151,2026-04-24,S0039008,C00323,Bengaluru,Footwear,Push,free_shipping_nudge,1031,20,3
O002152,2026-04-24,S0039020,C04258,Bengaluru,Men Casual,Paid Search,free_shipping_nudge,2217,0,3
O002153,2026-04-24,S0039029,C04031,Bengaluru,Men Casual,Influencer,free_shipping_nudge,1437,25,5
O002154,2026-04-24,S0039030,C02346,Hyderabad,Beauty,Paid Search,control,1030,30,2
O002155,2026-04-24,S0039041,C05103,Jaipur,Beauty,Organic,control,1061,20,2
O002156,2026-04-25,S0039063,C00278,Pune,Women Ethnic,Influencer,free_shipping_nudge,1625,15,6
O002157,2026-04-25,S0039097,C02373,Mumbai,Kids,Influencer,control,1123,30,5
O002158,2026-04-25,S0039124,C04576,Hyderabad,Women Ethnic,Influencer,control,1855,30,2
O002159,2026-04-25,S0039131,C03267,Delhi NCR,Women Ethnic,Push,free_shipping_nudge,1638,0,3
O002160,2026-04-25,S0039134,C01296,Mumbai,Men Casual,Influencer,free_shipping_nudge,1248,10,1
O002161,2026-04-25,S0039160,C00972,Pune,Men Casual,Organic,free_shipping_nudge,813,10,2
O002162,2026-04-25,S0039161,C02608,Mumbai,Footwear,Paid Search,control,1574,10,1
O002163,2026-04-25,S0039182,C03308,Delhi NCR,Footwear,Push,free_shipping_nudge,2536,25,2
O002164,2026-04-25,S0039203,C02512,Hyderabad,Beauty,Affiliate,free_shipping_nudge,816,30,5
O002165,2026-04-25,S0039256,C03510,Mumbai,Women Ethnic,Organic,control,2010,15,5
O002166,2026-04-25,S0039263,C03685,Bengaluru,Women Ethnic,Organic,free_shipping_nudge,1517,15,4
O002167,2026-04-25,S0039276,C02042,Delhi NCR,Women Ethnic,Push,free_shipping_nudge,1029,25,5
O002168,2026-04-25,S0039297,C02910,Bengaluru,Women Ethnic,Paid Search,free_shipping_nudge,1445,20,5
O002169,2026-04-25,S0039326,C01197,Indore,Women Ethnic,Paid Search,control,1255,10,1
O002170,2026-04-25,S0039351,C03137,Bengaluru,Women Ethnic,Paid Search,control,1413,10,1
O002171,2026-04-25,S0039375,C02989,Mumbai,Beauty,Push,free_shipping_nudge,530,25,5
O002172,2026-04-25,S0039381,C01667,Hyderabad,Men Casual,Affiliate,free_shipping_nudge,1913,20,1
O002173,2026-04-26,S0039414,C02395,Lucknow,Footwear,Affiliate,control,2974,15,5
O002174,2026-04-26,S0039421,C01552,Mumbai,Beauty,Organic,control,916,30,5
O002175,2026-04-26,S0039428,C02559,Lucknow,Men Casual,Paid Search,free_shipping_nudge,1642,0,2
O002176,2026-04-26,S0039431,C01575,Hyderabad,Men Casual,Organic,free_shipping_nudge,1414,5,5
O002177,2026-04-26,S0039441,C02870,Indore,Men Casual,Paid Search,control,2710,20,2
O002178,2026-04-26,S0039476,C04516,Delhi NCR,Women Ethnic,Organic,free_shipping_nudge,2711,10,3
O002179,2026-04-26,S0039492,C00831,Bengaluru,Men Casual,Influencer,control,1718,25,1
O002180,2026-04-26,S0039521,C02116,Bengaluru,Beauty,Organic,free_shipping_nudge,1035,15,2
O002181,2026-04-26,S0039535,C03551,Mumbai,Women Ethnic,Push,control,1929,15,4
O002182,2026-04-26,S0039554,C02796,Pune,Men Casual,Organic,control,1519,0,6
O002183,2026-04-26,S0039559,C00737,Bengaluru,Men Casual,Affiliate,free_shipping_nudge,1286,15,6
O002184,2026-04-26,S0039594,C00752,Jaipur,Kids,Push,free_shipping_nudge,1150,10,5
O002185,2026-04-26,S0039614,C03733,Mumbai,Women Ethnic,Organic,free_shipping_nudge,1905,10,3
O002186,2026-04-26,S0039619,C03501,Indore,Women Ethnic,Influencer,control,2001,20,1
O002187,2026-04-26,S0039679,C03204,Hyderabad,Kids,Push,control,883,0,1
O002188,2026-04-26,S0039701,C00099,Mumbai,Women Ethnic,Organic,control,1235,30,6
O002189,2026-04-26,S0039721,C00839,Bengaluru,Men Casual,Influencer,control,1673,15,6
O002190,2026-04-26,S0039730,C03926,Mumbai,Men Casual,Influencer,free_shipping_nudge,2409,0,2
O002191,2026-04-26,S0039738,C01381,Pune,Men Casual,Push,free_shipping_nudge,2025,25,1
O002192,2026-04-27,S0039749,C02702,Delhi NCR,Men Casual,Organic,control,831,0,3
O002193,2026-04-27,S0039785,C02654,Bengaluru,Beauty,Paid Search,free_shipping_nudge,861,0,6
O002194,2026-04-27,S0039867,C00043,Indore,Beauty,Influencer,control,1210,25,6
O002195,2026-04-27,S0039893,C03353,Delhi NCR,Kids,Push,control,948,20,5
O002196,2026-04-27,S0039903,C01927,Jaipur,Women Ethnic,Push,free_shipping_nudge,2089,25,1
O002197,2026-04-27,S0039915,C01832,Indore,Beauty,Push,free_shipping_nudge,1473,30,1
O002198,2026-04-27,S0039918,C01629,Bengaluru,Beauty,Influencer,control,1280,5,4
O002199,2026-04-27,S0039920,C00392,Bengaluru,Women Ethnic,Organic,free_shipping_nudge,1800,25,5
O002200,2026-04-27,S0039962,C00362,Hyderabad,Men Casual,Organic,free_shipping_nudge,1224,20,4
O002201,2026-04-27,S0039969,C04333,Jaipur,Footwear,Influencer,free_shipping_nudge,1713,25,2
O002202,2026-04-27,S0040041,C02655,Indore,Women Ethnic,Influencer,free_shipping_nudge,1572,0,3
O002203,2026-04-28,S0040052,C00498,Jaipur,Men Casual,Organic,control,1320,25,6
O002204,2026-04-28,S0040061,C02399,Jaipur,Beauty,Organic,free_shipping_nudge,659,30,2
O002205,2026-04-28,S0040064,C01651,Jaipur,Women Ethnic,Push,free_shipping_nudge,1576,25,6
O002206,2026-04-28,S0040089,C04143,Delhi NCR,Women Ethnic,Influencer,control,469,0,4
O002207,2026-04-28,S0040093,C02925,Mumbai,Men Casual,Influencer,control,1248,10,6
O002208,2026-04-28,S0040097,C04139,Jaipur,Beauty,Affiliate,free_shipping_nudge,880,20,5
O002209,2026-04-28,S0040118,C02970,Jaipur,Kids,Paid Search,control,786,20,1
O002210,2026-04-28,S0040119,C01294,Hyderabad,Kids,Paid Search,control,1161,30,1
O002211,2026-04-28,S0040130,C00390,Jaipur,Women Ethnic,Influencer,free_shipping_nudge,1992,20,4
O002212,2026-04-28,S0040133,C04915,Lucknow,Beauty,Organic,free_shipping_nudge,598,30,4
O002213,2026-04-28,S0040167,C01367,Pune,Women Ethnic,Organic,control,1107,30,6
O002214,2026-04-28,S0040170,C00604,Mumbai,Women Ethnic,Organic,free_shipping_nudge,1789,5,5
O002215,2026-04-28,S0040190,C00814,Pune,Men Casual,Paid Search,control,1652,20,4
O002216,2026-04-28,S0040198,C00062,Bengaluru,Men Casual,Organic,control,1615,15,5
O002217,2026-04-28,S0040200,C04072,Delhi NCR,Beauty,Organic,control,1266,15,5
O002218,2026-04-28,S0040293,C00024,Delhi NCR,Beauty,Influencer,control,620,20,3
O002219,2026-04-28,S0040329,C04602,Hyderabad,Women Ethnic,Organic,free_shipping_nudge,2610,0,5
O002220,2026-04-29,S0040369,C04165,Pune,Beauty,Paid Search,control,1479,15,3
O002221,2026-04-29,S0040386,C00425,Bengaluru,Kids,Push,control,1520,5,4
O002222,2026-04-29,S0040390,C04626,Indore,Men Casual,Paid Search,free_shipping_nudge,1503,30,6
O002223,2026-04-29,S0040408,C05117,Indore,Women Ethnic,Organic,free_shipping_nudge,2592,5,6
O002224,2026-04-29,S0040417,C03136,Lucknow,Beauty,Paid Search,free_shipping_nudge,913,0,2
O002225,2026-04-29,S0040441,C04952,Delhi NCR,Men Casual,Organic,control,1639,25,1
O002226,2026-04-29,S0040503,C03631,Bengaluru,Beauty,Paid Search,free_shipping_nudge,1259,25,1
O002227,2026-04-29,S0040575,C04140,Lucknow,Kids,Influencer,control,1225,0,6
O002228,2026-04-29,S0040583,C04808,Pune,Women Ethnic,Organic,control,1171,5,6
O002229,2026-04-29,S0040584,C01243,Delhi NCR,Kids,Organic,free_shipping_nudge,1280,0,6
O002230,2026-04-29,S0040604,C02698,Delhi NCR,Men Casual,Organic,control,1020,25,6
O002231,2026-04-29,S0040619,C02705,Mumbai,Men Casual,Organic,free_shipping_nudge,1254,30,2
O002232,2026-04-29,S0040647,C01979,Jaipur,Women Ethnic,Organic,control,2391,25,6
O002233,2026-04-30,S0040665,C04606,Lucknow,Beauty,Organic,free_shipping_nudge,1349,20,5
O002234,2026-04-30,S0040670,C03241,Hyderabad,Men Casual,Push,free_shipping_nudge,1613,25,1
O002235,2026-04-30,S0040710,C04546,Hyderabad,Men Casual,Organic,free_shipping_nudge,1335,30,1
O002236,2026-04-30,S0040714,C01803,Bengaluru,Women Ethnic,Paid Search,control,939,10,5
O002237,2026-04-30,S0040715,C03181,Delhi NCR,Men Casual,Paid Search,free_shipping_nudge,1395,30,4
O002238,2026-04-30,S0040768,C02369,Indore,Men Casual,Organic,free_shipping_nudge,1358,30,2
O002239,2026-04-30,S0040788,C05091,Mumbai,Kids,Organic,free_shipping_nudge,321,20,4
O002240,2026-04-30,S0040791,C00134,Bengaluru,Women Ethnic,Influencer,free_shipping_nudge,1731,25,3
O002241,2026-04-30,S0040800,C00918,Delhi NCR,Kids,Organic,control,1123,20,6
O002242,2026-04-30,S0040855,C02743,Bengaluru,Women Ethnic,Push,control,749,15,5
O002243,2026-04-30,S0040876,C02922,Mumbai,Beauty,Organic,free_shipping_nudge,1053,10,1
O002244,2026-04-30,S0040882,C04992,Pune,Beauty,Affiliate,free_shipping_nudge,973,20,4
O002245,2026-04-30,S0040903,C04847,Mumbai,Kids,Paid Search,control,1815,15,2
O002246,2026-04-30,S0040909,C02280,Mumbai,Beauty,Organic,control,1050,10,5
O002247,2026-04-30,S0040931,C00814,Pune,Women Ethnic,Push,control,2020,0,4
O002248,2026-05-01,S0040960,C01688,Bengaluru,Men Casual,Influencer,free_shipping_nudge,1733,0,2
O002249,2026-05-01,S0040962,C01013,Indore,Men Casual,Organic,control,1570,15,1
O002250,2026-05-01,S0040972,C04634,Lucknow,Women Ethnic,Push,free_shipping_nudge,1789,5,4
O002251,2026-05-01,S0041012,C00730,Mumbai,Women Ethnic,Affiliate,free_shipping_nudge,1769,15,4
O002252,2026-05-01,S0041067,C00760,Hyderabad,Footwear,Paid Search,free_shipping_nudge,2412,0,1
O002253,2026-05-01,S0041080,C04833,Hyderabad,Women Ethnic,Organic,control,1893,20,4
O002254,2026-05-01,S0041085,C04201,Jaipur,Men Casual,Paid Search,free_shipping_nudge,1716,5,4
O002255,2026-05-01,S0041111,C03498,Indore,Men Casual,Influencer,control,1970,5,3
O002256,2026-05-01,S0041171,C04460,Indore,Men Casual,Paid Search,control,1095,20,6
O002257,2026-05-01,S0041178,C02956,Mumbai,Kids,Organic,free_shipping_nudge,1473,10,5
O002258,2026-05-01,S0041212,C04438,Jaipur,Kids,Influencer,control,1363,20,2
O002259,2026-05-01,S0041276,C03938,Bengaluru,Men Casual,Paid Search,free_shipping_nudge,2290,10,4
O002260,2026-05-01,S0041277,C03115,Jaipur,Kids,Paid Search,control,1512,20,3
O002261,2026-05-01,S0041297,C00114,Bengaluru,Kids,Organic,free_shipping_nudge,1410,15,3
O002262,2026-05-02,S0041312,C03905,Hyderabad,Beauty,Influencer,control,1261,10,1
O002263,2026-05-02,S0041371,C00729,Jaipur,Beauty,Push,control,1293,5,3
O002264,2026-05-02,S0041405,C04051,Hyderabad,Women Ethnic,Organic,free_shipping_nudge,2174,25,6
O002265,2026-05-02,S0041416,C01770,Pune,Women Ethnic,Organic,free_shipping_nudge,1908,25,6
O002266,2026-05-02,S0041436,C03353,Delhi NCR,Beauty,Organic,free_shipping_nudge,1150,0,6
O002267,2026-05-02,S0041471,C03330,Hyderabad,Footwear,Influencer,free_shipping_nudge,1536,20,1
O002268,2026-05-02,S0041479,C01442,Bengaluru,Footwear,Paid Search,free_shipping_nudge,1821,10,3
O002269,2026-05-02,S0041495,C00316,Lucknow,Kids,Organic,control,1408,10,1
O002270,2026-05-02,S0041497,C01754,Indore,Beauty,Push,control,1033,0,5
O002271,2026-05-02,S0041507,C00338,Bengaluru,Men Casual,Paid Search,free_shipping_nudge,1270,20,3
O002272,2026-05-02,S0041513,C00030,Mumbai,Footwear,Paid Search,free_shipping_nudge,2265,0,1
O002273,2026-05-02,S0041518,C00450,Hyderabad,Women Ethnic,Affiliate,free_shipping_nudge,1884,20,1
O002274,2026-05-02,S0041524,C03968,Pune,Kids,Paid Search,free_shipping_nudge,1152,20,6
O002275,2026-05-02,S0041537,C00755,Delhi NCR,Women Ethnic,Paid Search,control,1798,25,6
O002276,2026-05-02,S0041545,C02092,Hyderabad,Women Ethnic,Influencer,free_shipping_nudge,1022,0,3
O002277,2026-05-02,S0041562,C03045,Hyderabad,Kids,Push,free_shipping_nudge,1110,20,3
O002278,2026-05-03,S0041572,C02548,Jaipur,Men Casual,Organic,control,1592,10,5
O002279,2026-05-03,S0041574,C02711,Bengaluru,Women Ethnic,Push,control,2095,30,2
O002280,2026-05-03,S0041583,C01085,Delhi NCR,Beauty,Organic,free_shipping_nudge,703,5,4
O002281,2026-05-03,S0041596,C04602,Hyderabad,Beauty,Paid Search,free_shipping_nudge,1479,30,6
O002282,2026-05-03,S0041612,C04585,Lucknow,Women Ethnic,Affiliate,free_shipping_nudge,1609,5,6
O002283,2026-05-03,S0041625,C00120,Lucknow,Women Ethnic,Push,free_shipping_nudge,2721,10,1
O002284,2026-05-03,S0041665,C01256,Delhi NCR,Kids,Affiliate,free_shipping_nudge,1774,25,6
O002285,2026-05-03,S0041666,C01436,Delhi NCR,Beauty,Push,control,632,30,2
O002286,2026-05-03,S0041708,C01849,Pune,Footwear,Influencer,free_shipping_nudge,2691,0,6
O002287,2026-05-03,S0041764,C00169,Lucknow,Kids,Affiliate,free_shipping_nudge,1557,10,1
O002288,2026-05-03,S0041767,C04866,Mumbai,Beauty,Organic,control,1073,5,6
O002289,2026-05-03,S0041794,C02184,Delhi NCR,Women Ethnic,Push,free_shipping_nudge,1829,10,6
O002290,2026-05-03,S0041815,C04078,Pune,Men Casual,Organic,control,1100,30,5
O002291,2026-05-03,S0041834,C04070,Bengaluru,Men Casual,Influencer,control,943,30,2
O002292,2026-05-03,S0041840,C03512,Pune,Men Casual,Affiliate,free_shipping_nudge,1886,25,6
O002293,2026-05-03,S0041907,C01040,Bengaluru,Footwear,Affiliate,free_shipping_nudge,2513,10,6
O002294,2026-05-03,S0041913,C03845,Delhi NCR,Kids,Organic,free_shipping_nudge,1397,0,3
O002295,2026-05-03,S0041927,C00331,Bengaluru,Men Casual,Organic,free_shipping_nudge,1781,5,4
O002296,2026-05-04,S0041982,C02246,Delhi NCR,Women Ethnic,Push,free_shipping_nudge,1869,15,1
O002297,2026-05-04,S0042015,C01186,Bengaluru,Men Casual,Organic,free_shipping_nudge,2315,15,3
O002298,2026-05-04,S0042045,C01211,Jaipur,Beauty,Paid Search,control,1666,5,1
O002299,2026-05-04,S0042057,C05008,Mumbai,Men Casual,Paid Search,control,1711,5,2
O002300,2026-05-04,S0042067,C03676,Hyderabad,Women Ethnic,Paid Search,free_shipping_nudge,2004,5,2
O002301,2026-05-04,S0042080,C02364,Pune,Men Casual,Influencer,control,1958,10,1
O002302,2026-05-04,S0042117,C04744,Lucknow,Men Casual,Paid Search,free_shipping_nudge,509,5,1
O002303,2026-05-04,S0042140,C01585,Jaipur,Footwear,Influencer,free_shipping_nudge,1995,5,3
O002304,2026-05-04,S0042141,C00309,Bengaluru,Footwear,Organic,free_shipping_nudge,2127,5,6
O002305,2026-05-04,S0042160,C03752,Delhi NCR,Men Casual,Paid Search,free_shipping_nudge,1874,20,3
O002306,2026-05-04,S0042203,C03093,Bengaluru,Beauty,Influencer,free_shipping_nudge,780,5,6
O002307,2026-05-04,S0042214,C04357,Hyderabad,Kids,Organic,free_shipping_nudge,884,30,1
O002308,2026-05-04,S0042216,C02647,Indore,Women Ethnic,Organic,free_shipping_nudge,2549,30,5
O002309,2026-05-04,S0042224,C02761,Delhi NCR,Women Ethnic,Organic,free_shipping_nudge,2529,25,5
O002310,2026-05-05,S0042233,C02331,Pune,Beauty,Push,control,1029,15,2
O002311,2026-05-05,S0042316,C00931,Mumbai,Women Ethnic,Organic,control,2496,15,1
O002312,2026-05-05,S0042340,C02663,Bengaluru,Women Ethnic,Organic,free_shipping_nudge,3047,20,4
O002313,2026-05-05,S0042376,C03730,Bengaluru,Beauty,Push,free_shipping_nudge,753,5,2
O002314,2026-05-05,S0042465,C04369,Jaipur,Men Casual,Push,control,1767,30,5
O002315,2026-05-05,S0042487,C01017,Pune,Women Ethnic,Influencer,free_shipping_nudge,1594,30,5
O002316,2026-05-05,S0042489,C00219,Hyderabad,Men Casual,Organic,control,1312,25,2
O002317,2026-05-05,S0042513,C02277,Delhi NCR,Men Casual,Paid Search,control,1806,15,6
O002318,2026-05-05,S0042516,C00263,Bengaluru,Men Casual,Paid Search,free_shipping_nudge,1254,0,3
O002319,2026-05-06,S0042523,C04373,Bengaluru,Men Casual,Paid Search,control,1225,20,4
O002320,2026-05-06,S0042540,C04259,Mumbai,Men Casual,Paid Search,control,1530,10,5
O002321,2026-05-06,S0042546,C04534,Hyderabad,Beauty,Paid Search,free_shipping_nudge,677,10,6
O002322,2026-05-06,S0042552,C00864,Indore,Beauty,Affiliate,free_shipping_nudge,1023,0,1
O002323,2026-05-06,S0042582,C03609,Lucknow,Women Ethnic,Influencer,control,1894,30,1
O002324,2026-05-06,S0042602,C03048,Bengaluru,Beauty,Affiliate,free_shipping_nudge,909,15,1
O002325,2026-05-06,S0042680,C00220,Bengaluru,Beauty,Paid Search,free_shipping_nudge,681,25,4
O002326,2026-05-06,S0042700,C04377,Bengaluru,Men Casual,Organic,control,2520,20,1
O002327,2026-05-06,S0042714,C01404,Hyderabad,Kids,Organic,control,1799,10,4
O002328,2026-05-06,S0042778,C01418,Hyderabad,Women Ethnic,Push,free_shipping_nudge,2144,10,4
O002329,2026-05-06,S0042781,C02519,Pune,Beauty,Organic,control,843,5,6
O002330,2026-05-06,S0042791,C02158,Hyderabad,Beauty,Paid Search,free_shipping_nudge,1064,30,4
O002331,2026-05-07,S0042813,C02447,Hyderabad,Beauty,Paid Search,control,530,10,5
O002332,2026-05-07,S0042826,C04800,Lucknow,Women Ethnic,Organic,control,2142,5,4
O002333,2026-05-07,S0042829,C04600,Hyderabad,Women Ethnic,Push,free_shipping_nudge,2048,5,1
O002334,2026-05-07,S0042832,C02819,Mumbai,Women Ethnic,Organic,free_shipping_nudge,1892,10,6
O002335,2026-05-07,S0042884,C04886,Bengaluru,Women Ethnic,Paid Search,control,2436,25,5
O002336,2026-05-07,S0042886,C03584,Bengaluru,Kids,Influencer,free_shipping_nudge,1437,25,1
O002337,2026-05-07,S0042907,C04084,Delhi NCR,Beauty,Influencer,free_shipping_nudge,1009,15,5
O002338,2026-05-07,S0042910,C04919,Delhi NCR,Women Ethnic,Affiliate,free_shipping_nudge,2547,30,5
O002339,2026-05-07,S0042921,C03016,Bengaluru,Footwear,Paid Search,free_shipping_nudge,3549,25,3
O002340,2026-05-07,S0042928,C00315,Bengaluru,Men Casual,Paid Search,free_shipping_nudge,1488,30,4
O002341,2026-05-07,S0042954,C03626,Mumbai,Kids,Paid Search,free_shipping_nudge,1277,0,3
O002342,2026-05-07,S0042983,C00343,Pune,Men Casual,Organic,free_shipping_nudge,1829,15,1
O002343,2026-05-07,S0043019,C01349,Delhi NCR,Women Ethnic,Affiliate,control,1603,10,5
O002344,2026-05-07,S0043025,C03959,Bengaluru,Beauty,Organic,free_shipping_nudge,370,5,2
O002345,2026-05-07,S0043039,C01352,Delhi NCR,Kids,Affiliate,control,1172,15,1
O002346,2026-05-07,S0043047,C01011,Hyderabad,Beauty,Paid Search,control,1267,30,5
O002347,2026-05-07,S0043055,C00283,Mumbai,Beauty,Paid Search,control,1233,5,4
O002348,2026-05-07,S0043072,C02066,Lucknow,Beauty,Push,control,858,25,3
O002349,2026-05-07,S0043074,C02570,Delhi NCR,Women Ethnic,Influencer,free_shipping_nudge,2050,0,3
O002350,2026-05-08,S0043080,C04834,Hyderabad,Women Ethnic,Organic,control,2024,0,2
O002351,2026-05-08,S0043106,C05197,Bengaluru,Men Casual,Push,control,2541,0,6
O002352,2026-05-08,S0043112,C02572,Pune,Footwear,Organic,free_shipping_nudge,1195,25,2
O002353,2026-05-08,S0043123,C04411,Pune,Women Ethnic,Organic,control,1638,20,4
O002354,2026-05-08,S0043137,C01240,Delhi NCR,Women Ethnic,Affiliate,control,1727,0,6
O002355,2026-05-08,S0043140,C03215,Bengaluru,Footwear,Push,control,2664,0,4
O002356,2026-05-08,S0043180,C00692,Mumbai,Kids,Organic,control,1600,30,6
O002357,2026-05-08,S0043213,C04597,Bengaluru,Footwear,Organic,control,2558,20,1
O002358,2026-05-08,S0043224,C04385,Delhi NCR,Women Ethnic,Influencer,control,1671,5,1
O002359,2026-05-08,S0043274,C03942,Bengaluru,Women Ethnic,Affiliate,control,1817,20,1
O002360,2026-05-08,S0043290,C01299,Hyderabad,Beauty,Paid Search,control,1252,15,4
O002361,2026-05-08,S0043292,C02459,Pune,Footwear,Organic,free_shipping_nudge,1732,25,3
O002362,2026-05-08,S0043304,C03253,Bengaluru,Men Casual,Organic,control,1250,10,3
O002363,2026-05-08,S0043314,C04844,Jaipur,Men Casual,Paid Search,control,1609,15,2
O002364,2026-05-08,S0043315,C00987,Hyderabad,Footwear,Push,free_shipping_nudge,1963,20,5
O002365,2026-05-08,S0043327,C05124,Hyderabad,Footwear,Push,control,3093,20,2
O002366,2026-05-08,S0043331,C00879,Hyderabad,Women Ethnic,Paid Search,free_shipping_nudge,2138,30,6
O002367,2026-05-09,S0043407,C01836,Delhi NCR,Footwear,Paid Search,control,2170,20,6
O002368,2026-05-09,S0043425,C01686,Jaipur,Women Ethnic,Paid Search,control,2256,30,4
O002369,2026-05-09,S0043459,C04654,Lucknow,Beauty,Paid Search,free_shipping_nudge,1075,0,1
O002370,2026-05-09,S0043460,C02549,Mumbai,Kids,Organic,control,1422,5,2
O002371,2026-05-09,S0043614,C00469,Hyderabad,Women Ethnic,Paid Search,free_shipping_nudge,1967,5,5
O002372,2026-05-09,S0043641,C04393,Indore,Men Casual,Influencer,control,1190,20,2
O002373,2026-05-10,S0043678,C00971,Delhi NCR,Beauty,Affiliate,control,686,20,2
O002374,2026-05-10,S0043688,C05022,Delhi NCR,Kids,Organic,free_shipping_nudge,1227,30,5
O002375,2026-05-10,S0043713,C01346,Mumbai,Beauty,Paid Search,control,1223,10,6
O002376,2026-05-10,S0043716,C02063,Mumbai,Footwear,Influencer,free_shipping_nudge,2137,25,3
O002377,2026-05-10,S0043720,C00518,Pune,Beauty,Paid Search,free_shipping_nudge,831,10,6
O002378,2026-05-10,S0043762,C02044,Indore,Footwear,Influencer,free_shipping_nudge,2114,25,1
O002379,2026-05-10,S0043767,C03355,Hyderabad,Women Ethnic,Paid Search,free_shipping_nudge,1689,5,3
O002380,2026-05-10,S0043795,C02033,Indore,Women Ethnic,Push,control,838,30,5
O002381,2026-05-10,S0043801,C03146,Bengaluru,Women Ethnic,Paid Search,free_shipping_nudge,1399,25,3
O002382,2026-05-10,S0043817,C02376,Pune,Beauty,Paid Search,free_shipping_nudge,853,30,1
O002383,2026-05-10,S0043820,C01348,Mumbai,Beauty,Paid Search,free_shipping_nudge,1127,25,4
O002384,2026-05-10,S0043821,C03482,Mumbai,Beauty,Organic,control,787,0,5
O002385,2026-05-10,S0043828,C00482,Lucknow,Beauty,Affiliate,control,811,15,4
O002386,2026-05-10,S0043831,C02248,Delhi NCR,Kids,Push,control,970,20,6
O002387,2026-05-10,S0043864,C04060,Mumbai,Men Casual,Paid Search,control,1653,0,2
O002388,2026-05-10,S0043894,C04763,Mumbai,Beauty,Influencer,control,760,5,1
O002389,2026-05-10,S0043896,C02486,Pune,Beauty,Paid Search,control,615,20,4
O002390,2026-05-10,S0043898,C00252,Bengaluru,Men Casual,Influencer,free_shipping_nudge,1987,20,4
O002391,2026-05-10,S0043915,C04287,Indore,Beauty,Paid Search,free_shipping_nudge,1444,10,6
O002392,2026-05-10,S0043967,C04535,Hyderabad,Men Casual,Influencer,control,1192,10,5
O002393,2026-05-10,S0043985,C04829,Bengaluru,Beauty,Organic,control,607,0,4
O002394,2026-05-10,S0044018,C04001,Delhi NCR,Beauty,Influencer,free_shipping_nudge,1008,20,3
O002395,2026-05-10,S0044026,C02102,Indore,Men Casual,Push,control,1885,0,2
O002396,2026-05-10,S0044028,C00121,Pune,Women Ethnic,Paid Search,free_shipping_nudge,1283,0,6
O002397,2026-05-11,S0044045,C00418,Delhi NCR,Footwear,Organic,free_shipping_nudge,1849,0,5
O002398,2026-05-11,S0044107,C04487,Hyderabad,Women Ethnic,Paid Search,control,2364,30,5
O002399,2026-05-11,S0044108,C05066,Mumbai,Men Casual,Organic,control,1500,25,3
O002400,2026-05-11,S0044122,C01694,Delhi NCR,Women Ethnic,Organic,control,1833,20,1
O002401,2026-05-11,S0044137,C03753,Lucknow,Women Ethnic,Influencer,control,1845,10,1
O002402,2026-05-11,S0044173,C02775,Indore,Footwear,Push,free_shipping_nudge,2429,10,5
O002403,2026-05-11,S0044179,C03974,Delhi NCR,Kids,Paid Search,free_shipping_nudge,1413,25,4
O002404,2026-05-11,S0044214,C01328,Delhi NCR,Women Ethnic,Push,control,2181,15,2
O002405,2026-05-11,S0044222,C05099,Hyderabad,Beauty,Paid Search,control,1226,0,1
O002406,2026-05-11,S0044228,C03919,Delhi NCR,Beauty,Push,free_shipping_nudge,920,20,6
O002407,2026-05-11,S0044233,C00759,Jaipur,Men Casual,Paid Search,control,1230,0,6
O002408,2026-05-11,S0044237,C04256,Jaipur,Women Ethnic,Influencer,free_shipping_nudge,1638,20,1
O002409,2026-05-11,S0044250,C03584,Bengaluru,Footwear,Organic,control,2872,30,5
O002410,2026-05-11,S0044273,C03903,Bengaluru,Women Ethnic,Paid Search,free_shipping_nudge,1300,0,5
O002411,2026-05-12,S0044318,C01910,Bengaluru,Footwear,Paid Search,control,3313,5,3
O002412,2026-05-12,S0044336,C04614,Mumbai,Men Casual,Organic,free_shipping_nudge,1704,10,6
O002413,2026-05-12,S0044370,C04958,Mumbai,Beauty,Push,free_shipping_nudge,1157,0,6
O002414,2026-05-12,S0044403,C04295,Delhi NCR,Women Ethnic,Affiliate,free_shipping_nudge,1639,5,1
O002415,2026-05-12,S0044405,C03646,Bengaluru,Beauty,Affiliate,control,470,30,3
O002416,2026-05-12,S0044409,C01893,Indore,Footwear,Affiliate,control,1753,15,3
O002417,2026-05-12,S0044482,C00710,Delhi NCR,Beauty,Paid Search,control,792,0,6
O002418,2026-05-12,S0044512,C05154,Hyderabad,Women Ethnic,Paid Search,free_shipping_nudge,1327,0,6
O002419,2026-05-12,S0044530,C03799,Bengaluru,Men Casual,Influencer,free_shipping_nudge,1925,5,6
O002420,2026-05-12,S0044555,C02113,Bengaluru,Men Casual,Paid Search,free_shipping_nudge,1413,20,3
O002421,2026-05-12,S0044598,C04081,Jaipur,Men Casual,Affiliate,free_shipping_nudge,1382,15,2
O002422,2026-05-12,S0044604,C02505,Delhi NCR,Beauty,Paid Search,control,1317,0,2
O002423,2026-05-12,S0044607,C02452,Hyderabad,Women Ethnic,Affiliate,free_shipping_nudge,1727,30,3
O002424,2026-05-13,S0044641,C03045,Hyderabad,Kids,Affiliate,free_shipping_nudge,1146,0,2
O002425,2026-05-13,S0044650,C01762,Bengaluru,Beauty,Paid Search,control,1020,0,5
O002426,2026-05-13,S0044653,C01729,Delhi NCR,Women Ethnic,Push,free_shipping_nudge,2496,25,4
O002427,2026-05-13,S0044665,C02525,Bengaluru,Men Casual,Organic,free_shipping_nudge,1630,20,1
O002428,2026-05-13,S0044668,C02008,Hyderabad,Women Ethnic,Paid Search,free_shipping_nudge,1736,10,2
O002429,2026-05-13,S0044700,C00272,Jaipur,Footwear,Organic,control,2029,10,3
O002430,2026-05-13,S0044713,C00233,Delhi NCR,Women Ethnic,Affiliate,control,1757,20,2
O002431,2026-05-13,S0044722,C00674,Indore,Men Casual,Paid Search,control,1557,25,3
O002432,2026-05-13,S0044723,C02597,Hyderabad,Beauty,Organic,free_shipping_nudge,795,0,2
O002433,2026-05-13,S0044724,C03508,Hyderabad,Beauty,Organic,control,1011,20,2
O002434,2026-05-13,S0044729,C04874,Pune,Women Ethnic,Influencer,free_shipping_nudge,1720,20,5
O002435,2026-05-13,S0044734,C01454,Delhi NCR,Men Casual,Paid Search,free_shipping_nudge,1850,25,5
O002436,2026-05-13,S0044738,C02757,Jaipur,Men Casual,Influencer,free_shipping_nudge,1526,0,6
O002437,2026-05-13,S0044789,C03428,Hyderabad,Men Casual,Paid Search,free_shipping_nudge,2781,0,6
O002438,2026-05-13,S0044860,C04438,Jaipur,Men Casual,Paid Search,control,2881,0,6
O002439,2026-05-13,S0044862,C04590,Bengaluru,Men Casual,Organic,free_shipping_nudge,2762,15,4
O002440,2026-05-14,S0044900,C00244,Bengaluru,Kids,Organic,free_shipping_nudge,1510,25,4
O002441,2026-05-14,S0044927,C03650,Bengaluru,Kids,Push,free_shipping_nudge,1161,15,2
O002442,2026-05-14,S0044970,C03704,Bengaluru,Women Ethnic,Paid Search,control,1335,30,4
O002443,2026-05-14,S0044982,C01021,Delhi NCR,Kids,Paid Search,free_shipping_nudge,1755,30,5
O002444,2026-05-14,S0044985,C01231,Delhi NCR,Men Casual,Influencer,free_shipping_nudge,2046,25,6
O002445,2026-05-14,S0044992,C01547,Delhi NCR,Men Casual,Organic,free_shipping_nudge,1809,0,5
O002446,2026-05-14,S0045029,C04008,Delhi NCR,Women Ethnic,Influencer,control,1990,15,6
O002447,2026-05-14,S0045036,C00646,Delhi NCR,Women Ethnic,Organic,control,881,25,4
O002448,2026-05-14,S0045046,C03725,Bengaluru,Women Ethnic,Paid Search,control,2188,25,5
O002449,2026-05-14,S0045056,C00848,Delhi NCR,Beauty,Organic,control,521,25,5
O002450,2026-05-14,S0045059,C02684,Pune,Women Ethnic,Paid Search,control,1691,10,6
O002451,2026-05-14,S0045069,C01534,Bengaluru,Kids,Push,free_shipping_nudge,1578,20,2
O002452,2026-05-14,S0045095,C01855,Bengaluru,Men Casual,Push,control,1998,25,1
O002453,2026-05-14,S0045105,C01500,Bengaluru,Beauty,Paid Search,control,897,30,4
O002454,2026-05-14,S0045122,C04240,Delhi NCR,Beauty,Organic,control,578,10,1
O002455,2026-05-15,S0045183,C03210,Bengaluru,Women Ethnic,Organic,free_shipping_nudge,1676,30,4
O002456,2026-05-15,S0045188,C03612,Jaipur,Men Casual,Push,free_shipping_nudge,1512,15,4
O002457,2026-05-15,S0045215,C04265,Lucknow,Kids,Affiliate,free_shipping_nudge,1772,5,6
O002458,2026-05-15,S0045245,C02057,Delhi NCR,Women Ethnic,Paid Search,control,2360,0,2
O002459,2026-05-15,S0045246,C02383,Delhi NCR,Men Casual,Influencer,free_shipping_nudge,1378,20,5
O002460,2026-05-15,S0045261,C03283,Bengaluru,Footwear,Organic,free_shipping_nudge,2564,30,4
O002461,2026-05-15,S0045285,C03567,Delhi NCR,Beauty,Organic,control,674,15,5
O002462,2026-05-15,S0045303,C00128,Delhi NCR,Footwear,Organic,free_shipping_nudge,2209,10,5
O002463,2026-05-15,S0045306,C04592,Bengaluru,Beauty,Affiliate,free_shipping_nudge,649,30,6
O002464,2026-05-15,S0045330,C02258,Hyderabad,Beauty,Paid Search,control,1074,15,2
O002465,2026-05-15,S0045343,C01905,Hyderabad,Men Casual,Organic,free_shipping_nudge,1114,15,1
O002466,2026-05-15,S0045345,C02001,Bengaluru,Beauty,Influencer,free_shipping_nudge,1839,5,4
O002467,2026-05-15,S0045348,C01133,Pune,Men Casual,Organic,free_shipping_nudge,1615,25,6
O002468,2026-05-15,S0045350,C01846,Jaipur,Footwear,Push,free_shipping_nudge,2115,25,4
O002469,2026-05-15,S0045356,C04655,Hyderabad,Beauty,Affiliate,control,1222,5,1
O002470,2026-05-15,S0045364,C04005,Bengaluru,Women Ethnic,Organic,free_shipping_nudge,2662,20,4
O002471,2026-05-15,S0045366,C01151,Hyderabad,Footwear,Organic,free_shipping_nudge,2078,25,3
O002472,2026-05-15,S0045375,C03713,Bengaluru,Women Ethnic,Organic,free_shipping_nudge,958,20,5
O002473,2026-05-15,S0045404,C00343,Pune,Men Casual,Paid Search,free_shipping_nudge,1349,20,5
O002474,2026-05-15,S0045429,C02682,Bengaluru,Women Ethnic,Organic,free_shipping_nudge,2519,25,5
O002475,2026-05-15,S0045444,C04510,Bengaluru,Footwear,Organic,free_shipping_nudge,2577,5,2
O002476,2026-05-15,S0045471,C04547,Mumbai,Beauty,Organic,free_shipping_nudge,894,15,5
O002477,2026-05-16,S0045495,C01428,Lucknow,Kids,Organic,control,695,5,4
O002478,2026-05-16,S0045518,C04988,Bengaluru,Men Casual,Paid Search,control,2027,30,6
O002479,2026-05-16,S0045519,C01368,Delhi NCR,Women Ethnic,Influencer,control,1808,10,3
O002480,2026-05-16,S0045539,C02751,Jaipur,Kids,Organic,control,936,10,5
O002481,2026-05-16,S0045572,C01944,Bengaluru,Kids,Influencer,free_shipping_nudge,1578,20,6
O002482,2026-05-16,S0045588,C01827,Pune,Men Casual,Organic,free_shipping_nudge,2052,25,5
O002483,2026-05-16,S0045622,C02604,Lucknow,Beauty,Influencer,control,677,5,6
O002484,2026-05-16,S0045627,C03674,Bengaluru,Beauty,Organic,free_shipping_nudge,1204,20,1
O002485,2026-05-16,S0045628,C00800,Mumbai,Kids,Organic,free_shipping_nudge,652,5,1
O002486,2026-05-16,S0045640,C02418,Bengaluru,Footwear,Push,control,720,30,3
O002487,2026-05-16,S0045644,C03397,Pune,Women Ethnic,Influencer,free_shipping_nudge,2355,25,6
O002488,2026-05-16,S0045664,C03798,Delhi NCR,Women Ethnic,Organic,free_shipping_nudge,1538,0,5
O002489,2026-05-16,S0045691,C00888,Mumbai,Beauty,Influencer,free_shipping_nudge,904,20,2
O002490,2026-05-16,S0045703,C03802,Lucknow,Men Casual,Influencer,free_shipping_nudge,1423,20,1
O002491,2026-05-16,S0045731,C04605,Indore,Men Casual,Influencer,control,1305,25,1
O002492,2026-05-16,S0045743,C05052,Mumbai,Beauty,Paid Search,control,980,0,5
O002493,2026-05-16,S0045747,C01163,Delhi NCR,Beauty,Affiliate,control,546,5,6
O002494,2026-05-16,S0045796,C03231,Lucknow,Women Ethnic,Organic,free_shipping_nudge,2053,0,6
O002495,2026-05-16,S0045816,C03504,Pune,Men Casual,Paid Search,control,2590,10,1
O002496,2026-05-17,S0045846,C03130,Delhi NCR,Footwear,Influencer,control,2277,25,2
O002497,2026-05-17,S0045887,C01925,Jaipur,Women Ethnic,Paid Search,control,1376,25,6
O002498,2026-05-17,S0045888,C03999,Pune,Women Ethnic,Paid Search,free_shipping_nudge,2019,10,2
O002499,2026-05-17,S0045904,C04562,Delhi NCR,Women Ethnic,Affiliate,control,1166,10,6
O002500,2026-05-17,S0045933,C01623,Bengaluru,Beauty,Paid Search,free_shipping_nudge,1064,20,4
O002501,2026-05-17,S0045939,C02502,Pune,Women Ethnic,Push,free_shipping_nudge,1790,25,5
O002502,2026-05-17,S0045968,C03711,Hyderabad,Men Casual,Organic,free_shipping_nudge,1017,0,1
O002503,2026-05-17,S0046003,C02378,Bengaluru,Kids,Organic,control,589,30,6
O002504,2026-05-17,S0046044,C02169,Bengaluru,Women Ethnic,Influencer,control,1485,5,3
O002505,2026-05-17,S0046047,C03438,Bengaluru,Kids,Influencer,free_shipping_nudge,723,15,6
O002506,2026-05-17,S0046049,C02794,Lucknow,Men Casual,Organic,free_shipping_nudge,963,30,6
O002507,2026-05-17,S0046064,C03737,Indore,Women Ethnic,Organic,free_shipping_nudge,2834,30,4
O002508,2026-05-17,S0046077,C04363,Hyderabad,Men Casual,Paid Search,free_shipping_nudge,1186,5,3
O002509,2026-05-17,S0046102,C04652,Indore,Men Casual,Affiliate,control,1370,15,4
O002510,2026-05-17,S0046112,C03800,Indore,Kids,Organic,control,1142,5,6
O002511,2026-05-17,S0046130,C04936,Bengaluru,Men Casual,Influencer,free_shipping_nudge,1740,30,5
O002512,2026-05-17,S0046158,C02469,Bengaluru,Beauty,Organic,control,886,25,5
O002513,2026-05-17,S0046178,C02774,Mumbai,Men Casual,Affiliate,free_shipping_nudge,2944,0,4
O002514,2026-05-17,S0046189,C03315,Bengaluru,Men Casual,Influencer,free_shipping_nudge,1876,20,6
O002515,2026-05-18,S0046205,C00123,Lucknow,Men Casual,Paid Search,control,1306,15,3
O002516,2026-05-18,S0046214,C00835,Mumbai,Women Ethnic,Influencer,control,1312,15,5
O002517,2026-05-18,S0046225,C04623,Mumbai,Beauty,Organic,control,1388,5,3
O002518,2026-05-18,S0046258,C00825,Bengaluru,Women Ethnic,Influencer,free_shipping_nudge,2139,10,6
O002519,2026-05-18,S0046269,C01623,Bengaluru,Women Ethnic,Push,control,2145,15,1
O002520,2026-05-18,S0046310,C01392,Bengaluru,Women Ethnic,Organic,control,1456,30,3
O002521,2026-05-18,S0046340,C03178,Bengaluru,Women Ethnic,Push,free_shipping_nudge,2489,5,3
O002522,2026-05-18,S0046384,C02904,Hyderabad,Beauty,Influencer,free_shipping_nudge,806,25,3
O002523,2026-05-18,S0046390,C01217,Hyderabad,Men Casual,Influencer,free_shipping_nudge,1478,30,3
O002524,2026-05-18,S0046398,C02867,Bengaluru,Beauty,Organic,free_shipping_nudge,983,15,4
O002525,2026-05-18,S0046425,C03906,Indore,Men Casual,Organic,free_shipping_nudge,2098,0,3
O002526,2026-05-18,S0046430,C03522,Mumbai,Women Ethnic,Paid Search,control,2254,10,2
O002527,2026-05-18,S0046459,C00719,Pune,Beauty,Paid Search,free_shipping_nudge,684,15,5
O002528,2026-05-18,S0046462,C02163,Bengaluru,Footwear,Organic,free_shipping_nudge,1544,15,2
O002529,2026-05-18,S0046498,C02009,Jaipur,Women Ethnic,Influencer,free_shipping_nudge,2320,25,1
O002530,2026-05-18,S0046503,C00522,Mumbai,Women Ethnic,Organic,free_shipping_nudge,1597,10,6
O002531,2026-05-18,S0046506,C02391,Indore,Beauty,Organic,free_shipping_nudge,592,5,5
O002532,2026-05-18,S0046517,C01056,Bengaluru,Kids,Influencer,control,2001,5,5
O002533,2026-05-18,S0046520,C03372,Indore,Footwear,Push,control,1118,20,5
O002534,2026-05-19,S0046534,C01960,Bengaluru,Beauty,Affiliate,free_shipping_nudge,607,0,1
O002535,2026-05-19,S0046567,C03744,Jaipur,Women Ethnic,Push,free_shipping_nudge,727,25,3
O002536,2026-05-19,S0046587,C04388,Delhi NCR,Men Casual,Paid Search,control,1923,20,1
O002537,2026-05-19,S0046605,C00168,Mumbai,Men Casual,Paid Search,free_shipping_nudge,2021,15,6
O002538,2026-05-19,S0046610,C02855,Pune,Men Casual,Influencer,free_shipping_nudge,1863,5,3
O002539,2026-05-19,S0046614,C04921,Bengaluru,Footwear,Paid Search,free_shipping_nudge,990,15,1
O002540,2026-05-19,S0046664,C01293,Indore,Footwear,Push,free_shipping_nudge,2228,5,1
O002541,2026-05-19,S0046669,C01994,Hyderabad,Women Ethnic,Push,free_shipping_nudge,1239,30,2
O002542,2026-05-19,S0046674,C03681,Bengaluru,Footwear,Affiliate,free_shipping_nudge,2251,25,2
O002543,2026-05-19,S0046698,C05005,Mumbai,Men Casual,Paid Search,free_shipping_nudge,2208,5,3
O002544,2026-05-19,S0046725,C01507,Hyderabad,Women Ethnic,Paid Search,free_shipping_nudge,2397,5,4
O002545,2026-05-19,S0046728,C01286,Bengaluru,Women Ethnic,Organic,free_shipping_nudge,1506,10,5
O002546,2026-05-19,S0046736,C05185,Bengaluru,Men Casual,Organic,control,2189,10,5
O002547,2026-05-19,S0046745,C04907,Mumbai,Women Ethnic,Paid Search,free_shipping_nudge,2560,10,6
O002548,2026-05-19,S0046750,C04530,Indore,Beauty,Paid Search,free_shipping_nudge,1232,10,1
O002549,2026-05-19,S0046753,C04284,Hyderabad,Footwear,Paid Search,control,2626,25,3
O002550,2026-05-20,S0046778,C03094,Hyderabad,Men Casual,Organic,free_shipping_nudge,1303,10,4
O002551,2026-05-20,S0046796,C02006,Hyderabad,Women Ethnic,Paid Search,free_shipping_nudge,2511,25,2
O002552,2026-05-20,S0046807,C00966,Hyderabad,Women Ethnic,Organic,control,2721,10,3
O002553,2026-05-20,S0046848,C00003,Pune,Beauty,Push,control,824,20,6
O002554,2026-05-20,S0046863,C05022,Delhi NCR,Women Ethnic,Organic,free_shipping_nudge,1522,20,3
O002555,2026-05-20,S0046868,C01458,Mumbai,Women Ethnic,Affiliate,free_shipping_nudge,1176,10,1
O002556,2026-05-20,S0046874,C02046,Mumbai,Women Ethnic,Influencer,control,1577,5,6
O002557,2026-05-20,S0046879,C03643,Bengaluru,Women Ethnic,Influencer,free_shipping_nudge,2857,30,6
O002558,2026-05-20,S0046885,C04629,Hyderabad,Men Casual,Organic,control,2516,0,5
O002559,2026-05-20,S0046895,C01239,Bengaluru,Men Casual,Influencer,control,1689,10,2
O002560,2026-05-20,S0046912,C03837,Delhi NCR,Women Ethnic,Organic,free_shipping_nudge,1361,30,2
O002561,2026-05-20,S0046932,C01393,Pune,Beauty,Affiliate,control,1019,25,6
O002562,2026-05-20,S0046951,C00946,Indore,Women Ethnic,Organic,control,1789,0,6
O002563,2026-05-20,S0046958,C04471,Jaipur,Beauty,Organic,free_shipping_nudge,646,15,6
O002564,2026-05-20,S0046961,C02125,Bengaluru,Men Casual,Affiliate,free_shipping_nudge,1374,20,4
O002565,2026-05-20,S0046962,C02357,Mumbai,Women Ethnic,Paid Search,control,1312,20,1
O002566,2026-05-20,S0046995,C03189,Hyderabad,Men Casual,Influencer,free_shipping_nudge,1580,25,3
O002567,2026-05-20,S0047027,C00104,Delhi NCR,Beauty,Organic,free_shipping_nudge,776,5,5
O002568,2026-05-20,S0047037,C01506,Hyderabad,Women Ethnic,Push,free_shipping_nudge,2251,20,2
O002569,2026-05-20,S0047044,C02990,Delhi NCR,Beauty,Organic,control,762,0,4
O002570,2026-05-20,S0047050,C02326,Lucknow,Beauty,Paid Search,free_shipping_nudge,1377,5,1
O002571,2026-05-21,S0047104,C00960,Hyderabad,Beauty,Paid Search,control,852,0,3
O002572,2026-05-21,S0047152,C00155,Pune,Men Casual,Influencer,control,1871,0,5
O002573,2026-05-21,S0047155,C00096,Mumbai,Women Ethnic,Organic,control,771,0,3
O002574,2026-05-21,S0047165,C02215,Bengaluru,Kids,Push,control,1440,30,4
O002575,2026-05-21,S0047187,C00718,Hyderabad,Men Casual,Paid Search,free_shipping_nudge,1179,5,4
O002576,2026-05-21,S0047197,C01746,Jaipur,Women Ethnic,Paid Search,control,2149,0,5
O002577,2026-05-21,S0047223,C02226,Pune,Women Ethnic,Affiliate,free_shipping_nudge,1140,10,2
O002578,2026-05-21,S0047238,C04791,Pune,Beauty,Organic,control,821,0,1
O002579,2026-05-21,S0047239,C02208,Mumbai,Kids,Push,control,1219,10,5
O002580,2026-05-21,S0047243,C02248,Delhi NCR,Footwear,Influencer,free_shipping_nudge,2542,20,6
O002581,2026-05-21,S0047247,C01387,Jaipur,Men Casual,Organic,free_shipping_nudge,1966,15,4
O002582,2026-05-21,S0047249,C03752,Delhi NCR,Women Ethnic,Push,control,1556,30,4
O002583,2026-05-21,S0047257,C02467,Mumbai,Women Ethnic,Paid Search,control,2290,5,1
O002584,2026-05-21,S0047267,C01550,Delhi NCR,Footwear,Paid Search,control,1822,5,1
O002585,2026-05-21,S0047272,C00254,Delhi NCR,Kids,Affiliate,control,1476,0,4
O002586,2026-05-21,S0047273,C01392,Bengaluru,Men Casual,Paid Search,free_shipping_nudge,1951,30,1
O002587,2026-05-21,S0047275,C00137,Mumbai,Kids,Influencer,control,1203,25,1
O002588,2026-05-21,S0047298,C05196,Bengaluru,Beauty,Influencer,free_shipping_nudge,1194,10,3
O002589,2026-05-21,S0047355,C01395,Hyderabad,Kids,Paid Search,free_shipping_nudge,1084,5,6
O002590,2026-05-21,S0047361,C04711,Pune,Men Casual,Organic,free_shipping_nudge,1346,5,4
O002591,2026-05-22,S0047448,C04280,Mumbai,Women Ethnic,Organic,control,2697,0,5
O002592,2026-05-22,S0047474,C03828,Delhi NCR,Beauty,Paid Search,control,697,25,5
O002593,2026-05-22,S0047479,C02793,Bengaluru,Men Casual,Paid Search,free_shipping_nudge,1206,10,2
O002594,2026-05-22,S0047500,C00519,Mumbai,Women Ethnic,Organic,free_shipping_nudge,1698,30,6
O002595,2026-05-22,S0047517,C00558,Indore,Beauty,Affiliate,control,807,0,4
O002596,2026-05-22,S0047522,C02383,Delhi NCR,Women Ethnic,Organic,free_shipping_nudge,1836,25,1
O002597,2026-05-22,S0047544,C04606,Lucknow,Men Casual,Paid Search,control,1733,30,1
O002598,2026-05-22,S0047555,C03049,Delhi NCR,Men Casual,Push,free_shipping_nudge,2306,5,1
O002599,2026-05-22,S0047578,C02151,Mumbai,Women Ethnic,Paid Search,free_shipping_nudge,1816,0,6
O002600,2026-05-22,S0047604,C05142,Delhi NCR,Beauty,Paid Search,free_shipping_nudge,1023,25,6
O002601,2026-05-22,S0047608,C03043,Hyderabad,Beauty,Paid Search,control,1033,5,5
O002602,2026-05-22,S0047615,C01610,Delhi NCR,Footwear,Push,free_shipping_nudge,2500,0,1
O002603,2026-05-22,S0047622,C01314,Bengaluru,Beauty,Paid Search,control,1489,30,1
O002604,2026-05-22,S0047632,C01666,Bengaluru,Women Ethnic,Organic,free_shipping_nudge,1397,20,3
O002605,2026-05-22,S0047634,C02513,Lucknow,Men Casual,Push,free_shipping_nudge,1820,10,5
O002606,2026-05-22,S0047642,C04931,Lucknow,Men Casual,Push,free_shipping_nudge,1235,10,3
O002607,2026-05-22,S0047661,C01493,Indore,Women Ethnic,Push,free_shipping_nudge,2305,25,4
O002608,2026-05-22,S0047669,C04273,Lucknow,Women Ethnic,Push,free_shipping_nudge,1535,0,4
O002609,2026-05-22,S0047677,C03018,Delhi NCR,Men Casual,Push,free_shipping_nudge,2131,20,1
O002610,2026-05-22,S0047679,C00106,Bengaluru,Beauty,Affiliate,control,909,15,4
O002611,2026-05-23,S0047720,C03648,Pune,Women Ethnic,Push,free_shipping_nudge,2341,25,3
O002612,2026-05-23,S0047753,C01604,Mumbai,Women Ethnic,Influencer,free_shipping_nudge,1229,25,5
O002613,2026-05-23,S0047763,C02178,Hyderabad,Footwear,Influencer,free_shipping_nudge,2334,25,4
O002614,2026-05-23,S0047767,C00134,Bengaluru,Beauty,Organic,control,906,20,5
O002615,2026-05-23,S0047771,C00661,Hyderabad,Women Ethnic,Push,control,2105,20,4
O002616,2026-05-23,S0047783,C02874,Delhi NCR,Kids,Push,control,1883,20,4
O002617,2026-05-23,S0047784,C03753,Lucknow,Women Ethnic,Paid Search,control,2073,20,5
O002618,2026-05-23,S0047794,C00477,Lucknow,Beauty,Influencer,control,535,25,6
O002619,2026-05-23,S0047815,C04462,Bengaluru,Men Casual,Influencer,free_shipping_nudge,1558,5,6
O002620,2026-05-23,S0047821,C04746,Pune,Women Ethnic,Organic,free_shipping_nudge,2463,20,1
O002621,2026-05-23,S0047901,C04816,Pune,Beauty,Organic,control,1025,15,2
O002622,2026-05-23,S0047932,C02561,Lucknow,Men Casual,Push,control,2247,30,1
O002623,2026-05-24,S0047996,C04101,Indore,Footwear,Organic,control,894,0,5
O002624,2026-05-24,S0047999,C02858,Jaipur,Kids,Paid Search,free_shipping_nudge,923,5,1
O002625,2026-05-24,S0048013,C01039,Delhi NCR,Kids,Paid Search,free_shipping_nudge,1442,15,1
O002626,2026-05-24,S0048014,C05075,Bengaluru,Men Casual,Influencer,free_shipping_nudge,1887,15,6
O002627,2026-05-24,S0048023,C01755,Bengaluru,Footwear,Push,control,2695,30,5
O002628,2026-05-24,S0048092,C05064,Bengaluru,Women Ethnic,Push,free_shipping_nudge,1467,20,1
O002629,2026-05-24,S0048164,C02573,Hyderabad,Men Casual,Influencer,free_shipping_nudge,1183,30,1
O002630,2026-05-24,S0048166,C02369,Indore,Footwear,Organic,control,1693,20,6
O002631,2026-05-24,S0048168,C04349,Jaipur,Men Casual,Organic,control,2195,30,3
O002632,2026-05-24,S0048173,C00547,Jaipur,Men Casual,Organic,free_shipping_nudge,906,0,3
O002633,2026-05-24,S0048181,C01896,Bengaluru,Kids,Organic,free_shipping_nudge,1230,20,2
O002634,2026-05-24,S0048254,C00289,Pune,Women Ethnic,Organic,control,2536,10,6
O002635,2026-05-24,S0048256,C04260,Jaipur,Women Ethnic,Organic,control,1641,30,4
O002636,2026-05-24,S0048306,C01858,Indore,Footwear,Organic,control,3050,0,6
O002637,2026-05-24,S0048323,C02218,Pune,Women Ethnic,Affiliate,free_shipping_nudge,2266,15,5
O002638,2026-05-25,S0048361,C05148,Bengaluru,Kids,Paid Search,control,862,10,4
O002639,2026-05-25,S0048389,C01767,Delhi NCR,Women Ethnic,Affiliate,control,1441,10,5
O002640,2026-05-25,S0048419,C02428,Hyderabad,Beauty,Affiliate,free_shipping_nudge,1152,30,6
O002641,2026-05-25,S0048458,C04614,Mumbai,Men Casual,Affiliate,free_shipping_nudge,1165,15,3
O002642,2026-05-25,S0048475,C02759,Indore,Men Casual,Influencer,control,2155,15,4
O002643,2026-05-25,S0048477,C03473,Delhi NCR,Beauty,Organic,free_shipping_nudge,1267,25,5
O002644,2026-05-25,S0048498,C02573,Hyderabad,Kids,Influencer,free_shipping_nudge,1137,5,1
O002645,2026-05-25,S0048515,C02795,Mumbai,Women Ethnic,Paid Search,control,2267,25,1
O002646,2026-05-25,S0048519,C01664,Indore,Women Ethnic,Influencer,free_shipping_nudge,1620,20,3
O002647,2026-05-25,S0048535,C03809,Pune,Beauty,Organic,free_shipping_nudge,1141,30,2
O002648,2026-05-25,S0048544,C03944,Delhi NCR,Beauty,Paid Search,control,1124,15,1
O002649,2026-05-25,S0048547,C01695,Jaipur,Men Casual,Push,free_shipping_nudge,1643,5,3
O002650,2026-05-25,S0048552,C00822,Jaipur,Footwear,Paid Search,control,2151,10,4
O002651,2026-05-25,S0048566,C01197,Indore,Beauty,Organic,free_shipping_nudge,1717,5,2
O002652,2026-05-25,S0048579,C02063,Mumbai,Beauty,Organic,control,1031,5,4
O002653,2026-05-25,S0048587,C02113,Bengaluru,Men Casual,Affiliate,control,1946,30,6
O002654,2026-05-25,S0048590,C01503,Bengaluru,Men Casual,Paid Search,free_shipping_nudge,2003,5,5
O002655,2026-05-26,S0048606,C02420,Mumbai,Footwear,Influencer,free_shipping_nudge,2239,20,3
O002656,2026-05-26,S0048610,C04056,Mumbai,Women Ethnic,Push,control,1737,25,1
O002657,2026-05-26,S0048657,C03965,Indore,Beauty,Affiliate,free_shipping_nudge,970,30,2
O002658,2026-05-26,S0048659,C03756,Mumbai,Footwear,Affiliate,free_shipping_nudge,2891,30,1
O002659,2026-05-26,S0048691,C01476,Bengaluru,Beauty,Organic,free_shipping_nudge,1146,15,4
O002660,2026-05-26,S0048699,C01114,Bengaluru,Men Casual,Organic,free_shipping_nudge,1751,25,3
O002661,2026-05-26,S0048728,C00708,Mumbai,Men Casual,Affiliate,free_shipping_nudge,2135,5,1
O002662,2026-05-26,S0048750,C02919,Bengaluru,Men Casual,Push,control,2036,20,1
O002663,2026-05-26,S0048759,C02518,Delhi NCR,Men Casual,Influencer,control,2033,30,2
O002664,2026-05-26,S0048771,C04196,Mumbai,Men Casual,Paid Search,control,1407,20,1
O002665,2026-05-26,S0048811,C03755,Mumbai,Beauty,Paid Search,control,1173,0,6
O002666,2026-05-26,S0048820,C01262,Lucknow,Footwear,Push,free_shipping_nudge,1441,15,5
O002667,2026-05-26,S0048822,C01111,Mumbai,Kids,Organic,control,880,25,2
O002668,2026-05-26,S0048869,C04933,Bengaluru,Men Casual,Influencer,control,1744,5,5
O002669,2026-05-26,S0048874,C01192,Pune,Footwear,Paid Search,control,1960,30,3
O002670,2026-05-26,S0048897,C01339,Bengaluru,Women Ethnic,Affiliate,free_shipping_nudge,1998,10,3
O002671,2026-05-26,S0048911,C02500,Lucknow,Women Ethnic,Organic,control,1639,10,6
O002672,2026-05-26,S0048933,C03408,Mumbai,Women Ethnic,Influencer,free_shipping_nudge,1760,5,6
O002673,2026-05-27,S0048967,C01372,Delhi NCR,Beauty,Push,control,699,0,5
O002674,2026-05-27,S0048970,C04566,Delhi NCR,Women Ethnic,Organic,free_shipping_nudge,2608,30,4
O002675,2026-05-27,S0049004,C00312,Pune,Beauty,Organic,control,1177,0,5
O002676,2026-05-27,S0049008,C04225,Hyderabad,Women Ethnic,Paid Search,free_shipping_nudge,915,25,3
O002677,2026-05-27,S0049013,C01017,Pune,Kids,Organic,free_shipping_nudge,1045,0,6
O002678,2026-05-27,S0049044,C00069,Mumbai,Men Casual,Paid Search,control,1516,25,2
O002679,2026-05-27,S0049047,C02072,Hyderabad,Beauty,Paid Search,control,1352,30,5
O002680,2026-05-27,S0049056,C04054,Lucknow,Beauty,Influencer,control,1054,20,6
O002681,2026-05-27,S0049073,C03742,Delhi NCR,Women Ethnic,Organic,control,2551,30,5
O002682,2026-05-27,S0049075,C00111,Bengaluru,Men Casual,Paid Search,control,1895,0,6
O002683,2026-05-27,S0049085,C04277,Bengaluru,Footwear,Paid Search,free_shipping_nudge,2344,15,3
O002684,2026-05-27,S0049090,C03546,Mumbai,Women Ethnic,Organic,control,2238,0,5
O002685,2026-05-27,S0049097,C03716,Bengaluru,Kids,Organic,control,1855,30,6
O002686,2026-05-27,S0049109,C02301,Mumbai,Men Casual,Paid Search,free_shipping_nudge,1736,25,1
O002687,2026-05-27,S0049121,C00609,Indore,Beauty,Influencer,free_shipping_nudge,1230,0,5
O002688,2026-05-27,S0049122,C04038,Jaipur,Beauty,Affiliate,free_shipping_nudge,712,25,4
O002689,2026-05-27,S0049144,C02525,Bengaluru,Footwear,Paid Search,free_shipping_nudge,2558,25,2
O002690,2026-05-27,S0049157,C05179,Mumbai,Beauty,Push,free_shipping_nudge,834,10,4
O002691,2026-05-27,S0049179,C01250,Mumbai,Beauty,Organic,control,1167,0,4
O002692,2026-05-27,S0049189,C04401,Bengaluru,Kids,Paid Search,free_shipping_nudge,1250,15,3
O002693,2026-05-27,S0049205,C01853,Delhi NCR,Women Ethnic,Influencer,free_shipping_nudge,1439,20,5
O002694,2026-05-27,S0049245,C01054,Mumbai,Women Ethnic,Organic,free_shipping_nudge,1680,25,4
O002695,2026-05-28,S0049259,C03857,Mumbai,Beauty,Organic,free_shipping_nudge,1082,0,2
O002696,2026-05-28,S0049277,C03340,Bengaluru,Men Casual,Organic,control,864,25,1
O002697,2026-05-28,S0049305,C02519,Pune,Beauty,Push,free_shipping_nudge,1147,30,1
O002698,2026-05-28,S0049309,C02385,Jaipur,Women Ethnic,Influencer,free_shipping_nudge,1968,25,3
O002699,2026-05-28,S0049314,C01194,Indore,Women Ethnic,Affiliate,control,2265,25,4
O002700,2026-05-28,S0049321,C02698,Delhi NCR,Footwear,Organic,free_shipping_nudge,1583,15,4
O002701,2026-05-28,S0049368,C02493,Lucknow,Men Casual,Organic,free_shipping_nudge,1867,20,6
O002702,2026-05-28,S0049376,C03787,Mumbai,Men Casual,Push,control,1547,15,4
O002703,2026-05-28,S0049431,C03977,Indore,Kids,Influencer,free_shipping_nudge,1118,0,5
O002704,2026-05-28,S0049436,C05041,Jaipur,Footwear,Paid Search,control,1036,20,3
O002705,2026-05-28,S0049466,C00683,Hyderabad,Footwear,Affiliate,free_shipping_nudge,2988,25,2
O002706,2026-05-28,S0049492,C05083,Mumbai,Beauty,Paid Search,control,676,10,2
O002707,2026-05-28,S0049514,C04721,Mumbai,Women Ethnic,Push,control,2253,30,5
O002708,2026-05-28,S0049529,C02054,Bengaluru,Women Ethnic,Push,control,2113,5,5
O002709,2026-05-29,S0049572,C03187,Jaipur,Men Casual,Influencer,free_shipping_nudge,1331,25,5
O002710,2026-05-29,S0049604,C04779,Lucknow,Footwear,Influencer,control,3011,15,4
O002711,2026-05-29,S0049608,C01779,Hyderabad,Men Casual,Organic,free_shipping_nudge,1155,5,1
O002712,2026-05-29,S0049626,C00113,Hyderabad,Men Casual,Organic,free_shipping_nudge,1404,30,4
O002713,2026-05-29,S0049631,C01631,Jaipur,Women Ethnic,Organic,free_shipping_nudge,2124,25,5
O002714,2026-05-29,S0049642,C04056,Mumbai,Footwear,Organic,free_shipping_nudge,2492,15,1
O002715,2026-05-29,S0049648,C05199,Mumbai,Women Ethnic,Organic,free_shipping_nudge,1762,0,1
O002716,2026-05-29,S0049657,C03688,Hyderabad,Women Ethnic,Organic,control,1772,0,1
O002717,2026-05-29,S0049664,C03813,Delhi NCR,Kids,Push,control,770,20,2
O002718,2026-05-29,S0049671,C00392,Bengaluru,Beauty,Organic,control,1011,5,2
O002719,2026-05-29,S0049692,C00694,Delhi NCR,Kids,Organic,control,1522,5,2
O002720,2026-05-29,S0049710,C00636,Hyderabad,Beauty,Organic,free_shipping_nudge,856,10,1
O002721,2026-05-29,S0049719,C02604,Lucknow,Women Ethnic,Paid Search,free_shipping_nudge,1787,30,3
O002722,2026-05-29,S0049731,C04064,Pune,Men Casual,Organic,free_shipping_nudge,1927,25,2
O002723,2026-05-29,S0049734,C01840,Mumbai,Kids,Paid Search,free_shipping_nudge,1607,10,1
O002724,2026-05-29,S0049752,C02193,Bengaluru,Men Casual,Paid Search,free_shipping_nudge,1603,0,1
O002725,2026-05-29,S0049761,C02093,Bengaluru,Beauty,Organic,control,714,20,6
O002726,2026-05-29,S0049762,C01433,Lucknow,Beauty,Organic,free_shipping_nudge,756,30,2
O002727,2026-05-29,S0049779,C00299,Jaipur,Men Casual,Organic,free_shipping_nudge,1087,15,6
O002728,2026-05-29,S0049795,C04202,Delhi NCR,Men Casual,Influencer,control,1197,30,5
O002729,2026-05-29,S0049809,C04335,Hyderabad,Women Ethnic,Influencer,free_shipping_nudge,2448,0,6
O002730,2026-05-29,S0049858,C00797,Delhi NCR,Beauty,Affiliate,free_shipping_nudge,1031,5,2
O002731,2026-05-29,S0049859,C00960,Hyderabad,Footwear,Push,free_shipping_nudge,754,30,5
O002732,2026-05-29,S0049870,C00814,Pune,Women Ethnic,Influencer,free_shipping_nudge,2542,5,6
O002733,2026-05-29,S0049902,C00756,Lucknow,Men Casual,Paid Search,control,1296,0,1
O002734,2026-05-30,S0049920,C03705,Bengaluru,Women Ethnic,Organic,free_shipping_nudge,2345,15,6
O002735,2026-05-30,S0049979,C01589,Pune,Women Ethnic,Paid Search,control,1536,5,4
O002736,2026-05-30,S0049980,C02150,Jaipur,Men Casual,Push,control,1393,20,4
O002737,2026-05-30,S0049985,C04555,Delhi NCR,Women Ethnic,Influencer,control,2034,20,6
O002738,2026-05-30,S0050010,C02650,Mumbai,Women Ethnic,Organic,free_shipping_nudge,1345,0,4
O002739,2026-05-30,S0050018,C02315,Lucknow,Footwear,Paid Search,control,2104,25,5
O002740,2026-05-30,S0050039,C02854,Bengaluru,Beauty,Affiliate,control,946,10,3
O002741,2026-05-30,S0050059,C03788,Delhi NCR,Men Casual,Organic,control,1540,30,5
O002742,2026-05-30,S0050085,C04651,Hyderabad,Men Casual,Affiliate,free_shipping_nudge,1454,25,3
O002743,2026-05-30,S0050095,C00894,Bengaluru,Beauty,Paid Search,free_shipping_nudge,1077,30,1
O002744,2026-05-30,S0050102,C01688,Bengaluru,Beauty,Influencer,free_shipping_nudge,313,10,4
O002745,2026-05-30,S0050129,C00899,Mumbai,Women Ethnic,Push,free_shipping_nudge,2420,30,3
O002746,2026-05-30,S0050168,C03758,Indore,Beauty,Paid Search,control,689,0,2
O002747,2026-05-30,S0050255,C03770,Delhi NCR,Beauty,Influencer,free_shipping_nudge,818,20,1
O002748,2026-05-31,S0050260,C00332,Delhi NCR,Men Casual,Paid Search,free_shipping_nudge,1243,10,4
O002749,2026-05-31,S0050286,C04674,Pune,Footwear,Paid Search,control,2458,10,2
O002750,2026-05-31,S0050290,C00246,Bengaluru,Women Ethnic,Influencer,free_shipping_nudge,1979,30,1
O002751,2026-05-31,S0050294,C01034,Delhi NCR,Women Ethnic,Paid Search,free_shipping_nudge,2682,5,1
O002752,2026-05-31,S0050313,C03544,Delhi NCR,Kids,Affiliate,control,1681,5,4
O002753,2026-05-31,S0050314,C03375,Mumbai,Kids,Affiliate,control,1290,5,6
O002754,2026-05-31,S0050315,C04547,Mumbai,Men Casual,Organic,control,943,0,1
O002755,2026-05-31,S0050316,C02212,Delhi NCR,Women Ethnic,Push,free_shipping_nudge,1766,15,3
O002756,2026-05-31,S0050317,C04433,Bengaluru,Kids,Paid Search,free_shipping_nudge,1375,10,1
O002757,2026-05-31,S0050390,C02060,Jaipur,Men Casual,Affiliate,free_shipping_nudge,1646,30,1
O002758,2026-05-31,S0050418,C03005,Indore,Beauty,Organic,free_shipping_nudge,958,5,6
O002759,2026-05-31,S0050445,C01274,Hyderabad,Women Ethnic,Paid Search,control,870,5,1
O002760,2026-05-31,S0050487,C01795,Lucknow,Footwear,Organic,free_shipping_nudge,1567,25,2
O002761,2026-05-31,S0050509,C05025,Lucknow,Footwear,Paid Search,free_shipping_nudge,2351,10,6
O002762,2026-05-31,S0050510,C03745,Mumbai,Beauty,Organic,free_shipping_nudge,975,5,2
O002763,2026-05-31,S0050526,C01079,Delhi NCR,Kids,Paid Search,control,1085,20,3
O002764,2026-05-31,S0050595,C00989,Bengaluru,Footwear,Affiliate,control,2355,25,3
O002765,2026-05-31,S0050596,C01687,Mumbai,Kids,Organic,control,1778,5,6
O002766,2026-05-31,S0050601,C00490,Delhi NCR,Men Casual,Influencer,control,1219,20,3
O002767,2026-05-31,S0050642,C02695,Lucknow,Footwear,Paid Search,control,2202,25,5
O002768,2026-06-01,S0050650,C03884,Jaipur,Beauty,Paid Search,control,1301,30,2
O002769,2026-06-01,S0050652,C05076,Bengaluru,Women Ethnic,Organic,free_shipping_nudge,1904,20,6
O002770,2026-06-01,S0050669,C04397,Mumbai,Men Casual,Influencer,control,1574,15,4
O002771,2026-06-01,S0050673,C04227,Mumbai,Men Casual,Influencer,free_shipping_nudge,1705,10,6
O002772,2026-06-01,S0050683,C01923,Bengaluru,Men Casual,Affiliate,free_shipping_nudge,1708,15,5
O002773,2026-06-01,S0050705,C00572,Delhi NCR,Footwear,Push,control,2353,30,3
O002774,2026-06-01,S0050747,C02911,Mumbai,Beauty,Push,free_shipping_nudge,622,10,4
O002775,2026-06-01,S0050765,C03724,Pune,Women Ethnic,Organic,control,1032,20,2
O002776,2026-06-01,S0050775,C02410,Indore,Beauty,Organic,free_shipping_nudge,1145,25,5
O002777,2026-06-01,S0050793,C04734,Delhi NCR,Women Ethnic,Organic,control,2441,30,2
O002778,2026-06-01,S0050796,C03579,Indore,Women Ethnic,Push,free_shipping_nudge,1741,20,4
O002779,2026-06-01,S0050847,C02495,Mumbai,Beauty,Push,control,548,20,6
O002780,2026-06-01,S0050850,C05061,Jaipur,Beauty,Organic,free_shipping_nudge,917,15,6
O002781,2026-06-01,S0050881,C04932,Pune,Beauty,Push,free_shipping_nudge,1632,15,1
O002782,2026-06-02,S0050895,C00804,Delhi NCR,Women Ethnic,Push,control,2819,5,5
O002783,2026-06-02,S0050906,C02126,Mumbai,Men Casual,Organic,control,1630,30,2
O002784,2026-06-02,S0050916,C00651,Pune,Women Ethnic,Affiliate,control,1923,10,4
O002785,2026-06-02,S0050928,C04593,Bengaluru,Kids,Paid Search,control,1190,5,3
O002786,2026-06-02,S0050956,C03647,Hyderabad,Men Casual,Paid Search,free_shipping_nudge,2198,15,1
O002787,2026-06-02,S0050973,C01267,Lucknow,Footwear,Paid Search,control,2065,20,4
O002788,2026-06-02,S0050975,C02004,Bengaluru,Beauty,Influencer,free_shipping_nudge,1351,5,3
O002789,2026-06-02,S0050986,C04725,Bengaluru,Footwear,Affiliate,free_shipping_nudge,3786,5,3
O002790,2026-06-02,S0050989,C02928,Mumbai,Footwear,Organic,control,1397,30,5
O002791,2026-06-02,S0050995,C01748,Mumbai,Beauty,Organic,free_shipping_nudge,1466,0,1
O002792,2026-06-02,S0051002,C01270,Delhi NCR,Women Ethnic,Influencer,free_shipping_nudge,1401,15,4
O002793,2026-06-02,S0051007,C04320,Delhi NCR,Beauty,Organic,free_shipping_nudge,528,30,5
O002794,2026-06-02,S0051053,C03629,Pune,Women Ethnic,Organic,control,1470,20,2
O002795,2026-06-02,S0051083,C02840,Lucknow,Footwear,Organic,free_shipping_nudge,2244,5,1
O002796,2026-06-02,S0051084,C01024,Bengaluru,Men Casual,Affiliate,free_shipping_nudge,1287,15,3
O002797,2026-06-02,S0051106,C01453,Bengaluru,Beauty,Organic,free_shipping_nudge,765,0,4
O002798,2026-06-02,S0051114,C02954,Bengaluru,Beauty,Influencer,free_shipping_nudge,968,0,3
O002799,2026-06-02,S0051129,C02779,Mumbai,Women Ethnic,Push,control,2691,20,2
O002800,2026-06-02,S0051130,C01629,Bengaluru,Women Ethnic,Influencer,free_shipping_nudge,1841,20,4
O002801,2026-06-02,S0051141,C04665,Pune,Women Ethnic,Paid Search,control,1697,5,5
O002802,2026-06-02,S0051142,C01435,Mumbai,Men Casual,Organic,free_shipping_nudge,1427,5,6
O002803,2026-06-02,S0051160,C02799,Delhi NCR,Women Ethnic,Influencer,control,2050,15,6
O002804,2026-06-02,S0051183,C01584,Hyderabad,Men Casual,Paid Search,free_shipping_nudge,1704,5,2
O002805,2026-06-02,S0051196,C01983,Delhi NCR,Footwear,Influencer,free_shipping_nudge,2723,15,1
O002806,2026-06-03,S0051220,C03851,Delhi NCR,Women Ethnic,Organic,free_shipping_nudge,2298,20,4
O002807,2026-06-03,S0051236,C00581,Hyderabad,Kids,Push,control,1025,25,6
O002808,2026-06-03,S0051244,C00403,Mumbai,Women Ethnic,Organic,free_shipping_nudge,1543,15,2
O002809,2026-06-03,S0051258,C02488,Pune,Men Casual,Influencer,free_shipping_nudge,1771,20,2
O002810,2026-06-03,S0051267,C02511,Delhi NCR,Men Casual,Paid Search,control,2040,25,6
O002811,2026-06-03,S0051274,C04710,Delhi NCR,Women Ethnic,Paid Search,free_shipping_nudge,2720,0,4
O002812,2026-06-03,S0051276,C04703,Pune,Women Ethnic,Paid Search,free_shipping_nudge,1443,5,1
O002813,2026-06-03,S0051285,C02220,Mumbai,Men Casual,Influencer,free_shipping_nudge,1157,5,5
O002814,2026-06-03,S0051292,C04655,Hyderabad,Kids,Organic,free_shipping_nudge,1310,15,1
O002815,2026-06-03,S0051305,C01045,Delhi NCR,Women Ethnic,Paid Search,free_shipping_nudge,1883,15,2
O002816,2026-06-03,S0051316,C04825,Indore,Beauty,Organic,control,818,0,2
O002817,2026-06-03,S0051329,C00119,Pune,Kids,Organic,control,1318,30,2
O002818,2026-06-03,S0051343,C03677,Delhi NCR,Women Ethnic,Push,free_shipping_nudge,2672,30,3
O002819,2026-06-03,S0051348,C01117,Bengaluru,Beauty,Organic,control,815,25,3
O002820,2026-06-03,S0051354,C04626,Indore,Beauty,Paid Search,free_shipping_nudge,507,15,4
O002821,2026-06-03,S0051392,C03696,Hyderabad,Beauty,Influencer,control,1213,5,6
O002822,2026-06-03,S0051412,C04100,Jaipur,Kids,Push,control,885,30,4
O002823,2026-06-03,S0051420,C05194,Hyderabad,Men Casual,Paid Search,free_shipping_nudge,1176,30,6
O002824,2026-06-03,S0051423,C02133,Lucknow,Women Ethnic,Affiliate,free_shipping_nudge,2283,20,1
O002825,2026-06-03,S0051448,C00914,Delhi NCR,Men Casual,Organic,free_shipping_nudge,936,20,5
O002826,2026-06-03,S0051454,C04255,Delhi NCR,Women Ethnic,Paid Search,control,2475,5,4
O002827,2026-06-03,S0051465,C00903,Hyderabad,Beauty,Push,control,660,20,5
O002828,2026-06-04,S0051509,C03779,Jaipur,Beauty,Affiliate,free_shipping_nudge,1075,15,2
O002829,2026-06-04,S0051556,C00242,Mumbai,Beauty,Paid Search,free_shipping_nudge,1272,5,4
O002830,2026-06-04,S0051603,C03331,Lucknow,Beauty,Organic,control,1177,15,6
O002831,2026-06-04,S0051614,C03042,Delhi NCR,Men Casual,Organic,control,1183,15,1
O002832,2026-06-04,S0051665,C02168,Indore,Women Ethnic,Organic,free_shipping_nudge,1194,0,4
O002833,2026-06-04,S0051697,C04789,Hyderabad,Men Casual,Organic,free_shipping_nudge,901,5,4
O002834,2026-06-04,S0051717,C02163,Bengaluru,Kids,Paid Search,control,1243,0,3
O002835,2026-06-04,S0051722,C00126,Bengaluru,Men Casual,Organic,control,2277,30,3
O002836,2026-06-04,S0051739,C02246,Delhi NCR,Women Ethnic,Push,free_shipping_nudge,1070,20,2
O002837,2026-06-04,S0051745,C04648,Bengaluru,Women Ethnic,Push,free_shipping_nudge,2075,0,3
O002838,2026-06-04,S0051753,C04195,Lucknow,Footwear,Organic,free_shipping_nudge,3578,20,6
O002839,2026-06-04,S0051799,C01431,Lucknow,Beauty,Organic,free_shipping_nudge,793,10,6
O002840,2026-06-04,S0051811,C00495,Pune,Men Casual,Paid Search,free_shipping_nudge,1794,10,3
O002841,2026-06-05,S0051825,C04620,Hyderabad,Footwear,Paid Search,free_shipping_nudge,3834,5,5
O002842,2026-06-05,S0051869,C03220,Indore,Kids,Organic,control,889,5,1
O002843,2026-06-05,S0051886,C00305,Delhi NCR,Men Casual,Influencer,control,1702,0,6
O002844,2026-06-05,S0051933,C03553,Hyderabad,Footwear,Organic,free_shipping_nudge,2781,5,5
O002845,2026-06-05,S0051935,C03359,Mumbai,Kids,Paid Search,free_shipping_nudge,1045,20,4
O002846,2026-06-05,S0051937,C01532,Indore,Kids,Influencer,control,397,0,4
O002847,2026-06-05,S0051941,C01974,Hyderabad,Women Ethnic,Organic,free_shipping_nudge,2041,10,6
O002848,2026-06-05,S0051946,C00648,Mumbai,Footwear,Paid Search,free_shipping_nudge,2254,0,1
O002849,2026-06-05,S0051973,C03612,Jaipur,Men Casual,Organic,control,1663,15,3
O002850,2026-06-05,S0052009,C00741,Jaipur,Men Casual,Paid Search,free_shipping_nudge,2267,0,6
O002851,2026-06-05,S0052012,C05008,Mumbai,Men Casual,Influencer,control,1460,30,6
O002852,2026-06-05,S0052013,C00830,Hyderabad,Beauty,Organic,control,432,15,1
O002853,2026-06-05,S0052018,C04821,Hyderabad,Beauty,Paid Search,control,553,30,1
O002854,2026-06-05,S0052028,C00644,Mumbai,Women Ethnic,Affiliate,control,1869,10,6
O002855,2026-06-05,S0052029,C03461,Mumbai,Women Ethnic,Paid Search,control,2250,20,4
O002856,2026-06-05,S0052053,C02936,Lucknow,Women Ethnic,Paid Search,control,2392,25,3
O002857,2026-06-05,S0052077,C03688,Hyderabad,Men Casual,Organic,free_shipping_nudge,2044,25,6
O002858,2026-06-05,S0052078,C01596,Bengaluru,Women Ethnic,Organic,free_shipping_nudge,1821,25,6
O002859,2026-06-05,S0052095,C00413,Lucknow,Beauty,Influencer,free_shipping_nudge,341,20,3
O002860,2026-06-05,S0052099,C01267,Lucknow,Beauty,Organic,control,1079,0,2
O002861,2026-06-05,S0052118,C04806,Pune,Women Ethnic,Paid Search,free_shipping_nudge,2162,15,5
O002862,2026-06-05,S0052123,C04383,Bengaluru,Men Casual,Influencer,control,1805,5,4
O002863,2026-06-05,S0052135,C00642,Indore,Footwear,Organic,free_shipping_nudge,2272,0,5
O002864,2026-06-05,S0052142,C02542,Delhi NCR,Footwear,Organic,free_shipping_nudge,2829,10,3
O002865,2026-06-06,S0052172,C04196,Mumbai,Beauty,Paid Search,control,1078,30,3
O002866,2026-06-06,S0052188,C03474,Delhi NCR,Beauty,Influencer,control,1182,25,2
O002867,2026-06-06,S0052207,C03103,Mumbai,Women Ethnic,Organic,control,1872,25,2
O002868,2026-06-06,S0052221,C03022,Lucknow,Footwear,Influencer,free_shipping_nudge,1950,5,1
O002869,2026-06-06,S0052298,C04529,Delhi NCR,Women Ethnic,Organic,free_shipping_nudge,1625,5,4
O002870,2026-06-06,S0052305,C05019,Mumbai,Men Casual,Influencer,free_shipping_nudge,1203,5,1
O002871,2026-06-06,S0052306,C00340,Jaipur,Footwear,Paid Search,free_shipping_nudge,2987,30,1
O002872,2026-06-06,S0052327,C00760,Hyderabad,Footwear,Paid Search,free_shipping_nudge,3710,20,6
O002873,2026-06-06,S0052329,C02682,Bengaluru,Footwear,Affiliate,control,1373,5,6
O002874,2026-06-06,S0052337,C00064,Delhi NCR,Beauty,Push,control,976,0,5
O002875,2026-06-06,S0052346,C04595,Pune,Beauty,Affiliate,control,1400,5,1
O002876,2026-06-06,S0052371,C04185,Hyderabad,Women Ethnic,Push,free_shipping_nudge,1378,15,3
O002877,2026-06-06,S0052372,C01927,Jaipur,Footwear,Organic,control,1403,10,6
O002878,2026-06-06,S0052421,C00010,Delhi NCR,Women Ethnic,Organic,free_shipping_nudge,1636,0,3
O002879,2026-06-06,S0052465,C04330,Mumbai,Women Ethnic,Push,control,1744,25,6
O002880,2026-06-06,S0052478,C05110,Pune,Women Ethnic,Organic,free_shipping_nudge,1631,10,4
O002881,2026-06-06,S0052482,C01028,Lucknow,Footwear,Paid Search,free_shipping_nudge,1844,15,4
O002882,2026-06-07,S0052498,C00049,Indore,Women Ethnic,Affiliate,free_shipping_nudge,2361,15,3
O002883,2026-06-07,S0052589,C02824,Hyderabad,Kids,Paid Search,free_shipping_nudge,1508,20,5
O002884,2026-06-07,S0052596,C02564,Bengaluru,Men Casual,Paid Search,control,1761,5,4
O002885,2026-06-07,S0052608,C02541,Jaipur,Beauty,Influencer,free_shipping_nudge,1164,20,2
O002886,2026-06-07,S0052638,C05081,Pune,Kids,Organic,free_shipping_nudge,913,15,3
O002887,2026-06-07,S0052666,C01693,Mumbai,Women Ethnic,Push,control,1662,25,4
O002888,2026-06-07,S0052680,C02630,Bengaluru,Footwear,Organic,control,858,15,1
O002889,2026-06-07,S0052687,C01009,Mumbai,Women Ethnic,Affiliate,control,1590,10,1
O002890,2026-06-07,S0052711,C01995,Delhi NCR,Beauty,Influencer,control,994,25,5
O002891,2026-06-07,S0052741,C01027,Lucknow,Women Ethnic,Push,control,913,15,5
O002892,2026-06-07,S0052759,C03826,Delhi NCR,Women Ethnic,Affiliate,control,2456,0,2
O002893,2026-06-07,S0052803,C01213,Delhi NCR,Beauty,Organic,free_shipping_nudge,1387,10,3
O002894,2026-06-07,S0052804,C02006,Hyderabad,Beauty,Paid Search,free_shipping_nudge,432,5,6
O002895,2026-06-08,S0052835,C01363,Jaipur,Beauty,Organic,free_shipping_nudge,942,15,1
O002896,2026-06-08,S0052843,C03134,Delhi NCR,Footwear,Affiliate,control,3394,10,2
O002897,2026-06-08,S0052849,C04745,Hyderabad,Women Ethnic,Paid Search,control,1175,20,1
O002898,2026-06-08,S0052898,C01245,Hyderabad,Women Ethnic,Push,control,2510,0,6
O002899,2026-06-08,S0052930,C04995,Jaipur,Beauty,Paid Search,control,427,10,6
O002900,2026-06-08,S0052935,C02178,Hyderabad,Beauty,Influencer,control,1076,0,3
O002901,2026-06-08,S0052942,C00400,Mumbai,Women Ethnic,Organic,control,1846,25,3
O002902,2026-06-08,S0052953,C04386,Hyderabad,Men Casual,Organic,control,699,30,3
O002903,2026-06-08,S0052958,C02231,Bengaluru,Beauty,Influencer,free_shipping_nudge,620,25,2
O002904,2026-06-08,S0052966,C01037,Mumbai,Kids,Influencer,free_shipping_nudge,1326,15,2
O002905,2026-06-08,S0052974,C05161,Lucknow,Men Casual,Paid Search,control,2242,5,6
O002906,2026-06-08,S0053020,C00623,Jaipur,Men Casual,Push,free_shipping_nudge,1590,15,5
O002907,2026-06-08,S0053027,C01232,Pune,Footwear,Paid Search,free_shipping_nudge,2159,25,6
O002908,2026-06-08,S0053053,C03815,Lucknow,Women Ethnic,Affiliate,control,1959,15,1
O002909,2026-06-09,S0053079,C01665,Mumbai,Women Ethnic,Affiliate,control,1945,5,2
O002910,2026-06-09,S0053096,C00992,Delhi NCR,Beauty,Organic,control,504,25,2
O002911,2026-06-09,S0053110,C03930,Mumbai,Beauty,Push,free_shipping_nudge,910,10,1
O002912,2026-06-09,S0053126,C04810,Jaipur,Beauty,Affiliate,free_shipping_nudge,961,25,5
O002913,2026-06-09,S0053143,C00581,Hyderabad,Footwear,Paid Search,free_shipping_nudge,2777,25,3
O002914,2026-06-09,S0053156,C02035,Lucknow,Kids,Paid Search,free_shipping_nudge,1271,15,6
O002915,2026-06-09,S0053199,C00662,Delhi NCR,Kids,Organic,free_shipping_nudge,1129,15,2
O002916,2026-06-09,S0053203,C02963,Bengaluru,Kids,Organic,control,1444,5,6
O002917,2026-06-09,S0053206,C04593,Bengaluru,Women Ethnic,Push,control,1581,15,2
O002918,2026-06-09,S0053252,C04605,Indore,Women Ethnic,Paid Search,free_shipping_nudge,2425,5,2
O002919,2026-06-09,S0053260,C00840,Delhi NCR,Men Casual,Paid Search,free_shipping_nudge,1644,15,1
O002920,2026-06-10,S0053285,C01561,Pune,Footwear,Push,free_shipping_nudge,2568,5,5
O002921,2026-06-10,S0053302,C03838,Mumbai,Footwear,Affiliate,control,1479,5,3
O002922,2026-06-10,S0053310,C02519,Pune,Beauty,Paid Search,free_shipping_nudge,754,5,3
O002923,2026-06-10,S0053339,C04756,Delhi NCR,Beauty,Influencer,control,1238,10,6
O002924,2026-06-10,S0053350,C01140,Mumbai,Women Ethnic,Paid Search,free_shipping_nudge,250,30,4
O002925,2026-06-10,S0053415,C00496,Bengaluru,Beauty,Organic,free_shipping_nudge,591,10,4
O002926,2026-06-10,S0053430,C04260,Jaipur,Beauty,Organic,control,1399,0,5
O002927,2026-06-10,S0053436,C00238,Bengaluru,Beauty,Influencer,control,1063,15,4
O002928,2026-06-10,S0053443,C00482,Lucknow,Women Ethnic,Paid Search,free_shipping_nudge,1431,5,1
O002929,2026-06-10,S0053478,C02371,Delhi NCR,Women Ethnic,Organic,free_shipping_nudge,1367,25,3
O002930,2026-06-10,S0053502,C02771,Indore,Men Casual,Paid Search,free_shipping_nudge,1392,0,5
O002931,2026-06-10,S0053506,C04747,Jaipur,Women Ethnic,Push,free_shipping_nudge,1525,10,3
O002932,2026-06-10,S0053535,C04481,Hyderabad,Men Casual,Influencer,free_shipping_nudge,1721,0,5
O002933,2026-06-10,S0053560,C02833,Hyderabad,Women Ethnic,Paid Search,free_shipping_nudge,1734,20,4
O002934,2026-06-10,S0053562,C03289,Hyderabad,Kids,Organic,free_shipping_nudge,1370,15,2
O002935,2026-06-10,S0053564,C04021,Delhi NCR,Beauty,Paid Search,control,1223,15,6
O002936,2026-06-11,S0053638,C04044,Bengaluru,Beauty,Organic,control,721,15,3
O002937,2026-06-11,S0053651,C02545,Pune,Men Casual,Influencer,free_shipping_nudge,1156,10,3
O002938,2026-06-11,S0053665,C03295,Bengaluru,Women Ethnic,Influencer,free_shipping_nudge,2106,20,5
O002939,2026-06-11,S0053670,C02718,Bengaluru,Men Casual,Paid Search,free_shipping_nudge,1939,20,4
O002940,2026-06-11,S0053689,C02021,Pune,Men Casual,Paid Search,free_shipping_nudge,1492,15,6
O002941,2026-06-11,S0053714,C03152,Mumbai,Beauty,Influencer,free_shipping_nudge,865,5,4
O002942,2026-06-11,S0053719,C03118,Lucknow,Women Ethnic,Organic,control,1403,10,3
O002943,2026-06-11,S0053726,C01419,Indore,Beauty,Influencer,free_shipping_nudge,835,25,2
O002944,2026-06-11,S0053728,C04006,Jaipur,Men Casual,Push,control,1262,20,2
O002945,2026-06-11,S0053734,C02905,Delhi NCR,Footwear,Push,control,1877,0,5
O002946,2026-06-11,S0053737,C00126,Bengaluru,Kids,Paid Search,free_shipping_nudge,1529,0,3
O002947,2026-06-11,S0053775,C02677,Delhi NCR,Beauty,Organic,control,863,25,1
O002948,2026-06-11,S0053776,C04725,Bengaluru,Kids,Paid Search,free_shipping_nudge,1291,15,3
O002949,2026-06-11,S0053793,C04719,Mumbai,Kids,Influencer,control,1206,25,4
O002950,2026-06-11,S0053800,C01173,Lucknow,Kids,Paid Search,free_shipping_nudge,1405,10,4
O002951,2026-06-11,S0053817,C01430,Lucknow,Women Ethnic,Organic,free_shipping_nudge,1498,20,6
O002952,2026-06-11,S0053838,C02802,Jaipur,Kids,Organic,control,1001,20,6
O002953,2026-06-11,S0053863,C03955,Bengaluru,Beauty,Paid Search,free_shipping_nudge,686,25,4
O002954,2026-06-12,S0053931,C01436,Delhi NCR,Women Ethnic,Push,free_shipping_nudge,502,5,1
O002955,2026-06-12,S0053962,C01021,Delhi NCR,Women Ethnic,Organic,control,885,25,2
O002956,2026-06-12,S0053963,C04230,Delhi NCR,Kids,Push,free_shipping_nudge,1234,10,2
O002957,2026-06-12,S0053965,C00358,Mumbai,Men Casual,Push,control,1080,30,5
O002958,2026-06-12,S0053974,C03435,Hyderabad,Beauty,Influencer,control,958,15,6
O002959,2026-06-12,S0053993,C00039,Pune,Footwear,Organic,free_shipping_nudge,2366,10,6
O002960,2026-06-12,S0054005,C00850,Jaipur,Beauty,Influencer,free_shipping_nudge,1446,20,5
O002961,2026-06-12,S0054008,C01370,Bengaluru,Men Casual,Push,free_shipping_nudge,1677,10,3
O002962,2026-06-12,S0054082,C02732,Jaipur,Footwear,Organic,control,1356,30,6
O002963,2026-06-12,S0054096,C01969,Delhi NCR,Men Casual,Paid Search,free_shipping_nudge,1411,10,2
O002964,2026-06-12,S0054111,C03984,Pune,Beauty,Organic,control,1042,5,1
O002965,2026-06-12,S0054120,C01337,Delhi NCR,Men Casual,Push,free_shipping_nudge,1334,5,1
O002966,2026-06-12,S0054125,C04982,Hyderabad,Women Ethnic,Influencer,control,1692,20,3
O002967,2026-06-12,S0054126,C02305,Bengaluru,Men Casual,Organic,control,2470,10,6
O002968,2026-06-12,S0054146,C01529,Mumbai,Women Ethnic,Organic,control,1163,30,3
O002969,2026-06-12,S0054160,C01738,Bengaluru,Beauty,Organic,free_shipping_nudge,1260,20,5
O002970,2026-06-12,S0054174,C04599,Lucknow,Men Casual,Organic,free_shipping_nudge,1464,20,3
O002971,2026-06-12,S0054183,C01354,Delhi NCR,Kids,Paid Search,free_shipping_nudge,1035,25,1
O002972,2026-06-12,S0054186,C02628,Bengaluru,Men Casual,Organic,control,986,0,2
O002973,2026-06-12,S0054190,C04178,Delhi NCR,Footwear,Influencer,control,2128,5,6
O002974,2026-06-12,S0054208,C00788,Hyderabad,Kids,Affiliate,control,1241,5,1
O002975,2026-06-12,S0054234,C03331,Lucknow,Beauty,Organic,control,1319,20,5
O002976,2026-06-12,S0054250,C03594,Indore,Kids,Organic,free_shipping_nudge,1436,30,6
O002977,2026-06-12,S0054252,C01013,Indore,Footwear,Influencer,control,2406,30,5
O002978,2026-06-13,S0054278,C02047,Pune,Women Ethnic,Influencer,free_shipping_nudge,1822,30,4
O002979,2026-06-13,S0054290,C00662,Delhi NCR,Kids,Organic,free_shipping_nudge,1557,30,1
O002980,2026-06-13,S0054305,C02673,Delhi NCR,Beauty,Affiliate,free_shipping_nudge,1123,15,4
O002981,2026-06-13,S0054308,C03223,Hyderabad,Women Ethnic,Affiliate,control,1690,10,1
O002982,2026-06-13,S0054342,C04767,Bengaluru,Women Ethnic,Paid Search,control,2761,30,5
O002983,2026-06-13,S0054361,C00131,Delhi NCR,Men Casual,Influencer,control,647,30,5
O002984,2026-06-13,S0054380,C01237,Indore,Footwear,Paid Search,free_shipping_nudge,1977,25,1
O002985,2026-06-13,S0054420,C00733,Indore,Women Ethnic,Organic,free_shipping_nudge,953,5,6
O002986,2026-06-13,S0054442,C02207,Mumbai,Men Casual,Push,free_shipping_nudge,1570,0,4
O002987,2026-06-13,S0054444,C01827,Pune,Women Ethnic,Push,free_shipping_nudge,2474,20,4
O002988,2026-06-13,S0054464,C04815,Delhi NCR,Kids,Paid Search,free_shipping_nudge,1472,25,3
O002989,2026-06-13,S0054495,C02519,Pune,Women Ethnic,Influencer,control,2080,25,3
O002990,2026-06-13,S0054504,C03189,Hyderabad,Footwear,Influencer,control,1932,30,1
O002991,2026-06-13,S0054582,C00300,Jaipur,Women Ethnic,Organic,free_shipping_nudge,773,20,2
O002992,2026-06-13,S0054589,C03579,Indore,Men Casual,Organic,control,1724,20,5
O002993,2026-06-14,S0054622,C02712,Bengaluru,Beauty,Affiliate,control,919,10,2
O002994,2026-06-14,S0054681,C03150,Mumbai,Men Casual,Paid Search,free_shipping_nudge,1565,30,3
O002995,2026-06-14,S0054740,C04885,Indore,Men Casual,Organic,free_shipping_nudge,1323,30,3
O002996,2026-06-14,S0054745,C01452,Bengaluru,Women Ethnic,Influencer,free_shipping_nudge,2572,10,1
O002997,2026-06-14,S0054748,C04487,Hyderabad,Women Ethnic,Influencer,free_shipping_nudge,1788,5,1
O002998,2026-06-14,S0054754,C04764,Jaipur,Men Casual,Organic,control,2159,5,3
O002999,2026-06-14,S0054775,C00368,Mumbai,Women Ethnic,Push,free_shipping_nudge,1151,20,1
O003000,2026-06-14,S0054778,C04058,Jaipur,Beauty,Affiliate,free_shipping_nudge,808,20,6
O003001,2026-06-14,S0054783,C02211,Bengaluru,Men Casual,Affiliate,control,1727,5,5
O003002,2026-06-14,S0054789,C00968,Hyderabad,Women Ethnic,Organic,free_shipping_nudge,1194,10,1
O003003,2026-06-14,S0054792,C01829,Mumbai,Kids,Paid Search,control,1032,0,6
O003004,2026-06-14,S0054804,C01266,Delhi NCR,Footwear,Paid Search,free_shipping_nudge,3124,20,4
O003005,2026-06-14,S0054805,C01361,Hyderabad,Beauty,Organic,free_shipping_nudge,1270,20,5
O003006,2026-06-14,S0054882,C05090,Delhi NCR,Men Casual,Paid Search,free_shipping_nudge,2354,10,3
O003007,2026-06-14,S0054903,C01073,Delhi NCR,Women Ethnic,Paid Search,free_shipping_nudge,1918,25,5
O003008,2026-06-14,S0054910,C03319,Pune,Beauty,Affiliate,control,684,20,6
O003009,2026-06-14,S0054919,C00690,Pune,Men Casual,Push,free_shipping_nudge,1338,5,5
O003010,2026-06-14,S0054933,C02696,Indore,Men Casual,Influencer,control,2154,5,2
O003011,2026-06-14,S0054950,C03040,Hyderabad,Women Ethnic,Organic,control,1784,10,5
O003012,2026-06-14,S0054956,C03944,Delhi NCR,Footwear,Paid Search,free_shipping_nudge,2244,5,1
O003013,2026-06-15,S0054971,C04525,Delhi NCR,Footwear,Push,control,1761,5,3
O003014,2026-06-15,S0054989,C03921,Indore,Women Ethnic,Influencer,free_shipping_nudge,706,20,3
O003015,2026-06-15,S0055024,C03618,Mumbai,Men Casual,Influencer,free_shipping_nudge,1527,0,1
O003016,2026-06-15,S0055043,C00853,Pune,Footwear,Influencer,free_shipping_nudge,1758,25,4
O003017,2026-06-15,S0055076,C00835,Mumbai,Women Ethnic,Paid Search,free_shipping_nudge,1824,20,6
O003018,2026-06-15,S0055084,C00586,Bengaluru,Women Ethnic,Paid Search,free_shipping_nudge,1814,0,3
O003019,2026-06-15,S0055085,C00738,Delhi NCR,Footwear,Organic,free_shipping_nudge,1568,5,4
O003020,2026-06-15,S0055105,C01597,Bengaluru,Kids,Influencer,free_shipping_nudge,1268,10,1
O003021,2026-06-15,S0055106,C03767,Hyderabad,Men Casual,Organic,control,1142,0,2
O003022,2026-06-15,S0055111,C01379,Bengaluru,Kids,Organic,control,1359,10,2
O003023,2026-06-15,S0055162,C03983,Bengaluru,Women Ethnic,Push,control,1654,20,6
O003024,2026-06-15,S0055165,C04771,Pune,Beauty,Influencer,control,1037,25,5
O003025,2026-06-15,S0055201,C04092,Hyderabad,Footwear,Organic,control,2593,20,1
O003026,2026-06-15,S0055209,C00362,Hyderabad,Footwear,Push,control,1791,20,6
O003027,2026-06-15,S0055222,C00885,Hyderabad,Men Casual,Organic,free_shipping_nudge,1480,25,6
O003028,2026-06-15,S0055240,C04695,Mumbai,Men Casual,Affiliate,control,1503,15,2
O003029,2026-06-16,S0055280,C04783,Delhi NCR,Beauty,Push,free_shipping_nudge,830,0,1
O003030,2026-06-16,S0055313,C03146,Bengaluru,Women Ethnic,Organic,free_shipping_nudge,1892,5,4
O003031,2026-06-16,S0055332,C03506,Hyderabad,Men Casual,Organic,free_shipping_nudge,1545,0,1
O003032,2026-06-16,S0055351,C03352,Mumbai,Women Ethnic,Organic,free_shipping_nudge,2704,25,3
O003033,2026-06-16,S0055361,C04328,Bengaluru,Men Casual,Paid Search,control,1371,10,6
O003034,2026-06-16,S0055362,C04332,Bengaluru,Beauty,Organic,free_shipping_nudge,1495,25,5
O003035,2026-06-16,S0055363,C02544,Delhi NCR,Footwear,Organic,free_shipping_nudge,2570,5,1
O003036,2026-06-16,S0055403,C01988,Delhi NCR,Women Ethnic,Influencer,control,1767,15,3
O003037,2026-06-16,S0055422,C00646,Delhi NCR,Beauty,Organic,control,937,0,2
O003038,2026-06-16,S0055435,C01889,Pune,Men Casual,Paid Search,control,1492,10,2
O003039,2026-06-16,S0055475,C00469,Hyderabad,Men Casual,Organic,free_shipping_nudge,1329,0,4
O003040,2026-06-16,S0055478,C00827,Bengaluru,Women Ethnic,Organic,free_shipping_nudge,2185,15,2
O003041,2026-06-16,S0055483,C02353,Bengaluru,Footwear,Organic,control,2988,25,1
O003042,2026-06-17,S0055622,C00898,Indore,Women Ethnic,Push,control,1359,10,5
O003043,2026-06-17,S0055655,C00333,Delhi NCR,Men Casual,Organic,free_shipping_nudge,1207,20,3
O003044,2026-06-17,S0055656,C01473,Mumbai,Men Casual,Influencer,control,1722,5,2
O003045,2026-06-17,S0055657,C04112,Lucknow,Kids,Paid Search,control,1109,25,6
O003046,2026-06-17,S0055658,C01784,Mumbai,Beauty,Paid Search,free_shipping_nudge,793,10,1
O003047,2026-06-17,S0055679,C04666,Delhi NCR,Beauty,Organic,free_shipping_nudge,1338,15,4
O003048,2026-06-17,S0055688,C03076,Hyderabad,Beauty,Influencer,free_shipping_nudge,1106,10,3
O003049,2026-06-17,S0055701,C01175,Pune,Women Ethnic,Influencer,free_shipping_nudge,2087,15,3
O003050,2026-06-17,S0055704,C01335,Mumbai,Men Casual,Influencer,control,1430,0,4
O003051,2026-06-17,S0055706,C01811,Pune,Women Ethnic,Paid Search,control,1938,15,5
O003052,2026-06-17,S0055719,C01428,Lucknow,Beauty,Affiliate,control,1463,30,2
O003053,2026-06-17,S0055737,C01412,Pune,Beauty,Push,control,1043,10,6
O003054,2026-06-17,S0055741,C02589,Mumbai,Men Casual,Paid Search,control,2553,0,1
O003055,2026-06-17,S0055750,C03477,Bengaluru,Women Ethnic,Paid Search,free_shipping_nudge,1644,25,4
O003056,2026-06-17,S0055758,C03790,Mumbai,Men Casual,Paid Search,free_shipping_nudge,1765,0,1
O003057,2026-06-17,S0055760,C04017,Jaipur,Men Casual,Influencer,free_shipping_nudge,1978,10,1
O003058,2026-06-17,S0055761,C04369,Jaipur,Men Casual,Organic,free_shipping_nudge,1610,20,2
O003059,2026-06-17,S0055777,C04178,Delhi NCR,Kids,Push,free_shipping_nudge,1198,5,6
O003060,2026-06-17,S0055780,C04621,Mumbai,Beauty,Push,control,780,0,1
O003061,2026-06-17,S0055791,C03912,Bengaluru,Men Casual,Influencer,free_shipping_nudge,710,20,2
O003062,2026-06-18,S0055844,C00456,Delhi NCR,Men Casual,Push,free_shipping_nudge,1705,0,3
O003063,2026-06-18,S0055855,C04630,Hyderabad,Men Casual,Organic,free_shipping_nudge,2432,0,6
O003064,2026-06-18,S0055856,C00977,Mumbai,Men Casual,Push,free_shipping_nudge,2156,5,6
O003065,2026-06-18,S0055861,C04975,Mumbai,Beauty,Influencer,control,786,20,4
O003066,2026-06-18,S0055873,C01140,Mumbai,Women Ethnic,Influencer,free_shipping_nudge,2072,10,6
O003067,2026-06-18,S0055875,C04747,Jaipur,Women Ethnic,Affiliate,free_shipping_nudge,1621,25,6
O003068,2026-06-18,S0055886,C01284,Delhi NCR,Men Casual,Organic,control,2402,15,4
O003069,2026-06-18,S0055896,C01305,Hyderabad,Beauty,Organic,free_shipping_nudge,888,5,6
O003070,2026-06-18,S0055914,C02690,Delhi NCR,Beauty,Push,free_shipping_nudge,864,15,6
O003071,2026-06-18,S0055918,C04511,Bengaluru,Women Ethnic,Affiliate,free_shipping_nudge,2148,5,1
O003072,2026-06-18,S0055922,C00688,Hyderabad,Men Casual,Organic,control,1657,30,1
O003073,2026-06-18,S0055930,C01453,Bengaluru,Women Ethnic,Affiliate,free_shipping_nudge,1053,5,1
O003074,2026-06-18,S0055942,C00495,Pune,Women Ethnic,Organic,control,2536,15,3
O003075,2026-06-18,S0055997,C01619,Bengaluru,Men Casual,Push,free_shipping_nudge,1480,25,2
O003076,2026-06-18,S0056023,C04557,Indore,Footwear,Organic,free_shipping_nudge,1491,10,5
O003077,2026-06-18,S0056036,C04098,Hyderabad,Men Casual,Influencer,free_shipping_nudge,1896,5,2
O003078,2026-06-18,S0056049,C02365,Delhi NCR,Women Ethnic,Paid Search,control,1700,10,1
O003079,2026-06-18,S0056065,C05120,Delhi NCR,Beauty,Organic,free_shipping_nudge,1026,25,5
O003080,2026-06-18,S0056084,C02778,Bengaluru,Men Casual,Push,free_shipping_nudge,1327,5,1
O003081,2026-06-18,S0056085,C04632,Jaipur,Beauty,Affiliate,free_shipping_nudge,852,20,4
O003082,2026-06-18,S0056121,C03204,Hyderabad,Footwear,Paid Search,free_shipping_nudge,1803,10,1
O003083,2026-06-19,S0056148,C01670,Mumbai,Men Casual,Paid Search,control,1613,30,5
O003084,2026-06-19,S0056150,C00673,Pune,Women Ethnic,Paid Search,control,2693,5,5
O003085,2026-06-19,S0056151,C01620,Mumbai,Beauty,Push,control,378,25,1
O003086,2026-06-19,S0056185,C02071,Mumbai,Kids,Paid Search,free_shipping_nudge,2007,0,1
O003087,2026-06-19,S0056190,C03814,Pune,Beauty,Affiliate,free_shipping_nudge,261,15,1
O003088,2026-06-19,S0056203,C03973,Mumbai,Men Casual,Influencer,free_shipping_nudge,2466,30,2
O003089,2026-06-19,S0056214,C01359,Pune,Women Ethnic,Influencer,free_shipping_nudge,1378,25,2
O003090,2026-06-19,S0056229,C00192,Delhi NCR,Footwear,Influencer,control,2605,5,1
O003091,2026-06-19,S0056246,C00879,Hyderabad,Beauty,Affiliate,control,958,0,4
O003092,2026-06-19,S0056254,C00368,Mumbai,Men Casual,Organic,free_shipping_nudge,2264,15,3
O003093,2026-06-19,S0056291,C01292,Pune,Beauty,Push,control,1101,10,6
O003094,2026-06-19,S0056297,C01529,Mumbai,Men Casual,Paid Search,free_shipping_nudge,1045,0,2
O003095,2026-06-19,S0056301,C01873,Delhi NCR,Men Casual,Organic,control,1969,20,3
O003096,2026-06-19,S0056304,C02217,Jaipur,Men Casual,Paid Search,control,1840,0,2
O003097,2026-06-19,S0056315,C00389,Bengaluru,Kids,Affiliate,free_shipping_nudge,1128,30,4
O003098,2026-06-19,S0056321,C04849,Hyderabad,Beauty,Paid Search,control,1128,25,3
O003099,2026-06-19,S0056341,C04903,Lucknow,Beauty,Push,free_shipping_nudge,1052,20,3
O003100,2026-06-19,S0056355,C01372,Delhi NCR,Men Casual,Organic,control,1232,25,1
O003101,2026-06-19,S0056367,C04150,Indore,Beauty,Paid Search,free_shipping_nudge,873,5,6
O003102,2026-06-19,S0056381,C00861,Hyderabad,Men Casual,Organic,free_shipping_nudge,1449,0,6
O003103,2026-06-19,S0056418,C02649,Delhi NCR,Women Ethnic,Push,control,1465,10,6
O003104,2026-06-19,S0056419,C00655,Pune,Women Ethnic,Organic,free_shipping_nudge,2778,30,4
O003105,2026-06-19,S0056424,C03899,Lucknow,Women Ethnic,Organic,control,628,15,6
O003106,2026-06-19,S0056443,C03108,Delhi NCR,Beauty,Organic,free_shipping_nudge,1170,25,4
O003107,2026-06-19,S0056456,C03468,Indore,Women Ethnic,Push,free_shipping_nudge,2343,30,4
O003108,2026-06-19,S0056482,C04511,Bengaluru,Kids,Push,free_shipping_nudge,1135,10,1
O003109,2026-06-20,S0056492,C05169,Jaipur,Men Casual,Affiliate,free_shipping_nudge,2236,30,1
O003110,2026-06-20,S0056500,C02049,Delhi NCR,Footwear,Influencer,control,2719,10,2
O003111,2026-06-20,S0056511,C02098,Lucknow,Footwear,Paid Search,control,2613,0,6
O003112,2026-06-20,S0056548,C00405,Pune,Kids,Paid Search,control,1009,5,2
O003113,2026-06-20,S0056555,C04332,Bengaluru,Women Ethnic,Paid Search,control,1487,30,1
O003114,2026-06-20,S0056588,C04490,Delhi NCR,Men Casual,Organic,free_shipping_nudge,1357,5,4
O003115,2026-06-20,S0056606,C05026,Bengaluru,Men Casual,Organic,free_shipping_nudge,1675,15,1
O003116,2026-06-20,S0056616,C04568,Bengaluru,Beauty,Paid Search,free_shipping_nudge,1271,0,6
O003117,2026-06-20,S0056629,C02935,Delhi NCR,Women Ethnic,Organic,free_shipping_nudge,2718,10,3
O003118,2026-06-20,S0056652,C00960,Hyderabad,Footwear,Paid Search,free_shipping_nudge,3441,15,3
O003119,2026-06-20,S0056667,C01579,Indore,Footwear,Organic,control,1554,25,6
O003120,2026-06-20,S0056683,C00761,Delhi NCR,Beauty,Influencer,free_shipping_nudge,828,5,6
O003121,2026-06-20,S0056691,C01080,Hyderabad,Women Ethnic,Push,free_shipping_nudge,1133,15,4
O003122,2026-06-20,S0056702,C02082,Bengaluru,Men Casual,Push,free_shipping_nudge,1723,20,4
O003123,2026-06-20,S0056732,C02181,Mumbai,Footwear,Organic,free_shipping_nudge,2307,30,5
O003124,2026-06-20,S0056748,C02766,Mumbai,Footwear,Paid Search,control,2549,0,3
O003125,2026-06-20,S0056759,C03982,Indore,Beauty,Organic,free_shipping_nudge,833,30,2
O003126,2026-06-20,S0056766,C03239,Delhi NCR,Women Ethnic,Paid Search,free_shipping_nudge,1430,20,3
O003127,2026-06-20,S0056775,C00064,Delhi NCR,Kids,Organic,control,989,10,5
O003128,2026-06-20,S0056784,C01110,Hyderabad,Footwear,Influencer,control,3328,10,5
O003129,2026-06-20,S0056816,C04019,Indore,Footwear,Organic,free_shipping_nudge,2336,20,2
O003130,2026-06-20,S0056825,C02057,Delhi NCR,Kids,Paid Search,control,788,5,6
O003131,2026-06-21,S0056848,C01668,Hyderabad,Beauty,Push,control,817,25,3
O003132,2026-06-21,S0056859,C03932,Hyderabad,Footwear,Influencer,free_shipping_nudge,2637,30,5
O003133,2026-06-21,S0056881,C03602,Delhi NCR,Kids,Paid Search,control,1470,25,6
O003134,2026-06-21,S0056935,C01702,Hyderabad,Men Casual,Push,control,2207,5,4
O003135,2026-06-21,S0056948,C04204,Lucknow,Men Casual,Affiliate,free_shipping_nudge,1014,10,1
O003136,2026-06-21,S0056968,C01054,Mumbai,Women Ethnic,Influencer,free_shipping_nudge,1970,25,5
O003137,2026-06-21,S0057007,C01295,Bengaluru,Women Ethnic,Organic,free_shipping_nudge,1770,0,4
O003138,2026-06-21,S0057017,C01441,Delhi NCR,Women Ethnic,Paid Search,control,2173,10,1
O003139,2026-06-21,S0057028,C05155,Delhi NCR,Women Ethnic,Organic,control,1130,25,4
O003140,2026-06-21,S0057064,C03554,Bengaluru,Footwear,Paid Search,control,2457,10,5
O003141,2026-06-21,S0057084,C02329,Delhi NCR,Women Ethnic,Paid Search,control,1524,20,3
O003142,2026-06-21,S0057090,C01785,Delhi NCR,Women Ethnic,Push,free_shipping_nudge,1698,15,6
O003143,2026-06-21,S0057121,C01242,Jaipur,Beauty,Organic,control,1052,30,6
O003144,2026-06-21,S0057127,C00824,Bengaluru,Women Ethnic,Organic,free_shipping_nudge,1459,15,6
O003145,2026-06-21,S0057143,C03883,Delhi NCR,Beauty,Influencer,free_shipping_nudge,778,10,6
O003146,2026-06-22,S0057155,C02355,Indore,Women Ethnic,Paid Search,free_shipping_nudge,2526,15,3
O003147,2026-06-22,S0057186,C03882,Bengaluru,Women Ethnic,Paid Search,control,2736,0,5
O003148,2026-06-22,S0057191,C04539,Mumbai,Footwear,Paid Search,control,3262,20,2
O003149,2026-06-22,S0057206,C01898,Mumbai,Women Ethnic,Organic,free_shipping_nudge,2166,20,3
O003150,2026-06-22,S0057215,C04092,Hyderabad,Men Casual,Influencer,free_shipping_nudge,1476,10,3
O003151,2026-06-22,S0057221,C00053,Jaipur,Men Casual,Paid Search,free_shipping_nudge,2068,20,1
O003152,2026-06-22,S0057266,C05078,Delhi NCR,Beauty,Influencer,control,907,15,1
O003153,2026-06-22,S0057276,C04365,Hyderabad,Women Ethnic,Influencer,control,1944,25,4
O003154,2026-06-22,S0057278,C05127,Mumbai,Women Ethnic,Paid Search,free_shipping_nudge,1885,15,1
O003155,2026-06-22,S0057280,C05070,Lucknow,Women Ethnic,Affiliate,control,1332,15,2
O003156,2026-06-22,S0057281,C03651,Mumbai,Women Ethnic,Paid Search,control,1237,0,2
O003157,2026-06-22,S0057287,C04188,Delhi NCR,Men Casual,Organic,control,1769,25,5
O003158,2026-06-22,S0057317,C00051,Indore,Beauty,Influencer,free_shipping_nudge,698,15,5
O003159,2026-06-22,S0057326,C04887,Pune,Men Casual,Organic,control,1217,15,3
O003160,2026-06-22,S0057338,C00730,Mumbai,Men Casual,Push,control,816,30,6
O003161,2026-06-22,S0057368,C02098,Lucknow,Men Casual,Paid Search,free_shipping_nudge,1237,25,5
O003162,2026-06-22,S0057374,C02489,Bengaluru,Women Ethnic,Affiliate,free_shipping_nudge,1139,5,4
O003163,2026-06-22,S0057385,C00587,Delhi NCR,Kids,Organic,free_shipping_nudge,1185,25,3
O003164,2026-06-22,S0057397,C04209,Mumbai,Kids,Paid Search,free_shipping_nudge,1567,5,6
O003165,2026-06-22,S0057404,C02918,Delhi NCR,Women Ethnic,Push,free_shipping_nudge,1656,30,4
O003166,2026-06-23,S0057472,C01922,Mumbai,Men Casual,Organic,free_shipping_nudge,2450,15,2
O003167,2026-06-23,S0057477,C01648,Bengaluru,Women Ethnic,Paid Search,control,1837,0,2
O003168,2026-06-23,S0057485,C03112,Hyderabad,Women Ethnic,Organic,control,2704,25,6
O003169,2026-06-23,S0057488,C04444,Hyderabad,Beauty,Push,control,1237,30,2
O003170,2026-06-23,S0057492,C00530,Mumbai,Women Ethnic,Push,free_shipping_nudge,1787,10,3
O003171,2026-06-23,S0057560,C05113,Mumbai,Beauty,Paid Search,free_shipping_nudge,669,20,3
O003172,2026-06-23,S0057575,C01636,Mumbai,Footwear,Organic,free_shipping_nudge,3033,25,1
O003173,2026-06-23,S0057583,C02297,Delhi NCR,Beauty,Paid Search,free_shipping_nudge,1104,5,3
O003174,2026-06-23,S0057598,C03038,Delhi NCR,Women Ethnic,Influencer,control,1757,10,5
O003175,2026-06-23,S0057625,C04876,Bengaluru,Kids,Organic,control,892,10,1
O003176,2026-06-23,S0057644,C02866,Delhi NCR,Women Ethnic,Push,free_shipping_nudge,2098,20,1
O003177,2026-06-23,S0057650,C00425,Bengaluru,Women Ethnic,Push,free_shipping_nudge,2245,25,1
O003178,2026-06-23,S0057665,C03778,Mumbai,Beauty,Affiliate,free_shipping_nudge,1201,25,6
O003179,2026-06-23,S0057675,C01814,Hyderabad,Kids,Influencer,control,1657,30,3
O003180,2026-06-23,S0057688,C04565,Delhi NCR,Women Ethnic,Push,control,1434,5,4
O003181,2026-06-23,S0057705,C01592,Mumbai,Kids,Push,control,1010,15,4
O003182,2026-06-23,S0057727,C02012,Indore,Women Ethnic,Paid Search,free_shipping_nudge,1452,0,3
O003183,2026-06-24,S0057753,C02410,Indore,Kids,Push,free_shipping_nudge,906,5,4
O003184,2026-06-24,S0057756,C04845,Mumbai,Beauty,Influencer,free_shipping_nudge,510,10,4
O003185,2026-06-24,S0057770,C01899,Lucknow,Women Ethnic,Paid Search,control,3212,5,4
O003186,2026-06-24,S0057816,C01811,Pune,Women Ethnic,Influencer,control,1393,20,1
O003187,2026-06-24,S0057817,C00327,Hyderabad,Footwear,Push,control,2760,20,6
O003188,2026-06-24,S0057838,C02522,Delhi NCR,Kids,Push,free_shipping_nudge,1190,15,1
O003189,2026-06-24,S0057850,C05012,Hyderabad,Women Ethnic,Influencer,control,1284,25,5
O003190,2026-06-24,S0057899,C01454,Delhi NCR,Footwear,Organic,free_shipping_nudge,4040,25,3
O003191,2026-06-24,S0057903,C00366,Bengaluru,Women Ethnic,Influencer,control,1503,15,6
O003192,2026-06-24,S0057983,C00924,Indore,Men Casual,Paid Search,free_shipping_nudge,912,0,1
O003193,2026-06-24,S0057985,C02485,Pune,Beauty,Push,free_shipping_nudge,1323,5,6
O003194,2026-06-24,S0057986,C01805,Mumbai,Men Casual,Paid Search,control,1718,15,4
O003195,2026-06-24,S0057989,C02490,Jaipur,Footwear,Push,control,1956,0,2
O003196,2026-06-24,S0058013,C00995,Mumbai,Footwear,Affiliate,control,3327,10,6
O003197,2026-06-24,S0058024,C03595,Hyderabad,Women Ethnic,Paid Search,free_shipping_nudge,1809,25,1
O003198,2026-06-25,S0058031,C03280,Delhi NCR,Beauty,Paid Search,control,812,15,5
O003199,2026-06-25,S0058049,C04262,Mumbai,Beauty,Organic,control,971,0,2
O003200,2026-06-25,S0058050,C01403,Bengaluru,Footwear,Influencer,control,1463,30,2
O003201,2026-06-25,S0058058,C02641,Jaipur,Women Ethnic,Push,free_shipping_nudge,1350,30,4
O003202,2026-06-25,S0058083,C04434,Bengaluru,Men Casual,Push,free_shipping_nudge,2068,15,4
O003203,2026-06-25,S0058163,C02661,Delhi NCR,Men Casual,Affiliate,control,1611,15,2
O003204,2026-06-25,S0058183,C03457,Mumbai,Women Ethnic,Affiliate,control,2370,25,6
O003205,2026-06-25,S0058224,C00975,Hyderabad,Kids,Paid Search,control,917,25,5
O003206,2026-06-25,S0058245,C02569,Bengaluru,Men Casual,Affiliate,control,1127,25,6
O003207,2026-06-25,S0058246,C04936,Bengaluru,Kids,Paid Search,free_shipping_nudge,1165,5,6
O003208,2026-06-25,S0058259,C01928,Jaipur,Kids,Push,free_shipping_nudge,1205,25,5
O003209,2026-06-25,S0058267,C01256,Delhi NCR,Kids,Organic,free_shipping_nudge,1267,30,5
O003210,2026-06-26,S0058342,C03854,Indore,Beauty,Paid Search,free_shipping_nudge,775,5,3
O003211,2026-06-26,S0058354,C04409,Hyderabad,Women Ethnic,Affiliate,control,2175,20,1
O003212,2026-06-26,S0058373,C03535,Bengaluru,Men Casual,Paid Search,control,1340,0,6
O003213,2026-06-26,S0058381,C02339,Jaipur,Beauty,Organic,free_shipping_nudge,1368,25,3
O003214,2026-06-26,S0058432,C03759,Jaipur,Women Ethnic,Influencer,free_shipping_nudge,1438,15,5
O003215,2026-06-26,S0058461,C02825,Delhi NCR,Footwear,Organic,control,1577,10,2
O003216,2026-06-26,S0058493,C05040,Delhi NCR,Men Casual,Organic,control,1821,5,2
O003217,2026-06-26,S0058504,C01164,Pune,Footwear,Paid Search,control,2010,25,5
O003218,2026-06-26,S0058523,C05024,Hyderabad,Beauty,Influencer,control,962,0,6
O003219,2026-06-26,S0058550,C00187,Hyderabad,Beauty,Organic,free_shipping_nudge,661,5,1
O003220,2026-06-26,S0058566,C04853,Pune,Men Casual,Organic,free_shipping_nudge,1105,10,1
O003221,2026-06-26,S0058582,C03204,Hyderabad,Women Ethnic,Organic,control,834,20,3
O003222,2026-06-26,S0058612,C03919,Delhi NCR,Kids,Affiliate,free_shipping_nudge,1182,20,4
O003223,2026-06-26,S0058613,C02467,Mumbai,Men Casual,Paid Search,free_shipping_nudge,2089,20,2
O003224,2026-06-26,S0058626,C04199,Indore,Footwear,Organic,free_shipping_nudge,3680,0,2
O003225,2026-06-26,S0058690,C03333,Bengaluru,Men Casual,Organic,control,1800,0,5
O003226,2026-06-26,S0058696,C04258,Bengaluru,Women Ethnic,Paid Search,control,1430,30,1
O003227,2026-06-27,S0058729,C01262,Lucknow,Women Ethnic,Paid Search,control,1249,10,1
O003228,2026-06-27,S0058732,C01099,Delhi NCR,Women Ethnic,Paid Search,free_shipping_nudge,2322,10,6
O003229,2026-06-27,S0058781,C04324,Bengaluru,Women Ethnic,Organic,free_shipping_nudge,2150,0,6
O003230,2026-06-27,S0058824,C02619,Lucknow,Beauty,Push,control,1432,5,4
O003231,2026-06-27,S0058878,C00628,Mumbai,Beauty,Push,free_shipping_nudge,937,25,2
O003232,2026-06-27,S0058904,C02939,Mumbai,Women Ethnic,Organic,free_shipping_nudge,1799,20,6
O003233,2026-06-27,S0058920,C02448,Hyderabad,Footwear,Organic,control,2798,10,1
O003234,2026-06-27,S0058924,C00803,Lucknow,Women Ethnic,Affiliate,free_shipping_nudge,1749,25,5
O003235,2026-06-27,S0058926,C00173,Pune,Beauty,Affiliate,free_shipping_nudge,793,25,5
O003236,2026-06-27,S0058934,C03557,Mumbai,Beauty,Influencer,free_shipping_nudge,930,5,2
O003237,2026-06-27,S0058963,C03480,Pune,Women Ethnic,Paid Search,free_shipping_nudge,2031,20,1
O003238,2026-06-27,S0058973,C01191,Mumbai,Women Ethnic,Organic,control,1636,15,2
O003239,2026-06-27,S0058977,C03040,Hyderabad,Women Ethnic,Push,free_shipping_nudge,2512,25,4
O003240,2026-06-27,S0058996,C02250,Indore,Kids,Organic,control,1281,5,5
O003241,2026-06-28,S0059116,C04923,Mumbai,Men Casual,Organic,free_shipping_nudge,1942,30,2
O003242,2026-06-28,S0059121,C04512,Bengaluru,Men Casual,Push,control,1525,0,5
O003243,2026-06-28,S0059163,C03915,Jaipur,Women Ethnic,Paid Search,control,1420,10,2
O003244,2026-06-28,S0059165,C04385,Delhi NCR,Kids,Organic,control,1178,10,6
O003245,2026-06-28,S0059172,C03037,Lucknow,Beauty,Paid Search,free_shipping_nudge,1221,25,4
O003246,2026-06-28,S0059203,C02902,Indore,Footwear,Push,free_shipping_nudge,2357,30,6
O003247,2026-06-28,S0059204,C01817,Delhi NCR,Women Ethnic,Paid Search,control,1830,20,2
O003248,2026-06-28,S0059223,C04848,Mumbai,Women Ethnic,Affiliate,free_shipping_nudge,1006,5,1
O003249,2026-06-28,S0059226,C02369,Indore,Men Casual,Influencer,free_shipping_nudge,726,5,4
O003250,2026-06-28,S0059250,C01275,Bengaluru,Men Casual,Push,control,2155,5,4
O003251,2026-06-28,S0059283,C01649,Pune,Footwear,Organic,free_shipping_nudge,2171,20,6
O003252,2026-06-28,S0059284,C02986,Bengaluru,Kids,Paid Search,free_shipping_nudge,1227,0,5
O003253,2026-06-28,S0059304,C02808,Hyderabad,Beauty,Organic,free_shipping_nudge,726,10,2
O003254,2026-06-28,S0059314,C02056,Delhi NCR,Beauty,Organic,control,903,0,6
O003255,2026-06-28,S0059327,C04695,Mumbai,Kids,Organic,control,1114,10,3
O003256,2026-06-28,S0059341,C01419,Indore,Beauty,Organic,control,1331,5,1
O003257,2026-06-28,S0059368,C01933,Pune,Women Ethnic,Influencer,free_shipping_nudge,825,20,4
O003258,2026-06-28,S0059369,C05009,Delhi NCR,Footwear,Influencer,control,2863,20,6
O003259,2026-06-29,S0059373,C04515,Hyderabad,Kids,Paid Search,free_shipping_nudge,775,25,4
O003260,2026-06-29,S0059384,C01708,Bengaluru,Beauty,Paid Search,free_shipping_nudge,1064,30,5
O003261,2026-06-29,S0059436,C00936,Pune,Beauty,Paid Search,free_shipping_nudge,994,5,5
O003262,2026-06-29,S0059448,C05200,Pune,Footwear,Organic,free_shipping_nudge,2741,5,2
O003263,2026-06-29,S0059472,C04421,Mumbai,Men Casual,Organic,control,1862,0,5
O003264,2026-06-29,S0059508,C03590,Hyderabad,Women Ethnic,Organic,free_shipping_nudge,1200,10,5
O003265,2026-06-29,S0059531,C03537,Bengaluru,Men Casual,Organic,control,1512,5,2
O003266,2026-06-29,S0059538,C03881,Lucknow,Footwear,Organic,control,3266,30,1
O003267,2026-06-29,S0059543,C01727,Hyderabad,Kids,Affiliate,free_shipping_nudge,1012,0,4
O003268,2026-06-29,S0059567,C02051,Bengaluru,Beauty,Organic,free_shipping_nudge,1608,25,5
O003269,2026-06-29,S0059570,C03913,Hyderabad,Footwear,Paid Search,free_shipping_nudge,3005,0,2
O003270,2026-06-29,S0059590,C01260,Pune,Kids,Paid Search,free_shipping_nudge,1236,5,6
O003271,2026-06-29,S0059663,C01371,Delhi NCR,Footwear,Organic,control,2371,15,5
O003272,2026-06-29,S0059667,C02441,Pune,Beauty,Influencer,control,991,5,2
